#ifdef __has_include
    #if __has_include("lvgl.h")
        #ifndef LV_LVGL_H_INCLUDE_SIMPLE
            #define LV_LVGL_H_INCLUDE_SIMPLE
        #endif
    #endif
#endif

#if defined(LV_LVGL_H_INCLUDE_SIMPLE)
    #include "lvgl.h"
#else
    #include "liblvgl/lvgl.h"
#endif


#ifndef LV_ATTRIBUTE_MEM_ALIGN
#define LV_ATTRIBUTE_MEM_ALIGN
#endif

#ifndef LV_ATTRIBUTE_IMG_GOOF
#define LV_ATTRIBUTE_IMG_GOOF
#endif

const LV_ATTRIBUTE_MEM_ALIGN LV_ATTRIBUTE_LARGE_CONST LV_ATTRIBUTE_IMG_GOOF uint8_t goof_map[] = {
  0x9e, 0xb4, 0xe8, 0xff, 	/*Color of index 0*/
  0x99, 0xad, 0xe5, 0xff, 	/*Color of index 1*/
  0x8e, 0xa4, 0xdc, 0xff, 	/*Color of index 2*/
  0x85, 0x9d, 0xda, 0xff, 	/*Color of index 3*/
  0x7c, 0x9a, 0xe4, 0xff, 	/*Color of index 4*/
  0x86, 0x9c, 0xd2, 0xff, 	/*Color of index 5*/
  0x78, 0x93, 0xe2, 0xff, 	/*Color of index 6*/
  0x7e, 0x94, 0xd2, 0xff, 	/*Color of index 7*/
  0x75, 0x92, 0xda, 0xff, 	/*Color of index 8*/
  0x7e, 0x93, 0xca, 0xff, 	/*Color of index 9*/
  0x7f, 0x88, 0xe0, 0xff, 	/*Color of index 10*/
  0x6e, 0x8a, 0xdc, 0xff, 	/*Color of index 11*/
  0x6f, 0x8c, 0xd2, 0xff, 	/*Color of index 12*/
  0x77, 0x8c, 0xca, 0xff, 	/*Color of index 13*/
  0x76, 0x8a, 0xc0, 0xff, 	/*Color of index 14*/
  0x66, 0x84, 0xd6, 0xff, 	/*Color of index 15*/
  0x70, 0x7d, 0xe0, 0xff, 	/*Color of index 16*/
  0x67, 0x84, 0xca, 0xff, 	/*Color of index 17*/
  0x6b, 0x84, 0xc2, 0xff, 	/*Color of index 18*/
  0x6f, 0x82, 0xba, 0xff, 	/*Color of index 19*/
  0x64, 0x7b, 0xd3, 0xff, 	/*Color of index 20*/
  0x6e, 0x82, 0xb4, 0xff, 	/*Color of index 21*/
  0x5f, 0x7c, 0xc7, 0xff, 	/*Color of index 22*/
  0x6a, 0x74, 0xd8, 0xff, 	/*Color of index 23*/
  0x68, 0x7d, 0xb7, 0xff, 	/*Color of index 24*/
  0x60, 0x74, 0xc9, 0xff, 	/*Color of index 25*/
  0x58, 0x74, 0xbf, 0xff, 	/*Color of index 26*/
  0x6b, 0x6d, 0xd0, 0xff, 	/*Color of index 27*/
  0x5d, 0x74, 0xac, 0xff, 	/*Color of index 28*/
  0x55, 0x6d, 0xbb, 0xff, 	/*Color of index 29*/
  0x55, 0x6c, 0xa4, 0xff, 	/*Color of index 30*/
  0x4b, 0x62, 0xb4, 0xff, 	/*Color of index 31*/
  0x50, 0x64, 0xa5, 0xff, 	/*Color of index 32*/
  0x50, 0x64, 0x9b, 0xff, 	/*Color of index 33*/
  0x4e, 0x62, 0x92, 0xff, 	/*Color of index 34*/
  0x4a, 0x5d, 0xa4, 0xff, 	/*Color of index 35*/
  0x48, 0x5c, 0x95, 0xff, 	/*Color of index 36*/
  0x46, 0x5a, 0x89, 0xff, 	/*Color of index 37*/
  0x3d, 0x53, 0x97, 0xff, 	/*Color of index 38*/
  0x4b, 0x59, 0x7c, 0xff, 	/*Color of index 39*/
  0x42, 0x54, 0x86, 0xff, 	/*Color of index 40*/
  0x41, 0x4a, 0x97, 0xff, 	/*Color of index 41*/
  0x40, 0x50, 0x7a, 0xff, 	/*Color of index 42*/
  0x3c, 0x4c, 0x86, 0xff, 	/*Color of index 43*/
  0x3c, 0x4c, 0x7a, 0xff, 	/*Color of index 44*/
  0x3d, 0x41, 0x9c, 0xff, 	/*Color of index 45*/
  0x3a, 0x44, 0x85, 0xff, 	/*Color of index 46*/
  0x37, 0x44, 0x74, 0xff, 	/*Color of index 47*/
  0x37, 0x3b, 0x8f, 0xff, 	/*Color of index 48*/
  0x31, 0x3b, 0x7c, 0xff, 	/*Color of index 49*/
  0x28, 0x32, 0x98, 0xff, 	/*Color of index 50*/
  0x32, 0x3b, 0x6b, 0xff, 	/*Color of index 51*/
  0x2c, 0x33, 0x87, 0xff, 	/*Color of index 52*/
  0x2f, 0x3c, 0x5e, 0xff, 	/*Color of index 53*/
  0x2c, 0x33, 0x77, 0xff, 	/*Color of index 54*/
  0x26, 0x2d, 0x81, 0xff, 	/*Color of index 55*/
  0x1e, 0x28, 0x92, 0xff, 	/*Color of index 56*/
  0x2c, 0x33, 0x65, 0xff, 	/*Color of index 57*/
  0x27, 0x35, 0x5b, 0xff, 	/*Color of index 58*/
  0x29, 0x33, 0x4e, 0xff, 	/*Color of index 59*/
  0x1f, 0x28, 0x75, 0xff, 	/*Color of index 60*/
  0x26, 0x2b, 0x62, 0xff, 	/*Color of index 61*/
  0x20, 0x2b, 0x4c, 0xff, 	/*Color of index 62*/
  0x19, 0x23, 0x65, 0xff, 	/*Color of index 63*/
  0x13, 0x1b, 0x80, 0xff, 	/*Color of index 64*/
  0x25, 0x2c, 0x3e, 0xff, 	/*Color of index 65*/
  0x18, 0x22, 0x50, 0xff, 	/*Color of index 66*/
  0x19, 0x23, 0x40, 0xff, 	/*Color of index 67*/
  0x11, 0x19, 0x5d, 0xff, 	/*Color of index 68*/
  0x12, 0x1a, 0x49, 0xff, 	/*Color of index 69*/
  0x14, 0x1c, 0x35, 0xff, 	/*Color of index 70*/
  0x0d, 0x13, 0x4f, 0xff, 	/*Color of index 71*/
  0x11, 0x19, 0x2c, 0xff, 	/*Color of index 72*/
  0x0c, 0x14, 0x3e, 0xff, 	/*Color of index 73*/
  0x0e, 0x14, 0x23, 0xff, 	/*Color of index 74*/
  0x06, 0x0d, 0x25, 0xff, 	/*Color of index 75*/
  0x08, 0x0c, 0x1a, 0xff, 	/*Color of index 76*/
  0x01, 0x04, 0x16, 0xff, 	/*Color of index 77*/
  0xf2, 0xf4, 0xf5, 0xff, 	/*Color of index 78*/
  0xe1, 0xf3, 0xf8, 0xff, 	/*Color of index 79*/
  0xdb, 0xea, 0xf0, 0xff, 	/*Color of index 80*/
  0xc9, 0xe7, 0xfa, 0xff, 	/*Color of index 81*/
  0xc1, 0xe2, 0xf7, 0xff, 	/*Color of index 82*/
  0xdb, 0xe3, 0xe5, 0xff, 	/*Color of index 83*/
  0xba, 0xdb, 0xf6, 0xff, 	/*Color of index 84*/
  0xcc, 0xdb, 0xe2, 0xff, 	/*Color of index 85*/
  0xd8, 0xdb, 0xdc, 0xff, 	/*Color of index 86*/
  0xb6, 0xd3, 0xf4, 0xff, 	/*Color of index 87*/
  0xc4, 0xd3, 0xd9, 0xff, 	/*Color of index 88*/
  0xb0, 0xcc, 0xf4, 0xff, 	/*Color of index 89*/
  0xab, 0xca, 0xee, 0xff, 	/*Color of index 90*/
  0xc8, 0xcd, 0xcf, 0xff, 	/*Color of index 91*/
  0xaa, 0xc4, 0xf0, 0xff, 	/*Color of index 92*/
  0xbb, 0xca, 0xd6, 0xff, 	/*Color of index 93*/
  0xa0, 0xc1, 0xec, 0xff, 	/*Color of index 94*/
  0xc2, 0xc6, 0xc8, 0xff, 	/*Color of index 95*/
  0xa0, 0xbc, 0xf1, 0xff, 	/*Color of index 96*/
  0xa4, 0xbc, 0xea, 0xff, 	/*Color of index 97*/
  0xb4, 0xc3, 0xcc, 0xff, 	/*Color of index 98*/
  0x9a, 0xba, 0xe8, 0xff, 	/*Color of index 99*/
  0xbb, 0xc0, 0xc1, 0xff, 	/*Color of index 100*/
  0xb1, 0xbd, 0xc6, 0xff, 	/*Color of index 101*/
  0x90, 0xb2, 0xea, 0xff, 	/*Color of index 102*/
  0xb6, 0xbb, 0xbc, 0xff, 	/*Color of index 103*/
  0x96, 0xb2, 0xe4, 0xff, 	/*Color of index 104*/
  0xab, 0xb8, 0xc1, 0xff, 	/*Color of index 105*/
  0x96, 0xb1, 0xdd, 0xff, 	/*Color of index 106*/
  0x8a, 0xaa, 0xea, 0xff, 	/*Color of index 107*/
  0x90, 0xaa, 0xe2, 0xff, 	/*Color of index 108*/
  0xa6, 0xb3, 0xbc, 0xff, 	/*Color of index 109*/
  0x94, 0xab, 0xdb, 0xff, 	/*Color of index 110*/
  0x88, 0xa9, 0xde, 0xff, 	/*Color of index 111*/
  0xa8, 0xb0, 0xb2, 0xff, 	/*Color of index 112*/
  0x84, 0xa4, 0xe4, 0xff, 	/*Color of index 113*/
  0xa1, 0xad, 0xb6, 0xff, 	/*Color of index 114*/
  0x80, 0xa2, 0xda, 0xff, 	/*Color of index 115*/
  0x89, 0xa2, 0xd3, 0xff, 	/*Color of index 116*/
  0x9a, 0xa9, 0xb1, 0xff, 	/*Color of index 117*/
  0xa3, 0xa7, 0xa8, 0xff, 	/*Color of index 118*/
  0x99, 0xa4, 0xae, 0xff, 	/*Color of index 119*/
  0x78, 0x9a, 0xd6, 0xff, 	/*Color of index 120*/
  0x81, 0x9a, 0xcb, 0xff, 	/*Color of index 121*/
  0x92, 0xa2, 0xaa, 0xff, 	/*Color of index 122*/
  0x9b, 0xa0, 0xa2, 0xff, 	/*Color of index 123*/
  0x90, 0x9e, 0xa6, 0xff, 	/*Color of index 124*/
  0x71, 0x93, 0xce, 0xff, 	/*Color of index 125*/
  0x8a, 0x9a, 0xa2, 0xff, 	/*Color of index 126*/
  0x79, 0x90, 0xc2, 0xff, 	/*Color of index 127*/
  0x6b, 0x8a, 0xca, 0xff, 	/*Color of index 128*/
  0x88, 0x94, 0x9c, 0xff, 	/*Color of index 129*/
  0x6a, 0x8a, 0xc2, 0xff, 	/*Color of index 130*/
  0x84, 0x92, 0x9a, 0xff, 	/*Color of index 131*/
  0x80, 0x8f, 0x98, 0xff, 	/*Color of index 132*/
  0x74, 0x89, 0xb0, 0xff, 	/*Color of index 133*/
  0x80, 0x8c, 0x94, 0xff, 	/*Color of index 134*/
  0x87, 0x8c, 0x8d, 0xff, 	/*Color of index 135*/
  0x61, 0x82, 0xb9, 0xff, 	/*Color of index 136*/
  0x7c, 0x8a, 0x92, 0xff, 	/*Color of index 137*/
  0x68, 0x81, 0xa7, 0xff, 	/*Color of index 138*/
  0x78, 0x86, 0x90, 0xff, 	/*Color of index 139*/
  0x78, 0x84, 0x8c, 0xff, 	/*Color of index 140*/
  0x60, 0x7a, 0xb4, 0xff, 	/*Color of index 141*/
  0x7e, 0x84, 0x85, 0xff, 	/*Color of index 142*/
  0x63, 0x7a, 0xaa, 0xff, 	/*Color of index 143*/
  0x74, 0x80, 0x8a, 0xff, 	/*Color of index 144*/
  0x70, 0x7c, 0x84, 0xff, 	/*Color of index 145*/
  0x65, 0x76, 0x9a, 0xff, 	/*Color of index 146*/
  0x6c, 0x7a, 0x82, 0xff, 	/*Color of index 147*/
  0x5c, 0x72, 0xa2, 0xff, 	/*Color of index 148*/
  0x5c, 0x72, 0x92, 0xff, 	/*Color of index 149*/
  0x62, 0x75, 0x84, 0xff, 	/*Color of index 150*/
  0x6a, 0x74, 0x7c, 0xff, 	/*Color of index 151*/
  0x6e, 0x73, 0x74, 0xff, 	/*Color of index 152*/
  0x64, 0x72, 0x7a, 0xff, 	/*Color of index 153*/
  0x55, 0x6a, 0x9a, 0xff, 	/*Color of index 154*/
  0x57, 0x69, 0x89, 0xff, 	/*Color of index 155*/
  0x61, 0x6d, 0x74, 0xff, 	/*Color of index 156*/
  0x5a, 0x6a, 0x7d, 0xff, 	/*Color of index 157*/
  0x6a, 0x6c, 0x6e, 0xff, 	/*Color of index 158*/
  0x51, 0x62, 0x7e, 0xff, 	/*Color of index 159*/
  0x5a, 0x64, 0x6c, 0xff, 	/*Color of index 160*/
  0x52, 0x62, 0x72, 0xff, 	/*Color of index 161*/
  0x4c, 0x5a, 0x70, 0xff, 	/*Color of index 162*/
  0x52, 0x5c, 0x64, 0xff, 	/*Color of index 163*/
  0x43, 0x53, 0x68, 0xff, 	/*Color of index 164*/
  0x4a, 0x54, 0x5c, 0xff, 	/*Color of index 165*/
  0x39, 0x4a, 0x70, 0xff, 	/*Color of index 166*/
  0x3d, 0x4a, 0x5e, 0xff, 	/*Color of index 167*/
  0x44, 0x4c, 0x52, 0xff, 	/*Color of index 168*/
  0x32, 0x43, 0x67, 0xff, 	/*Color of index 169*/
  0x3e, 0x48, 0x4f, 0xff, 	/*Color of index 170*/
  0x36, 0x42, 0x58, 0xff, 	/*Color of index 171*/
  0x3c, 0x44, 0x4a, 0xff, 	/*Color of index 172*/
  0x35, 0x40, 0x47, 0xff, 	/*Color of index 173*/
  0x32, 0x3b, 0x4e, 0xff, 	/*Color of index 174*/
  0x36, 0x3c, 0x42, 0xff, 	/*Color of index 175*/
  0x32, 0x38, 0x3c, 0xff, 	/*Color of index 176*/
  0x33, 0x37, 0x38, 0xff, 	/*Color of index 177*/
  0x2c, 0x34, 0x42, 0xff, 	/*Color of index 178*/
  0x2c, 0x34, 0x3a, 0xff, 	/*Color of index 179*/
  0x24, 0x31, 0x37, 0xff, 	/*Color of index 180*/
  0x2c, 0x30, 0x32, 0xff, 	/*Color of index 181*/
  0x27, 0x2c, 0x30, 0xff, 	/*Color of index 182*/
  0x22, 0x28, 0x2c, 0xff, 	/*Color of index 183*/
  0x1d, 0x24, 0x34, 0xff, 	/*Color of index 184*/
  0x21, 0x25, 0x27, 0xff, 	/*Color of index 185*/
  0x1a, 0x20, 0x24, 0xff, 	/*Color of index 186*/
  0x18, 0x1d, 0x1e, 0xff, 	/*Color of index 187*/
  0x14, 0x18, 0x1a, 0xff, 	/*Color of index 188*/
  0x12, 0x14, 0x17, 0xff, 	/*Color of index 189*/
  0x0c, 0x10, 0x12, 0xff, 	/*Color of index 190*/
  0x08, 0x0c, 0x0e, 0xff, 	/*Color of index 191*/
  0x04, 0x08, 0x0c, 0xff, 	/*Color of index 192*/
  0x04, 0x06, 0x08, 0xff, 	/*Color of index 193*/
  0xf0, 0xfb, 0xfc, 0xff, 	/*Color of index 194*/
  0xe8, 0xeb, 0xea, 0xff, 	/*Color of index 195*/
  0xd1, 0xd4, 0xd4, 0xff, 	/*Color of index 196*/
  0x96, 0x9a, 0x99, 0xff, 	/*Color of index 197*/
  0x8f, 0x93, 0x93, 0xff, 	/*Color of index 198*/
  0x7a, 0x7e, 0x7e, 0xff, 	/*Color of index 199*/
  0x73, 0x7a, 0x79, 0xff, 	/*Color of index 200*/
  0x62, 0x69, 0x69, 0xff, 	/*Color of index 201*/
  0x5c, 0x62, 0x62, 0xff, 	/*Color of index 202*/
  0x54, 0x5a, 0x5a, 0xff, 	/*Color of index 203*/
  0x50, 0x54, 0x54, 0xff, 	/*Color of index 204*/
  0x4c, 0x50, 0x50, 0xff, 	/*Color of index 205*/
  0x44, 0x48, 0x48, 0xff, 	/*Color of index 206*/
  0x3c, 0x41, 0x40, 0xff, 	/*Color of index 207*/
  0x3a, 0x3c, 0x3c, 0xff, 	/*Color of index 208*/
  0x30, 0x34, 0x34, 0xff, 	/*Color of index 209*/
  0x2a, 0x2c, 0x2c, 0xff, 	/*Color of index 210*/
  0x48, 0x4c, 0x4a, 0xff, 	/*Color of index 211*/
  0x40, 0x44, 0x42, 0xff, 	/*Color of index 212*/
  0x00, 0x00, 0x00, 0x00, 	/*Color of index 213*/
  0x00, 0x00, 0x00, 0x00, 	/*Color of index 214*/
  0x00, 0x00, 0x00, 0x00, 	/*Color of index 215*/
  0x00, 0x00, 0x00, 0x00, 	/*Color of index 216*/
  0x00, 0x00, 0x00, 0x00, 	/*Color of index 217*/
  0x00, 0x00, 0x00, 0x00, 	/*Color of index 218*/
  0x00, 0x00, 0x00, 0x00, 	/*Color of index 219*/
  0x00, 0x00, 0x00, 0x00, 	/*Color of index 220*/
  0x00, 0x00, 0x00, 0x00, 	/*Color of index 221*/
  0x00, 0x00, 0x00, 0x00, 	/*Color of index 222*/
  0x00, 0x00, 0x00, 0x00, 	/*Color of index 223*/
  0x00, 0x00, 0x00, 0x00, 	/*Color of index 224*/
  0x00, 0x00, 0x00, 0x00, 	/*Color of index 225*/
  0x00, 0x00, 0x00, 0x00, 	/*Color of index 226*/
  0x00, 0x00, 0x00, 0x00, 	/*Color of index 227*/
  0x00, 0x00, 0x00, 0x00, 	/*Color of index 228*/
  0x00, 0x00, 0x00, 0x00, 	/*Color of index 229*/
  0x00, 0x00, 0x00, 0x00, 	/*Color of index 230*/
  0x00, 0x00, 0x00, 0x00, 	/*Color of index 231*/
  0x00, 0x00, 0x00, 0x00, 	/*Color of index 232*/
  0x00, 0x00, 0x00, 0x00, 	/*Color of index 233*/
  0x00, 0x00, 0x00, 0x00, 	/*Color of index 234*/
  0x00, 0x00, 0x00, 0x00, 	/*Color of index 235*/
  0x00, 0x00, 0x00, 0x00, 	/*Color of index 236*/
  0x00, 0x00, 0x00, 0x00, 	/*Color of index 237*/
  0x00, 0x00, 0x00, 0x00, 	/*Color of index 238*/
  0x00, 0x00, 0x00, 0x00, 	/*Color of index 239*/
  0x00, 0x00, 0x00, 0x00, 	/*Color of index 240*/
  0x00, 0x00, 0x00, 0x00, 	/*Color of index 241*/
  0x00, 0x00, 0x00, 0x00, 	/*Color of index 242*/
  0x00, 0x00, 0x00, 0x00, 	/*Color of index 243*/
  0x00, 0x00, 0x00, 0x00, 	/*Color of index 244*/
  0x00, 0x00, 0x00, 0x00, 	/*Color of index 245*/
  0x00, 0x00, 0x00, 0x00, 	/*Color of index 246*/
  0x00, 0x00, 0x00, 0x00, 	/*Color of index 247*/
  0x00, 0x00, 0x00, 0x00, 	/*Color of index 248*/
  0x00, 0x00, 0x00, 0x00, 	/*Color of index 249*/
  0x00, 0x00, 0x00, 0x00, 	/*Color of index 250*/
  0x00, 0x00, 0x00, 0x00, 	/*Color of index 251*/
  0x00, 0x00, 0x00, 0x00, 	/*Color of index 252*/
  0x00, 0x00, 0x00, 0x00, 	/*Color of index 253*/
  0x00, 0x00, 0x00, 0x00, 	/*Color of index 254*/
  0x00, 0x00, 0x00, 0x00, 	/*Color of index 255*/

  0x9c, 0x9c, 0xa0, 0xa0, 0xa3, 0xa8, 0xac, 0xa8, 0xa5, 0xa5, 0xa5, 0xa5, 0xa5, 0xa5, 0xa5, 0xa5, 0xa5, 0xa3, 0xa3, 0xa3, 0xa3, 0xa0, 0xa0, 0xa0, 0xa0, 0xa0, 0xa0, 0xa3, 0xa0, 0xa0, 0xa0, 0xa0, 0xa0, 0xa0, 0xa0, 0xa0, 0x9c, 0xa0, 0xa3, 0xa0, 0xa3, 0xa3, 0xa0, 0xa0, 0xa0, 0xa0, 0xa0, 0xa0, 0x9c, 0x9c, 0xa0, 0x9c, 0xa0, 0xa0, 0x9c, 0x9c, 0x9c, 0x9c, 0xa0, 0xa0, 0xa0, 0xa0, 0xa0, 0xa0, 0xa0, 0xa0, 0xa0, 0xa0, 0xa0, 0xa0, 0xa0, 0xa0, 0xa0, 0xa0, 0xa0, 0xa0, 0xa0, 0xa0, 0x9c, 0xa0, 0xa0, 0xa0, 0xa0, 0xa3, 0xa3, 0xa0, 0xa0, 0xa0, 0xa0, 0xa0, 0xa0, 0xa0, 0xa0, 0xa0, 0xa0, 0xa0, 0xa3, 0xa0, 0xa0, 0xa0, 0xa0, 0xa0, 0xa0, 0xa0, 0xa0, 0xa0, 0x9c, 0xa0, 0xa0, 0xa3, 0xa3, 0xa5, 0xa3, 0xa3, 0xa0, 0xa3, 0xa3, 0x9c, 0x9c, 0xa0, 0xa0, 0x9c, 0x9c, 0x9c, 0x9c, 0x99, 0x99, 0x9c, 0x99, 0x99, 0x9c, 0x99, 0x97, 0x97, 0x99, 0x99, 0x9c, 0x99, 0x99, 0x97, 0x97, 0x97, 0x97, 0x97, 0x93, 0x97, 0x93, 0x99, 0x99, 0x99, 0x97, 0x93, 0x91, 0x93, 0x93, 0x93, 0x97, 0x97, 0x93, 0x97, 0x97, 0x97, 0x97, 0x97, 0x97, 0x97, 0x97, 0x97, 0x93, 0x93, 0x97, 0x93, 0x97, 0x93, 0x93, 0x93, 0x93, 0x93, 0x93, 0x91, 0x90, 0x90, 0x93, 0x93, 0x93, 0x97, 0x97, 0x97, 0x93, 0x91, 0x91, 0x91, 0x90, 0x90, 0x90, 0x90, 0x93, 0x93, 0x91, 0x90, 0x93, 0x93, 0x93, 0x93, 0x93, 0x93, 0x93, 0x93, 0x93, 0x93, 0x93, 0x91, 0x93, 0x93, 0x90, 0x91, 0x93, 0x97, 0x97, 0x97, 0x99, 0x99, 0x9c, 0x9c, 0x99, 0x99, 0x97, 0x97, 0x99, 0x99, 0x99, 0x99, 0x99, 0x99, 0x9c, 0x9c, 0x9c, 0x9c, 0x9c, 0x9c, 0xa0, 0xa0, 0xa0, 0xa3, 0xd0, 0xba, 0xbc, 0xb7, 0xcb, 0x97, 0xa0, 0xb5, 0xba, 0xcb, 0xa0, 0xa5, 0x90, 0xa0, 0x7c, 0x8c, 0x86, 0x6d, 0x6d, 0xc6, 0xa3, 0xa3, 0x9c, 0x93, 0x8c, 0x91, 0x93, 0x8c, 0xd4, 0xb7, 0xac, 0xa3, 0xb0, 0xa3, 0x99, 0x9c, 0xa0, 0xa0, 0x9c, 0x9c, 0x9c, 0x9c, 0x9c, 0x9c, 0x9c, 0x9c, 0x9c, 0xa0, 0x9c, 0x9c, 0x99, 0x99, 0x9c, 0x99, 0x9c, 0x9c, 0x9c, 0x9c, 0x9c, 0x9c, 0x9c, 0x99, 0x99, 0x99, 0x9c, 0x9c, 0x9c, 0x9c, 0x9c, 0x9c, 0x9c, 0x9c, 0xa5, 0xcd, 0xcd, 0xa8, 0xa8, 0xa5, 0xa5, 0xa5, 0xa5, 0xa5, 0xa5, 0xa5, 0xa5, 0xa5, 0xa5, 0xa0, 0x9c, 0x9c, 0x9c, 0x9c, 0x99, 0x9c, 0x99, 0x97, 0x97, 0x99, 0x99, 0x9c, 0xa0, 0xa5, 0xa5, 0xa8, 0xac, 0xa8, 0xd3, 0xa5, 0xa3, 0xa0, 0x9c, 0x9c, 0x9c, 0x97, 0x9c, 0x99, 0x9c, 0x9c, 0x9c, 0x97, 0x99, 0x9c, 0x97, 0x93, 0x91, 0x97, 
  0xa0, 0xa0, 0x9c, 0xa0, 0xa3, 0xd3, 0xd3, 0xa5, 0xa5, 0xa5, 0xa5, 0xa5, 0xa5, 0xa5, 0xa5, 0xa5, 0xa3, 0xa3, 0xa3, 0xa3, 0xa3, 0xa0, 0xa0, 0xa0, 0xa3, 0xa0, 0xa0, 0xa0, 0xa0, 0xa0, 0xa0, 0xa0, 0xa0, 0xa0, 0xa0, 0xa0, 0xa0, 0xa0, 0xa0, 0xa3, 0xa3, 0xa3, 0xa3, 0xa3, 0xa0, 0xa0, 0xa0, 0xa0, 0xa0, 0xa0, 0xa0, 0x9c, 0xa0, 0x9c, 0xa0, 0xa0, 0x9c, 0xa0, 0xa0, 0xa0, 0xa0, 0xa0, 0xa0, 0xa0, 0xa0, 0xa0, 0xa0, 0xa0, 0xa0, 0xa0, 0xa0, 0xa0, 0xa0, 0xa0, 0xa0, 0xa0, 0xa0, 0xa0, 0xa0, 0xa0, 0xa0, 0xa0, 0xa0, 0xa3, 0xa3, 0xa0, 0xa0, 0xa0, 0xa0, 0xa0, 0xa0, 0xa0, 0xa3, 0xa0, 0xa0, 0xa0, 0xa0, 0xa0, 0xa0, 0xa0, 0xa0, 0xa0, 0xa0, 0xa0, 0xa0, 0x9c, 0xa0, 0xa0, 0xa0, 0xa3, 0xa3, 0xa3, 0xa3, 0xa3, 0xa3, 0xa3, 0xa0, 0x9c, 0x9c, 0x9c, 0x9c, 0x9c, 0x9c, 0x9c, 0x9c, 0x99, 0x99, 0x99, 0x99, 0x97, 0x99, 0x99, 0x99, 0x99, 0x9c, 0x9c, 0x99, 0x9c, 0x99, 0x97, 0x97, 0x97, 0x97, 0x97, 0x97, 0x97, 0x97, 0x97, 0x97, 0x97, 0x97, 0x97, 0x97, 0x93, 0x93, 0x93, 0x93, 0x93, 0x97, 0x97, 0x97, 0x97, 0x97, 0x93, 0x93, 0x97, 0x97, 0x97, 0x97, 0x93, 0x93, 0x93, 0x97, 0x93, 0x93, 0x93, 0x93, 0x93, 0x93, 0x91, 0x90, 0x91, 0x93, 0x93, 0x93, 0x97, 0x97, 0x97, 0x93, 0x90, 0x91, 0x91, 0x90, 0x90, 0x90, 0x90, 0x91, 0x91, 0x91, 0x90, 0x91, 0x93, 0x93, 0x93, 0x93, 0x93, 0x93, 0x93, 0x93, 0x93, 0x8c, 0x86, 0x90, 0x93, 0x93, 0x93, 0x91, 0x93, 0x93, 0x93, 0x99, 0x99, 0x99, 0x9c, 0x97, 0x99, 0x97, 0x93, 0x97, 0x99, 0x99, 0x99, 0x9c, 0x9c, 0x9c, 0x9c, 0x9c, 0x9c, 0x9c, 0x9c, 0xa0, 0x9c, 0xa0, 0xa3, 0xb5, 0xbc, 0xbe, 0xb5, 0xc9, 0x91, 0x93, 0xca, 0xb5, 0xd4, 0x93, 0x99, 0xa5, 0xcb, 0x7e, 0x7c, 0x72, 0x5d, 0x70, 0x87, 0xc9, 0xa8, 0xa8, 0x91, 0x90, 0xa3, 0xa5, 0xa5, 0xaa, 0xa5, 0x99, 0xa3, 0xcd, 0xa0, 0x99, 0x9c, 0x9c, 0xa3, 0xa0, 0x9c, 0x9c, 0x9c, 0x9c, 0x9c, 0x9c, 0x9c, 0x9c, 0x9c, 0x9c, 0x9c, 0x99, 0x99, 0x9c, 0x9c, 0x9c, 0x9c, 0x99, 0x9c, 0x99, 0x99, 0x9c, 0x9c, 0x97, 0x97, 0x99, 0x9c, 0x9c, 0x9c, 0x9c, 0x9c, 0xa0, 0xa3, 0xa3, 0xa3, 0xcb, 0xa3, 0xa3, 0xa3, 0xa3, 0xa3, 0xa3, 0xa3, 0xa3, 0xa3, 0xa3, 0xa3, 0xa3, 0xa0, 0x9c, 0x99, 0x9c, 0x99, 0x99, 0x97, 0x97, 0x97, 0x97, 0x99, 0x99, 0x9c, 0xa0, 0xa3, 0xa5, 0xa8, 0xaa, 0xd4, 0xd4, 0xa5, 0xa3, 0xa3, 0xa0, 0x9c, 0x9c, 0x99, 0x99, 0x9c, 0x9c, 0x99, 0x99, 0x99, 0x99, 0x97, 0x93, 0x99, 0x97, 0x99, 
  0x9c, 0x9c, 0x9c, 0xa0, 0xa5, 0xcd, 0xa8, 0xa5, 0xa5, 0xa5, 0xa5, 0xa5, 0xa5, 0xa3, 0xa5, 0xa3, 0xa3, 0xa0, 0xa0, 0xa0, 0xa0, 0xa0, 0xa0, 0xa0, 0xa0, 0xa3, 0xa0, 0xa3, 0xa0, 0xa0, 0xa0, 0xa0, 0xa0, 0xa0, 0xa0, 0xa0, 0xa0, 0xa0, 0xa0, 0xa3, 0xa3, 0xa3, 0xa0, 0xa0, 0xa0, 0xa0, 0xa0, 0xa0, 0xa0, 0xa0, 0xa0, 0xa0, 0xa0, 0x9c, 0xa0, 0xa0, 0xa0, 0xa0, 0xa0, 0xa0, 0xa0, 0xa0, 0xa0, 0xa0, 0xa0, 0xa0, 0xa0, 0xa0, 0xa0, 0xa0, 0xa0, 0xa0, 0xa0, 0xa0, 0xa0, 0xa0, 0xa0, 0xa0, 0xa0, 0xa0, 0xa0, 0xa0, 0xa0, 0xa0, 0xa0, 0xa0, 0xa0, 0xa0, 0xa0, 0xa0, 0xa0, 0xa0, 0xa0, 0xa0, 0xa0, 0xa3, 0xa0, 0xa0, 0xa0, 0xa0, 0xa0, 0xa0, 0xa0, 0xa0, 0x9c, 0xa0, 0xa0, 0xa0, 0xa0, 0xa3, 0xa3, 0xa3, 0xa3, 0xa3, 0xa0, 0xa0, 0x9c, 0x9c, 0x9c, 0x9c, 0x99, 0x99, 0x9c, 0x9c, 0x9c, 0x9c, 0x99, 0x9c, 0x9c, 0x99, 0x99, 0x99, 0x99, 0x9c, 0x9c, 0x99, 0x97, 0x99, 0x99, 0x97, 0x97, 0x97, 0x99, 0x97, 0x97, 0x97, 0x99, 0x97, 0x97, 0x97, 0x99, 0x97, 0x97, 0x93, 0x93, 0x93, 0x93, 0x91, 0x93, 0x93, 0x97, 0x93, 0x93, 0x93, 0x97, 0x97, 0x97, 0x97, 0x97, 0x97, 0x97, 0x93, 0x93, 0x93, 0x93, 0x93, 0x97, 0x93, 0x93, 0x91, 0x90, 0x93, 0x93, 0x93, 0x93, 0x93, 0x93, 0x93, 0x91, 0x91, 0x91, 0x91, 0x91, 0x90, 0x91, 0x90, 0x90, 0x90, 0x91, 0x91, 0x91, 0x93, 0x93, 0x93, 0x97, 0x91, 0x93, 0x91, 0x91, 0x90, 0x8c, 0x89, 0x91, 0x93, 0x93, 0x93, 0x93, 0x97, 0x97, 0x93, 0x97, 0x99, 0x99, 0x99, 0x97, 0x97, 0x97, 0x97, 0x97, 0x99, 0x9c, 0x9c, 0x9c, 0x9c, 0x9c, 0x9c, 0x9c, 0x9c, 0x9c, 0x9c, 0xa0, 0x9c, 0xa0, 0xa3, 0xb5, 0xbc, 0xbf, 0xba, 0xa3, 0x93, 0x93, 0x91, 0xc9, 0xa0, 0xc9, 0x91, 0xa8, 0x98, 0xa3, 0x7c, 0x5d, 0x65, 0x90, 0xa0, 0xcb, 0xcd, 0x9c, 0x8c, 0x9c, 0xa5, 0xa8, 0xa0, 0xcb, 0xac, 0xcc, 0xcd, 0xd3, 0xa0, 0x9c, 0x9c, 0x9c, 0xa0, 0xa3, 0xa0, 0xa0, 0xa0, 0xa0, 0xa0, 0x9c, 0xa0, 0x9c, 0x9c, 0x9c, 0x99, 0x97, 0x97, 0x9c, 0x9c, 0x9c, 0x99, 0x99, 0x99, 0x99, 0x9c, 0x99, 0x9c, 0x99, 0x99, 0x99, 0x9c, 0x9c, 0x9c, 0x9c, 0xa0, 0xa0, 0xa0, 0x9c, 0x9c, 0x9c, 0x9c, 0x9c, 0x9c, 0x99, 0x9c, 0x9c, 0x9c, 0x9c, 0x9c, 0x9c, 0x9c, 0x9c, 0x9c, 0x9c, 0x97, 0x97, 0x97, 0x97, 0x93, 0x93, 0x97, 0x97, 0x93, 0x99, 0x9c, 0x9c, 0xa0, 0xa3, 0xa5, 0xa5, 0xa8, 0xa8, 0xa3, 0xa0, 0xa0, 0xa3, 0x9c, 0x9c, 0x99, 0x99, 0x9c, 0x99, 0x99, 0x97, 0x97, 0x99, 0x97, 0x97, 0x99, 0x9c, 0x9c, 
  0xa0, 0x9c, 0xa0, 0xa3, 0xa5, 0xa8, 0xa8, 0xa5, 0xa5, 0xa5, 0xa5, 0xa3, 0xa3, 0xa3, 0xa3, 0xa3, 0xa0, 0x9c, 0xa0, 0xa0, 0x9c, 0x9c, 0xa0, 0xa0, 0xa0, 0xa0, 0xa0, 0xa3, 0xa0, 0xa0, 0xa0, 0xa0, 0xa0, 0xa0, 0xa0, 0xa0, 0xa0, 0xa3, 0xa0, 0xa3, 0xa3, 0xa0, 0xa0, 0xa3, 0xa0, 0xa0, 0xa0, 0xa0, 0xa0, 0xa0, 0xa3, 0xa0, 0xa0, 0xa0, 0xa0, 0xa0, 0xa0, 0x9c, 0xa0, 0xa0, 0xa0, 0xa0, 0xa0, 0xa0, 0xa0, 0xa0, 0xa0, 0xa0, 0xa0, 0xa0, 0xa3, 0xa3, 0xa0, 0xa0, 0xa0, 0xa0, 0xa0, 0xa0, 0xa0, 0xa0, 0xa0, 0xa0, 0xa0, 0xa0, 0xa0, 0xa0, 0xa0, 0xa0, 0xa0, 0xa0, 0xa0, 0xa0, 0xa0, 0xa0, 0xa3, 0xa0, 0xa0, 0xa0, 0xa0, 0xa0, 0xa0, 0xa0, 0xa0, 0xa0, 0x9c, 0x9c, 0x9c, 0xa0, 0xa0, 0xa0, 0xa3, 0xa3, 0xa3, 0xa3, 0xa0, 0xa0, 0x9c, 0x9c, 0x9c, 0x9c, 0x9c, 0x9c, 0x9c, 0x9c, 0x9c, 0x9c, 0x9c, 0x9c, 0x99, 0x9c, 0x9c, 0x99, 0x99, 0x99, 0x99, 0x97, 0x99, 0x99, 0x99, 0x9c, 0x9c, 0x99, 0x99, 0x99, 0x99, 0x99, 0x9c, 0x93, 0x97, 0x97, 0x97, 0x97, 0x97, 0x93, 0x93, 0x93, 0x93, 0x93, 0x93, 0x93, 0x97, 0x97, 0x97, 0x97, 0x99, 0x97, 0x97, 0x97, 0x97, 0x97, 0x97, 0x93, 0x93, 0x93, 0x93, 0x93, 0x97, 0x93, 0x93, 0x91, 0x91, 0x93, 0x90, 0x93, 0x93, 0x93, 0x93, 0x93, 0x91, 0x93, 0x91, 0x91, 0x91, 0x91, 0x91, 0x91, 0x91, 0x90, 0x91, 0x93, 0x91, 0x90, 0x90, 0x91, 0x93, 0x90, 0x93, 0x91, 0x91, 0x91, 0x93, 0x93, 0x93, 0x93, 0x93, 0x93, 0x93, 0x97, 0x97, 0x93, 0x97, 0x99, 0x99, 0x99, 0x99, 0x97, 0x97, 0x99, 0x99, 0x99, 0x99, 0x9c, 0x9c, 0x9c, 0x9c, 0x9c, 0x9c, 0xa0, 0xa0, 0x9c, 0x9c, 0xa0, 0xa0, 0xa3, 0xd4, 0xbb, 0xbe, 0xbc, 0xb3, 0x9c, 0x97, 0x9c, 0x91, 0x7a, 0xa0, 0xcd, 0xd3, 0xc5, 0x70, 0x65, 0x62, 0x81, 0x84, 0xc9, 0xac, 0xa3, 0x90, 0x93, 0xcd, 0xb5, 0xd1, 0x9e, 0x93, 0xa3, 0xcb, 0xcd, 0xa5, 0x99, 0x9c, 0x9c, 0x99, 0x99, 0xca, 0xa0, 0xa0, 0x9c, 0x9c, 0x9c, 0x9c, 0x9c, 0x9c, 0x9c, 0x9c, 0x9c, 0x99, 0x99, 0x99, 0x9c, 0x9c, 0x99, 0x9c, 0x9c, 0x99, 0x99, 0x9c, 0x99, 0x9c, 0x9c, 0x9c, 0x9c, 0x9c, 0x9c, 0x9c, 0xa0, 0xa0, 0x9c, 0x9c, 0x99, 0x99, 0x9c, 0x99, 0x97, 0x97, 0x99, 0x9c, 0x9c, 0x9c, 0x9c, 0x9c, 0x99, 0x99, 0x97, 0x99, 0x97, 0x97, 0x97, 0x93, 0x97, 0x97, 0x97, 0x97, 0x97, 0x99, 0x9c, 0x9c, 0x9c, 0xa0, 0xa3, 0xa5, 0xa3, 0xa3, 0xa0, 0xa0, 0xa3, 0xa0, 0x9c, 0x9c, 0x99, 0x97, 0x99, 0x97, 0x97, 0x97, 0x97, 0x99, 0x99, 0x99, 0x9c, 0x9c, 0x9c, 
  0xa0, 0xa0, 0xa0, 0xa3, 0xa5, 0xd3, 0xd3, 0xa5, 0xa5, 0xa5, 0xa3, 0xa3, 0xa3, 0xa0, 0xa0, 0xa0, 0xa0, 0xa0, 0xa0, 0xa0, 0xa0, 0xa0, 0xa0, 0xa0, 0xa0, 0xa0, 0xa0, 0xa3, 0xa0, 0xa0, 0xa0, 0xa0, 0xa0, 0xa0, 0xa0, 0xa0, 0xa3, 0xa3, 0xa3, 0xa3, 0xa0, 0xa0, 0xa0, 0xa3, 0xa0, 0xa0, 0xa0, 0xa0, 0xa0, 0xa0, 0xa3, 0xa0, 0xa0, 0xa0, 0xa3, 0xa0, 0xa0, 0xa0, 0xa0, 0xa0, 0xa0, 0xa0, 0xa0, 0xa0, 0xa0, 0xa0, 0xa0, 0xa0, 0xa0, 0xa3, 0xa0, 0xa0, 0xa0, 0xa0, 0xa0, 0xa0, 0xa0, 0xa0, 0xa0, 0xa3, 0xa0, 0xa0, 0xa0, 0xa0, 0xa0, 0xa0, 0xa0, 0xa0, 0xa0, 0xa0, 0xa0, 0xa0, 0xa0, 0xa3, 0xa0, 0xa0, 0xa0, 0xa0, 0xa0, 0xa0, 0xa0, 0xa0, 0xa0, 0xa0, 0x9c, 0x9c, 0x9c, 0xa0, 0xa0, 0xa0, 0xa0, 0xa0, 0xa0, 0xa0, 0xa0, 0x9c, 0xa0, 0xa0, 0xa0, 0xa0, 0xa0, 0x9c, 0x9c, 0x9c, 0x9c, 0x9c, 0x9c, 0x9c, 0x9c, 0x9c, 0x9c, 0x9c, 0x9c, 0x99, 0x99, 0x99, 0x9c, 0x9c, 0x9c, 0x9c, 0x9c, 0x99, 0x99, 0x99, 0x99, 0x99, 0x99, 0x97, 0x97, 0x97, 0x97, 0x97, 0x97, 0x97, 0x93, 0x93, 0x93, 0x93, 0x93, 0x93, 0x97, 0x97, 0x97, 0x97, 0x97, 0x97, 0x99, 0x97, 0x97, 0x97, 0x93, 0x93, 0x97, 0x93, 0x91, 0x93, 0x93, 0x97, 0x93, 0x93, 0x93, 0x93, 0x90, 0x93, 0x91, 0x91, 0x93, 0x91, 0x91, 0x91, 0x91, 0x93, 0x93, 0x93, 0x93, 0x91, 0x91, 0x90, 0x90, 0x91, 0x91, 0x90, 0x91, 0x91, 0x93, 0x91, 0x93, 0x93, 0x93, 0x93, 0x93, 0x93, 0x93, 0x93, 0x93, 0x93, 0x93, 0x93, 0x97, 0x99, 0x97, 0x97, 0x97, 0x97, 0x99, 0x99, 0x99, 0x99, 0x9c, 0x99, 0x99, 0x9c, 0x9c, 0x9c, 0x9c, 0x9c, 0xa0, 0xa0, 0xa0, 0x9c, 0xa0, 0x9c, 0x9c, 0xa0, 0xa5, 0xb9, 0xbc, 0xbc, 0xb8, 0xa8, 0xa5, 0xa5, 0x8c, 0x72, 0xc6, 0xcd, 0xd3, 0x91, 0x5f, 0x5b, 0x70, 0x91, 0xc9, 0xd3, 0xcd, 0x97, 0x8c, 0xa0, 0xcd, 0xd4, 0xb3, 0xd3, 0xa3, 0xca, 0xcb, 0xd3, 0xa3, 0x9c, 0x9c, 0x9c, 0x99, 0x93, 0xa0, 0xa3, 0xa0, 0x9c, 0x9c, 0x9c, 0x9c, 0x9c, 0x9c, 0x9c, 0x9c, 0x9c, 0x9c, 0x9c, 0x99, 0x9c, 0x9c, 0xa0, 0xa0, 0x9c, 0x9c, 0x99, 0x99, 0x99, 0x9c, 0x9c, 0x9c, 0x9c, 0x9c, 0x9c, 0x9c, 0xa0, 0xa0, 0x9c, 0x9c, 0x97, 0x97, 0x97, 0x97, 0x97, 0x93, 0x99, 0x99, 0x99, 0x9c, 0x9c, 0x9c, 0x9c, 0x97, 0x99, 0x97, 0x97, 0x97, 0x97, 0x93, 0x97, 0x99, 0x99, 0x99, 0x9c, 0x9c, 0x9c, 0x9c, 0x9c, 0x9c, 0xa0, 0xa0, 0x9c, 0xa0, 0xa0, 0xa0, 0xa0, 0x9c, 0x9c, 0x9c, 0x9c, 0x99, 0x99, 0x97, 0x93, 0x97, 0x99, 0x99, 0x99, 0x99, 0x9c, 0x9c, 0x9c, 
  0xa0, 0xa0, 0xa0, 0xa3, 0xa5, 0xa8, 0xd3, 0xa8, 0xa3, 0xa3, 0xa3, 0xa3, 0xa0, 0xa0, 0xa0, 0xa0, 0xa0, 0xa0, 0xa0, 0xa0, 0x9c, 0xa0, 0xa0, 0xa0, 0xa0, 0xa3, 0xa3, 0xa3, 0xa3, 0xa3, 0xa3, 0xa3, 0xa0, 0xa0, 0xa0, 0xa3, 0xa0, 0xa0, 0xa0, 0xa3, 0xa0, 0xa0, 0xa0, 0xa0, 0xa0, 0xa0, 0xa0, 0xa3, 0xa3, 0xa0, 0xa3, 0xa3, 0xa3, 0xa0, 0xa3, 0xa0, 0xa0, 0xa0, 0x9c, 0xa0, 0xa0, 0xa0, 0xa0, 0xa0, 0xa3, 0xa0, 0xa0, 0xa0, 0xa3, 0xa0, 0xa0, 0xa0, 0xa0, 0xa0, 0xa0, 0xa0, 0xa0, 0xa0, 0xa0, 0xa0, 0xa0, 0xa0, 0xa0, 0xa0, 0xa0, 0xa0, 0xa0, 0xa0, 0xa0, 0xa0, 0xa0, 0xa0, 0xa0, 0xa0, 0xa0, 0x9c, 0xa0, 0xa0, 0xa0, 0xa0, 0xa0, 0xc9, 0xa0, 0xa0, 0xa0, 0x9c, 0xa0, 0xa0, 0xa0, 0xa0, 0xa0, 0xa0, 0xa0, 0xa0, 0x9c, 0xa0, 0x9c, 0x9c, 0xa0, 0x9c, 0xa0, 0xa0, 0x9c, 0x9c, 0xa0, 0x9c, 0x9c, 0x9c, 0x9c, 0x9c, 0x97, 0x9c, 0x99, 0x99, 0x99, 0x9c, 0x9c, 0x9c, 0xa0, 0x9c, 0x9c, 0x99, 0x99, 0x99, 0x9c, 0x99, 0x99, 0x93, 0x97, 0x93, 0x97, 0x97, 0x97, 0x97, 0x97, 0x97, 0x93, 0x93, 0x91, 0x93, 0x93, 0x97, 0x97, 0x97, 0x97, 0x97, 0x97, 0x97, 0x97, 0x93, 0x93, 0x97, 0x93, 0x91, 0x91, 0x93, 0x93, 0x93, 0x93, 0x93, 0x93, 0x93, 0x90, 0x90, 0x90, 0x90, 0x91, 0x91, 0x90, 0x91, 0x91, 0x93, 0x93, 0x91, 0x91, 0x91, 0x93, 0x91, 0x91, 0x90, 0x91, 0x90, 0x91, 0x91, 0x91, 0x91, 0x91, 0x93, 0x93, 0x93, 0x93, 0x93, 0x93, 0x93, 0x93, 0x93, 0x93, 0x97, 0x9c, 0xa0, 0x9c, 0x97, 0x93, 0x93, 0x97, 0x97, 0x97, 0x97, 0x9c, 0x9c, 0x9c, 0x9c, 0x9c, 0xa0, 0xa0, 0x9c, 0x9c, 0x9c, 0x9c, 0xa0, 0xa0, 0x9c, 0x9c, 0x9c, 0xa3, 0xd1, 0xba, 0xba, 0xb5, 0xa8, 0xa8, 0xac, 0xa8, 0x90, 0x7e, 0xcd, 0xc5, 0x7b, 0x7a, 0x81, 0x67, 0x75, 0xc9, 0xd3, 0xcb, 0x8b, 0x99, 0xd4, 0xd2, 0xce, 0xa8, 0xcd, 0xa3, 0xa0, 0xcb, 0xcd, 0x97, 0x9c, 0x9c, 0x9c, 0x97, 0x93, 0x99, 0xa3, 0xa0, 0x9c, 0x9c, 0x9c, 0x9c, 0x9c, 0x9c, 0xa0, 0x9c, 0x9c, 0x9c, 0x9c, 0x99, 0x9c, 0x9c, 0xa0, 0xa0, 0x9c, 0x9c, 0x9c, 0x9c, 0x9c, 0x9c, 0x9c, 0x9c, 0x9c, 0x9c, 0x9c, 0x9c, 0x9c, 0x9c, 0xa0, 0xa3, 0x9c, 0x99, 0x93, 0x93, 0x97, 0x97, 0x99, 0x9c, 0x99, 0x9c, 0x9c, 0x9c, 0x9c, 0x99, 0x99, 0x99, 0x9c, 0x99, 0x99, 0x97, 0x97, 0x99, 0x99, 0x99, 0x99, 0x9c, 0x99, 0x99, 0x9c, 0x9c, 0x9c, 0x9c, 0x9c, 0x9c, 0x9c, 0x9c, 0x9c, 0x99, 0x99, 0x9c, 0x99, 0x9c, 0x99, 0x93, 0x93, 0x99, 0x9c, 0x99, 0x99, 0x93, 0x93, 0x99, 0x99, 
  0xa0, 0xa0, 0xa0, 0xa0, 0xa3, 0xa5, 0xa5, 0xa3, 0xa0, 0xa3, 0xa0, 0xa0, 0xa3, 0xa3, 0xa0, 0xa0, 0xa0, 0xa0, 0xa0, 0xa0, 0xa0, 0xa0, 0xa0, 0xa0, 0xa0, 0xa3, 0xa3, 0xa3, 0xa3, 0xa3, 0xa3, 0xa3, 0xa0, 0xa0, 0xa0, 0xa0, 0xa0, 0xa0, 0xa0, 0xa0, 0xa0, 0xa0, 0xa0, 0xa0, 0xa0, 0xa3, 0xca, 0xa0, 0xa3, 0xa0, 0xa3, 0xa3, 0xa3, 0xa0, 0xa0, 0xa0, 0xa0, 0xa0, 0xa0, 0xa0, 0xa0, 0xa0, 0xa0, 0xa0, 0xa0, 0xa0, 0xa0, 0xa0, 0xa0, 0xa0, 0xa0, 0xa0, 0xa0, 0xa0, 0xa0, 0xa0, 0xa0, 0xa3, 0xa3, 0xa0, 0xa0, 0xa0, 0xa0, 0xa0, 0xa3, 0xa3, 0xa0, 0xa0, 0xa0, 0xa0, 0xa0, 0xa0, 0xa0, 0xa0, 0xa0, 0xa0, 0xa0, 0xa0, 0xa0, 0xa0, 0x9c, 0x9c, 0xa0, 0xa0, 0xa0, 0x9c, 0xa0, 0x9c, 0x9c, 0xa0, 0xa0, 0xa0, 0xa0, 0xa0, 0xa0, 0xa0, 0x9c, 0xa0, 0xa0, 0xa0, 0xa0, 0xa0, 0xa0, 0x9c, 0xa0, 0x9c, 0x9c, 0x9c, 0x9c, 0x9c, 0x99, 0x9c, 0x9c, 0x9c, 0x9c, 0x9c, 0x9c, 0x9c, 0x9c, 0x9c, 0x9c, 0x9c, 0x99, 0x99, 0x99, 0x99, 0x99, 0x97, 0x97, 0x97, 0x99, 0x99, 0x97, 0x97, 0x93, 0x93, 0x93, 0x97, 0x97, 0x93, 0x97, 0x97, 0x97, 0x97, 0x93, 0x93, 0x93, 0x93, 0x93, 0x93, 0x97, 0x97, 0x93, 0x90, 0x90, 0x91, 0x93, 0x93, 0x93, 0x93, 0x90, 0x90, 0x90, 0x90, 0x90, 0x91, 0x90, 0x91, 0x91, 0x90, 0x93, 0x93, 0x91, 0x91, 0x91, 0x91, 0x93, 0x90, 0x90, 0x90, 0x91, 0x90, 0x91, 0x91, 0x91, 0x90, 0x91, 0x91, 0x90, 0x93, 0x93, 0x93, 0x93, 0x93, 0x91, 0x93, 0x93, 0x93, 0x9c, 0xa0, 0x9c, 0x97, 0x97, 0x97, 0x97, 0x97, 0x97, 0x99, 0x99, 0x99, 0x9c, 0x9c, 0x9c, 0x9c, 0x9c, 0x9c, 0x9c, 0x9c, 0x9c, 0x9c, 0xa0, 0x9c, 0x9c, 0x9c, 0x9c, 0xcd, 0xb7, 0xb6, 0xd4, 0xd3, 0xac, 0xd4, 0xa3, 0xa0, 0xa8, 0xac, 0x5b, 0x4f, 0x58, 0x84, 0x97, 0x93, 0x8c, 0x7b, 0x7b, 0x89, 0xa3, 0xac, 0xb5, 0xbd, 0xbe, 0xbc, 0xbc, 0xbd, 0xb7, 0xa5, 0x97, 0x99, 0x99, 0x9c, 0x9c, 0x99, 0x9c, 0xa0, 0xa0, 0x9c, 0x9c, 0x9c, 0x9c, 0x9c, 0x9c, 0x9c, 0x9c, 0x9c, 0x9c, 0x9c, 0x9c, 0x9c, 0x9c, 0x9c, 0x9c, 0x9c, 0x9c, 0x9c, 0x9c, 0x9c, 0x9c, 0xa0, 0x9c, 0xa0, 0xa0, 0x9c, 0x9c, 0x9c, 0x9c, 0xa5, 0xd4, 0xa3, 0x99, 0x93, 0x97, 0x97, 0x99, 0x9c, 0x9c, 0x9c, 0x9c, 0x9c, 0x9c, 0x9c, 0x9c, 0x99, 0x9c, 0xa0, 0x99, 0x99, 0x97, 0x97, 0x9c, 0x9c, 0x99, 0x99, 0x99, 0x99, 0x99, 0x9c, 0x9c, 0x9c, 0x9c, 0x9c, 0x97, 0x9c, 0x9c, 0x9c, 0x99, 0x99, 0x9c, 0x99, 0x99, 0x97, 0x93, 0x93, 0x99, 0x9c, 0x97, 0x99, 0x99, 0x97, 0x99, 0x99, 
  0xa0, 0xa0, 0xa0, 0xa0, 0xa0, 0xa3, 0xa3, 0xa3, 0xa3, 0xa3, 0xa0, 0xa0, 0xa0, 0xa0, 0xa0, 0xa0, 0xa0, 0xa0, 0xa0, 0xa0, 0xa0, 0xa0, 0xa3, 0xa3, 0xa0, 0xa0, 0xa3, 0xa3, 0xa3, 0xa3, 0xa3, 0xa3, 0xa0, 0xa0, 0xa0, 0xa0, 0xa0, 0xa0, 0xa0, 0xa0, 0xa0, 0xa3, 0xa3, 0xa0, 0xa0, 0xa0, 0xa3, 0xa3, 0xa3, 0xa3, 0xa3, 0xa3, 0xa3, 0xa3, 0xa0, 0xa0, 0xa0, 0xa0, 0xa0, 0xa0, 0xa0, 0xa3, 0xa3, 0xa3, 0xa0, 0xa0, 0xa0, 0xa0, 0xa0, 0xa0, 0xa0, 0xa0, 0xa0, 0xa0, 0xa0, 0xa0, 0xa0, 0xa3, 0xa3, 0xa3, 0xa0, 0xa0, 0xa0, 0xa0, 0xa0, 0xa0, 0xa0, 0xa0, 0xa0, 0xa0, 0xa0, 0xa0, 0xa0, 0xa0, 0xa0, 0xa0, 0xa3, 0xa3, 0xa3, 0xa0, 0xa0, 0xa0, 0xa0, 0xa0, 0xa0, 0x9c, 0xa0, 0xa0, 0x9c, 0xa0, 0xa0, 0xa0, 0xa0, 0xa0, 0x9c, 0x9c, 0x9c, 0xa0, 0xa0, 0xa0, 0xa0, 0xa0, 0xc9, 0x9c, 0x9c, 0x9c, 0x9c, 0x9c, 0x9c, 0x9c, 0x9c, 0x9c, 0x9c, 0x9c, 0x9c, 0x9c, 0x9c, 0x9c, 0x9c, 0x9c, 0x9c, 0x9c, 0x99, 0x99, 0x97, 0x97, 0x99, 0x99, 0x97, 0x97, 0x97, 0x97, 0x97, 0x97, 0x93, 0x93, 0x97, 0x99, 0x99, 0x97, 0x97, 0x97, 0x97, 0x93, 0x93, 0x93, 0x93, 0x93, 0x93, 0x93, 0x93, 0x93, 0x91, 0x91, 0x90, 0x93, 0x93, 0x93, 0x93, 0x93, 0x90, 0x8c, 0x8c, 0x90, 0x90, 0x91, 0x90, 0x91, 0x93, 0x91, 0x93, 0x93, 0x91, 0x91, 0x93, 0x90, 0x90, 0x90, 0x90, 0x90, 0x91, 0x91, 0x91, 0x91, 0x91, 0x90, 0x91, 0x90, 0x91, 0x91, 0x90, 0x91, 0x93, 0x93, 0x90, 0x91, 0x91, 0x91, 0x97, 0x9c, 0x99, 0x97, 0x97, 0x97, 0x97, 0x97, 0x99, 0x9c, 0x99, 0x97, 0x9c, 0x9c, 0x9c, 0x9c, 0x9c, 0xa0, 0xa0, 0x9c, 0xa0, 0xa0, 0x9c, 0x9c, 0x9c, 0x9c, 0x9c, 0xa3, 0xce, 0xd4, 0xac, 0xd3, 0xcd, 0xc9, 0x89, 0xa3, 0xaf, 0xcb, 0x5d, 0x5b, 0x4e, 0x56, 0x7c, 0xca, 0xc9, 0x72, 0x7b, 0xa0, 0xcd, 0xb0, 0xb5, 0xbc, 0xbc, 0xca, 0xc9, 0xb9, 0xb8, 0xa5, 0x97, 0x9c, 0x9c, 0x9c, 0x9c, 0x9c, 0xa0, 0x9c, 0x9c, 0x99, 0x9c, 0x9c, 0x9c, 0x9c, 0x9c, 0x9c, 0x9c, 0x9c, 0x9c, 0x9c, 0x9c, 0x9c, 0x9c, 0x9c, 0x9c, 0x9c, 0xa0, 0xa0, 0x9c, 0x9c, 0x9c, 0xa0, 0x9c, 0xa0, 0xa0, 0x9c, 0x9c, 0x9c, 0x9c, 0xa3, 0xd4, 0xa8, 0x9c, 0x99, 0x99, 0x99, 0x97, 0x99, 0x9c, 0x9c, 0x9c, 0x9c, 0x9c, 0x9c, 0x9c, 0x9c, 0x9c, 0x9c, 0x9c, 0x99, 0x99, 0x99, 0x9c, 0x9c, 0x9c, 0x9c, 0x9c, 0x9c, 0x9c, 0x9c, 0x9c, 0x9c, 0x9c, 0x99, 0x93, 0x99, 0x9c, 0x9c, 0x99, 0x9c, 0x99, 0x99, 0x99, 0x97, 0x93, 0x97, 0x99, 0x99, 0x99, 0x9c, 0x9c, 0x9c, 0x9c, 0x9c, 
  0xa0, 0xa0, 0xa0, 0xa0, 0xa0, 0xa3, 0xa3, 0xa0, 0xa0, 0xa0, 0xa3, 0xa3, 0xa0, 0xa0, 0xa0, 0xa0, 0xa0, 0xa0, 0xa0, 0xa0, 0xa0, 0xa0, 0xa3, 0xa0, 0xa0, 0xa3, 0xa0, 0xa3, 0xa3, 0xa3, 0xa3, 0xa3, 0xa3, 0xa0, 0xa3, 0xa0, 0xa3, 0xa0, 0xa0, 0xa3, 0xa3, 0xa3, 0xa3, 0xa0, 0xa0, 0xa0, 0xa3, 0xa5, 0xa5, 0xa3, 0xa3, 0xa3, 0xa3, 0xa3, 0xa3, 0xa0, 0xa0, 0xa0, 0xa0, 0xa3, 0xa3, 0xa0, 0xa3, 0xa0, 0xa0, 0xa0, 0xa0, 0xa0, 0xa3, 0xa0, 0xa3, 0xa0, 0xa0, 0xa0, 0xa0, 0xa0, 0xa0, 0xa0, 0xa0, 0xa0, 0xa0, 0xa0, 0xa0, 0xa0, 0xa0, 0xa0, 0xa0, 0xa3, 0xa0, 0xa0, 0xa3, 0xa3, 0xa3, 0xa3, 0xa3, 0xa0, 0xa0, 0xa0, 0xa0, 0xa3, 0xa3, 0xa0, 0xa0, 0xa0, 0xa0, 0xa0, 0xa0, 0xa0, 0xa0, 0xa0, 0xa0, 0xa0, 0xa0, 0xa0, 0x9c, 0xa0, 0xa0, 0xa0, 0xa0, 0xa0, 0xa0, 0xc9, 0xa0, 0x9c, 0x9c, 0x9c, 0x9c, 0x9c, 0x9c, 0x9c, 0x9c, 0x9c, 0x9c, 0x9c, 0x9c, 0x9c, 0x9c, 0x9c, 0x9c, 0x9c, 0x9c, 0x9c, 0x99, 0x97, 0x97, 0x99, 0x9c, 0x97, 0x97, 0x99, 0x97, 0x93, 0x97, 0x97, 0x97, 0x93, 0x97, 0x97, 0x97, 0x93, 0x97, 0x97, 0x97, 0x93, 0x93, 0x93, 0x93, 0x93, 0x93, 0x93, 0x93, 0x93, 0x91, 0x91, 0x90, 0x90, 0x93, 0x93, 0x93, 0x93, 0x90, 0x89, 0x89, 0x90, 0x90, 0x90, 0x90, 0x93, 0x93, 0x90, 0x91, 0x91, 0x91, 0x93, 0x93, 0x90, 0x90, 0x90, 0x91, 0x90, 0x90, 0x91, 0x91, 0x90, 0x91, 0x90, 0x90, 0x90, 0x93, 0x90, 0x90, 0x90, 0x91, 0x93, 0x90, 0x91, 0x93, 0x97, 0x97, 0x97, 0x97, 0x97, 0x93, 0x97, 0x97, 0x97, 0x99, 0x9c, 0x99, 0x97, 0x99, 0x9c, 0x9c, 0x9c, 0x9c, 0xa0, 0xa0, 0xa0, 0xa0, 0x9c, 0x99, 0x99, 0x9c, 0xa0, 0xa0, 0xa0, 0xca, 0xcb, 0xa8, 0xd3, 0xd3, 0xa0, 0x91, 0xa5, 0xac, 0x7a, 0x53, 0x62, 0x65, 0x5b, 0x65, 0x81, 0x72, 0x67, 0x91, 0xce, 0xd2, 0xba, 0xd0, 0xd1, 0xba, 0xaf, 0xd4, 0xb5, 0xb5, 0xa3, 0x99, 0x9c, 0x9c, 0x9c, 0x9c, 0x9c, 0x9c, 0x9c, 0x99, 0x9c, 0x9c, 0x9c, 0x9c, 0x9c, 0x9c, 0x9c, 0x9c, 0x9c, 0x99, 0x9c, 0x9c, 0x9c, 0x9c, 0x9c, 0x9c, 0x9c, 0x9c, 0xa0, 0xa0, 0xa0, 0xa0, 0xa0, 0xa0, 0x9c, 0x9c, 0x9c, 0x9c, 0x9c, 0x9c, 0xa0, 0xcb, 0xa5, 0x9c, 0x99, 0x99, 0x99, 0x97, 0x97, 0x99, 0x9c, 0x9c, 0x9c, 0x9c, 0x99, 0x99, 0x99, 0x9c, 0x9c, 0x9c, 0x9c, 0x9c, 0x9c, 0x99, 0x9c, 0x9c, 0x9c, 0x9c, 0xa0, 0x9c, 0xa0, 0xa0, 0x9c, 0x9c, 0x9c, 0x97, 0x97, 0x9c, 0x99, 0x9c, 0x9c, 0x9c, 0x9c, 0x99, 0x99, 0x97, 0x93, 0x97, 0x99, 0x99, 0x9c, 0x9c, 0x99, 0x99, 0x99, 
  0xa0, 0xa0, 0xa0, 0xa0, 0xa0, 0xa0, 0xa0, 0xa0, 0xa3, 0xa3, 0xa3, 0xa0, 0xa0, 0xa0, 0xa0, 0xa0, 0xa0, 0xa0, 0xa0, 0xa0, 0xa0, 0xa3, 0xa0, 0xa0, 0xa3, 0xa3, 0xa3, 0xa3, 0xa3, 0xa3, 0xa3, 0xa3, 0xa3, 0xa3, 0xa0, 0xa0, 0xa0, 0xa0, 0xa3, 0xa0, 0xa0, 0xa3, 0xa3, 0xa3, 0xa3, 0xa3, 0xa5, 0xa5, 0xa5, 0xa3, 0xa3, 0xa0, 0xa3, 0xa3, 0xa3, 0xa0, 0xa0, 0xa0, 0xa0, 0xa0, 0xa0, 0xa0, 0xa0, 0xa0, 0xa0, 0xa0, 0xa0, 0xa0, 0xa0, 0xa3, 0xa0, 0xa3, 0xa3, 0xa0, 0xa0, 0xa0, 0xa0, 0xa0, 0xa0, 0xa0, 0xa0, 0xa0, 0xa0, 0xa0, 0xa0, 0xa0, 0xa0, 0xa0, 0xa3, 0xa3, 0xa3, 0xa3, 0xa3, 0xa3, 0xa0, 0xa0, 0xa0, 0xa0, 0xa0, 0xa0, 0xa0, 0xa0, 0xa0, 0x9c, 0x9c, 0xa0, 0xa0, 0xa0, 0xa0, 0xa0, 0xa0, 0xa0, 0xa0, 0xa0, 0xa0, 0xa0, 0xa0, 0xa0, 0xa0, 0xa0, 0xa0, 0x9c, 0xa0, 0xa0, 0xa0, 0x9c, 0x9c, 0x9c, 0x9c, 0x9c, 0x99, 0x99, 0x9c, 0x9c, 0x9c, 0x9c, 0x9c, 0x9c, 0x9c, 0x9c, 0x99, 0x97, 0x97, 0x97, 0x99, 0x99, 0x99, 0x97, 0x97, 0x99, 0x97, 0x97, 0x97, 0x99, 0x99, 0x97, 0x97, 0x93, 0x93, 0x93, 0x93, 0x93, 0x93, 0x91, 0x97, 0x97, 0x93, 0x97, 0x97, 0x97, 0x93, 0x93, 0x91, 0x90, 0x90, 0x90, 0x90, 0x93, 0x93, 0x91, 0x90, 0x90, 0x8c, 0x90, 0x91, 0x91, 0x90, 0x90, 0x90, 0x90, 0x90, 0x90, 0x90, 0x91, 0x93, 0x90, 0x93, 0x93, 0x93, 0x90, 0x90, 0x90, 0x90, 0x91, 0x91, 0x90, 0x91, 0x93, 0x91, 0x90, 0x91, 0x90, 0x90, 0x91, 0x91, 0x93, 0x93, 0x97, 0x97, 0x97, 0x97, 0x97, 0x97, 0x97, 0x93, 0x97, 0x99, 0x9c, 0x9c, 0x99, 0x99, 0x9c, 0x9c, 0x9c, 0x9c, 0xa0, 0xa0, 0x9c, 0x9c, 0x9c, 0x9c, 0x9c, 0xa0, 0xa0, 0xa0, 0xa0, 0x9c, 0x9c, 0xa0, 0xa5, 0xa5, 0x9c, 0xa0, 0xa3, 0x90, 0x53, 0xc2, 0x58, 0x89, 0x97, 0x77, 0x62, 0x55, 0x65, 0x9c, 0xce, 0xd2, 0xbd, 0xba, 0xbb, 0xbf, 0xbf, 0xc0, 0xb9, 0xcd, 0x9c, 0x9c, 0x9c, 0x9c, 0x9c, 0x9c, 0x9c, 0x99, 0x99, 0x99, 0x99, 0x9c, 0x9c, 0x9c, 0x9c, 0x9c, 0x9c, 0x9c, 0x9c, 0x99, 0x99, 0x99, 0x9c, 0x9c, 0x9c, 0x9c, 0x9c, 0x9c, 0x9c, 0x9c, 0xa0, 0x9c, 0xa0, 0xa0, 0x9c, 0x9c, 0x9c, 0x9c, 0x9c, 0x9c, 0x9c, 0xa0, 0xa3, 0xa0, 0x9c, 0x99, 0x97, 0x97, 0x9c, 0x9c, 0x9c, 0x9c, 0x9c, 0x9c, 0x99, 0x97, 0x97, 0x99, 0x9c, 0x99, 0x9c, 0x9c, 0x9c, 0x99, 0x9c, 0x9c, 0x9c, 0x9c, 0x9c, 0x9c, 0x9c, 0xa0, 0x9c, 0x99, 0x9c, 0x9c, 0x99, 0x9c, 0x99, 0x9c, 0x99, 0x9c, 0x99, 0x97, 0x9c, 0x99, 0x99, 0x9c, 0x9c, 0x99, 0x99, 0x97, 0x97, 0x97, 0x97, 
  0xa0, 0xa0, 0xa0, 0xa0, 0xa0, 0xa0, 0xa0, 0xa3, 0xa5, 0xa3, 0xa0, 0xa0, 0xa0, 0xa0, 0xa0, 0xa0, 0xa0, 0xa0, 0xa0, 0xa3, 0xa3, 0xa3, 0xa0, 0xa0, 0xa3, 0xa0, 0xa3, 0xa3, 0xa3, 0xa3, 0xa3, 0xa3, 0xa3, 0xa3, 0xa3, 0xa3, 0xa0, 0xa0, 0xa0, 0xa0, 0xa0, 0xa0, 0xa3, 0xa0, 0xa3, 0xa3, 0xa3, 0xa3, 0xa3, 0xa3, 0xa3, 0xa3, 0xa3, 0xa0, 0xa3, 0xa0, 0xa0, 0xa0, 0xa0, 0xa0, 0xa0, 0xa0, 0xa0, 0xa0, 0xa0, 0xa0, 0xa0, 0xa0, 0xa3, 0xa3, 0xa0, 0xa3, 0xa3, 0xa3, 0xa3, 0xa3, 0xa0, 0xa0, 0xa0, 0xa0, 0xa0, 0xa0, 0xa0, 0xa3, 0xa0, 0xa0, 0xa3, 0xa3, 0xa3, 0xa3, 0xa3, 0xa0, 0xa3, 0xa3, 0xa0, 0xa0, 0xa0, 0xa0, 0xa0, 0xa0, 0xa0, 0xa0, 0xa0, 0x9c, 0xa0, 0xa0, 0xa0, 0xa0, 0xa0, 0xa0, 0xa0, 0xa0, 0xa0, 0xa0, 0xa0, 0xa0, 0xa0, 0xa0, 0x9c, 0xa0, 0x9c, 0x9c, 0x9c, 0xa0, 0xa0, 0x9c, 0x9c, 0x9c, 0x9c, 0x99, 0x97, 0x99, 0x9c, 0x9c, 0x9c, 0x9c, 0x9c, 0x9c, 0x9c, 0x99, 0x97, 0x97, 0x97, 0x99, 0x97, 0x97, 0x99, 0x97, 0x97, 0x99, 0x99, 0x99, 0x99, 0x99, 0x99, 0x97, 0x97, 0x93, 0x97, 0x93, 0x93, 0x93, 0x91, 0x91, 0x93, 0x97, 0x93, 0x97, 0x97, 0x97, 0x93, 0x93, 0x91, 0x90, 0x91, 0x90, 0x93, 0x93, 0x93, 0x90, 0x90, 0x91, 0x90, 0x93, 0x91, 0x91, 0x90, 0x90, 0x90, 0x90, 0x90, 0x90, 0x90, 0x90, 0x90, 0x90, 0x91, 0x93, 0x93, 0x90, 0x90, 0x90, 0x90, 0x91, 0x91, 0x90, 0x91, 0x93, 0x91, 0x90, 0x93, 0x91, 0x91, 0x93, 0x93, 0x97, 0x97, 0x97, 0x97, 0x97, 0x99, 0x97, 0x93, 0x93, 0x93, 0x97, 0x97, 0x9c, 0x9c, 0x9c, 0x9c, 0x9c, 0x9c, 0x9c, 0x9c, 0x9c, 0x9c, 0x9c, 0x9c, 0x9c, 0x9c, 0xa0, 0xa0, 0x9c, 0xa0, 0x9c, 0x9c, 0x9c, 0x9c, 0xa0, 0xa0, 0x9c, 0xcd, 0x9c, 0x65, 0x50, 0x55, 0x65, 0x97, 0x9c, 0x8c, 0xc4, 0x56, 0x69, 0x90, 0xca, 0x9c, 0xaf, 0xb7, 0xb5, 0xd0, 0xd4, 0xcb, 0xca, 0xc8, 0x9c, 0x9c, 0x9c, 0x99, 0x99, 0x9c, 0x9c, 0x99, 0x99, 0x9c, 0x9c, 0x99, 0x99, 0x9c, 0x9c, 0x99, 0x9c, 0x9c, 0x9c, 0x9c, 0x99, 0x99, 0x9c, 0x9c, 0x9c, 0x9c, 0x9c, 0x9c, 0x9c, 0x9c, 0x9c, 0xa0, 0x9c, 0x9c, 0x9c, 0x9c, 0x9c, 0x99, 0x9c, 0x9c, 0x99, 0x9c, 0xa0, 0xa3, 0xa0, 0x99, 0x97, 0x97, 0x99, 0x99, 0x99, 0x9c, 0x9c, 0x9c, 0x9c, 0x9c, 0x99, 0x97, 0xa0, 0x99, 0x99, 0x99, 0x9c, 0x9c, 0x9c, 0x9c, 0x9c, 0x9c, 0x9c, 0x99, 0x9c, 0x9c, 0x9c, 0x9c, 0x9c, 0x9c, 0x9c, 0x9c, 0x9c, 0x9c, 0x99, 0x99, 0x9c, 0x9c, 0x9c, 0x9c, 0x9c, 0x9c, 0x99, 0x99, 0x99, 0x97, 0x99, 0x97, 0x97, 
  0xa0, 0xa0, 0xa0, 0xa3, 0xa0, 0xa0, 0xa3, 0xa3, 0xa5, 0xa3, 0xa3, 0xa3, 0xa0, 0x9c, 0xa0, 0xa0, 0xa0, 0xa0, 0xa0, 0xa0, 0xa0, 0xa0, 0xa0, 0xa0, 0xa3, 0xa3, 0xa0, 0xa3, 0xa3, 0xa3, 0xa3, 0xa3, 0xa3, 0xa3, 0xa0, 0xa3, 0xa3, 0xa0, 0xa0, 0xa0, 0xa0, 0xa3, 0xa3, 0xa0, 0xa3, 0xa3, 0xa3, 0xa3, 0xa5, 0xa3, 0xa3, 0xa0, 0xa0, 0xa0, 0xa3, 0xa0, 0xa0, 0xa0, 0xa0, 0xa0, 0xa0, 0xa0, 0xa0, 0xa0, 0xa0, 0xa0, 0xa0, 0xa3, 0xa0, 0xa0, 0xa0, 0xa0, 0xa3, 0xa3, 0xa3, 0xa0, 0xa0, 0xa0, 0xa0, 0xa0, 0xa0, 0xa0, 0xa3, 0xa3, 0xa3, 0xa3, 0xa3, 0xa3, 0xa3, 0xa3, 0xa0, 0xa0, 0xa0, 0xa0, 0xa0, 0xa0, 0xa0, 0xa0, 0xa0, 0xa0, 0xa0, 0xa0, 0x9c, 0x9c, 0x9c, 0xa0, 0xa0, 0xa0, 0xa0, 0xa0, 0xa3, 0xa3, 0xa0, 0xa0, 0xa0, 0xa0, 0xa0, 0xa0, 0xa0, 0x9c, 0xa0, 0xa0, 0x9c, 0x9c, 0x9c, 0x9c, 0x9c, 0x9c, 0x9c, 0x99, 0x99, 0x97, 0x9c, 0x9c, 0x99, 0x99, 0x9c, 0x9c, 0x9c, 0x9c, 0x99, 0x99, 0x99, 0x99, 0x99, 0x99, 0x99, 0x97, 0x99, 0x97, 0x97, 0x97, 0x97, 0x99, 0x99, 0x97, 0x97, 0x97, 0x99, 0x99, 0x99, 0x93, 0x93, 0x90, 0x93, 0x93, 0x97, 0x93, 0x97, 0x93, 0x93, 0x93, 0x93, 0x90, 0x90, 0x90, 0x90, 0x91, 0x93, 0x91, 0x93, 0x93, 0x90, 0x91, 0x91, 0x91, 0x93, 0x91, 0x90, 0x90, 0x90, 0x90, 0x90, 0x90, 0x90, 0x90, 0x91, 0x90, 0x90, 0x90, 0x90, 0x90, 0x90, 0x90, 0x90, 0x90, 0x91, 0x91, 0x91, 0x90, 0x91, 0x91, 0x91, 0x93, 0x93, 0x97, 0x97, 0x97, 0x97, 0x97, 0x97, 0x97, 0x93, 0x93, 0x99, 0x97, 0x97, 0x9c, 0x9c, 0x9c, 0x9c, 0x9c, 0x9c, 0x9c, 0x9c, 0x9c, 0x9c, 0x9c, 0x9c, 0x9c, 0x9c, 0x9c, 0x9c, 0x9c, 0x9c, 0x9c, 0x9c, 0x9c, 0x9c, 0x9c, 0xa0, 0xa3, 0xd3, 0x86, 0xc3, 0x50, 0x75, 0x99, 0xcb, 0xc9, 0xc9, 0x70, 0x62, 0x65, 0xc8, 0xcb, 0xa5, 0xb0, 0xb5, 0xd1, 0xd4, 0xd3, 0xc9, 0x6d, 0x81, 0x9c, 0xa3, 0x9c, 0x99, 0x99, 0x9c, 0x99, 0x97, 0x97, 0x9c, 0x9c, 0x97, 0x99, 0x9c, 0x99, 0x97, 0x99, 0x9c, 0x9c, 0x9c, 0x9c, 0x99, 0x9c, 0x9c, 0x9c, 0x9c, 0x9c, 0x9c, 0x9c, 0x9c, 0x9c, 0x9c, 0x9c, 0x9c, 0x9c, 0x9c, 0x9c, 0x99, 0x99, 0x99, 0x99, 0x99, 0x9c, 0xa3, 0xa0, 0x9c, 0x99, 0x97, 0x97, 0x99, 0x99, 0x99, 0x99, 0x97, 0x99, 0x9c, 0x9c, 0x9c, 0xa0, 0x99, 0x9c, 0x9c, 0x9c, 0x9c, 0x9c, 0x9c, 0x99, 0x9c, 0x9c, 0x9c, 0x9c, 0x9c, 0x9c, 0x9c, 0x9c, 0x9c, 0x9c, 0x9c, 0x9c, 0x9c, 0x9c, 0x99, 0x9c, 0x9c, 0x9c, 0x9c, 0x99, 0x99, 0x99, 0x9c, 0x9c, 0x99, 0x97, 0x99, 0x97, 
  0xa0, 0xa0, 0xa0, 0xa0, 0xa0, 0xa0, 0xa3, 0xa3, 0xa5, 0xa3, 0xa0, 0xa3, 0xa0, 0xa0, 0xa0, 0xa0, 0xa0, 0xa0, 0xa3, 0xa0, 0xa3, 0xa3, 0xa0, 0xa0, 0xa0, 0xa0, 0xa0, 0xa3, 0xa3, 0xa3, 0xa3, 0xa3, 0xa3, 0xa3, 0xa3, 0xa0, 0xa3, 0xa3, 0xa3, 0xa3, 0xa0, 0xa3, 0xa3, 0xa0, 0xa3, 0xa3, 0xa3, 0xa3, 0xa3, 0xa3, 0xa3, 0xa3, 0xa0, 0xa0, 0xa0, 0xa0, 0xa0, 0xa0, 0xa0, 0xa0, 0xa0, 0xa0, 0xa0, 0xa0, 0xa0, 0xa0, 0xa0, 0xa0, 0xa3, 0xa0, 0xa3, 0xa0, 0xa0, 0xa0, 0xa3, 0xa3, 0xa0, 0xa0, 0xa0, 0xa0, 0xa3, 0xa0, 0xa3, 0xa3, 0xa3, 0xa3, 0xa3, 0xa3, 0xa3, 0xa0, 0xa0, 0xa0, 0xa0, 0x9c, 0xa0, 0x9c, 0xa0, 0xa0, 0xa0, 0xa0, 0xa0, 0xa0, 0xa0, 0xa0, 0xa0, 0xa0, 0x9c, 0xa0, 0xa0, 0xa3, 0xa3, 0xa3, 0xa3, 0xa3, 0xa3, 0xa3, 0xa3, 0xa0, 0xa0, 0xa0, 0x9c, 0xa0, 0x9c, 0x9c, 0x9c, 0x9c, 0x9c, 0x9c, 0x9c, 0x9c, 0x9c, 0x99, 0x9c, 0x9c, 0x9c, 0x9c, 0x9c, 0x9c, 0x9c, 0x9c, 0x9c, 0x99, 0x9c, 0x9c, 0x99, 0x99, 0x9c, 0x97, 0x97, 0x97, 0x97, 0x97, 0x97, 0x97, 0x97, 0x97, 0x99, 0x97, 0x97, 0x97, 0x97, 0x93, 0x97, 0x93, 0x93, 0x93, 0x97, 0x97, 0x93, 0x91, 0x93, 0x93, 0x93, 0x90, 0x90, 0x8c, 0x90, 0x90, 0x91, 0x93, 0x97, 0x93, 0x90, 0x91, 0x90, 0x90, 0x90, 0x90, 0x90, 0x90, 0x90, 0x90, 0x91, 0x90, 0x90, 0x90, 0x91, 0x91, 0x91, 0x91, 0x90, 0x90, 0x90, 0x90, 0x90, 0x90, 0x91, 0x93, 0x93, 0x93, 0x91, 0x91, 0x93, 0x93, 0x93, 0x93, 0x93, 0x93, 0x97, 0x99, 0x97, 0x97, 0x93, 0x97, 0x9c, 0x99, 0x97, 0x9c, 0x9c, 0x9c, 0x9c, 0x9c, 0x9c, 0x9c, 0x9c, 0x9c, 0x9c, 0x9c, 0xa0, 0x9c, 0x9c, 0x9c, 0x9c, 0x9c, 0x9c, 0x9c, 0x9c, 0x9c, 0x9c, 0x9c, 0xa0, 0xd3, 0xb0, 0x91, 0x56, 0x58, 0x91, 0xa5, 0x83, 0xa5, 0xa3, 0x81, 0x7c, 0x97, 0xb0, 0xb7, 0xbc, 0xbe, 0xbf, 0xbf, 0xbe, 0xbe, 0xbb, 0xca, 0x83, 0x9c, 0xa3, 0x9c, 0x9c, 0x9c, 0x9c, 0x99, 0x99, 0x99, 0x9c, 0x99, 0x99, 0x9c, 0x9c, 0x99, 0x99, 0x99, 0x9c, 0x9c, 0x9c, 0x9c, 0x99, 0x99, 0x9c, 0x9c, 0xa0, 0x9c, 0x9c, 0x9c, 0x9c, 0x9c, 0x99, 0x9c, 0x9c, 0x9c, 0x9c, 0x9c, 0x9c, 0x99, 0x9c, 0x99, 0x99, 0x99, 0x9c, 0xa3, 0xa3, 0xa3, 0x9c, 0x99, 0x99, 0x9c, 0x99, 0x97, 0x97, 0x97, 0x9c, 0x9c, 0x99, 0x9c, 0x9c, 0x9c, 0x9c, 0x9c, 0x9c, 0x99, 0x97, 0x9c, 0x9c, 0xa0, 0xa0, 0x9c, 0x99, 0x9c, 0x9c, 0x9c, 0x9c, 0x99, 0x9c, 0x9c, 0xa0, 0x9c, 0x9c, 0x9c, 0x9c, 0x99, 0x99, 0x99, 0x9c, 0xa0, 0xa0, 0xa0, 0xa0, 0x99, 0x93, 0x97, 
  0xa0, 0xa0, 0xa0, 0xa0, 0xa3, 0xa0, 0xa0, 0xa0, 0xa0, 0xa0, 0xa3, 0xa0, 0xa0, 0x9c, 0xa0, 0xa0, 0xa0, 0xa0, 0xa0, 0xa0, 0xa0, 0xa0, 0xa0, 0xa0, 0xa0, 0xa0, 0xa0, 0xa3, 0xa3, 0xa3, 0xa3, 0xa3, 0xa3, 0xa3, 0xa3, 0xa3, 0xa3, 0xa3, 0xa3, 0xa3, 0xa3, 0xa3, 0xa3, 0xa0, 0xa3, 0xa3, 0xa3, 0xa3, 0xa3, 0xa3, 0xa3, 0xa3, 0xa3, 0xa3, 0xa3, 0xa3, 0xa0, 0xa0, 0xa0, 0xa3, 0xa0, 0xa0, 0xa0, 0xa0, 0xa3, 0xa0, 0xa0, 0xa3, 0xa0, 0xa3, 0xa0, 0xa3, 0xa0, 0xa0, 0xa3, 0xa0, 0xa0, 0xa0, 0xa0, 0xa0, 0xa3, 0xa0, 0xa3, 0xa3, 0xa3, 0xa3, 0xa3, 0xa3, 0xa0, 0xa3, 0xa0, 0xa0, 0xa0, 0xa0, 0xa0, 0xa0, 0xa3, 0xa0, 0xa0, 0xa0, 0xa0, 0xa3, 0xa0, 0xa0, 0xa0, 0xa0, 0x9c, 0xa0, 0xa3, 0xa3, 0xa3, 0xa3, 0xa3, 0xa3, 0xa3, 0xa3, 0xa3, 0xa0, 0xa0, 0xa0, 0xa0, 0x9c, 0x9c, 0x9c, 0x9c, 0x9c, 0x99, 0x9c, 0x9c, 0xa0, 0x9c, 0x99, 0x9c, 0x9c, 0x9c, 0x9c, 0x9c, 0x9c, 0x9c, 0x9c, 0x9c, 0x9c, 0x9c, 0x9c, 0x99, 0x9c, 0x97, 0x97, 0x97, 0x93, 0x93, 0x97, 0x97, 0x93, 0x97, 0x97, 0x97, 0x97, 0x97, 0x93, 0x93, 0x93, 0x97, 0x91, 0x99, 0x97, 0x93, 0x91, 0x91, 0x91, 0x93, 0x93, 0x93, 0x90, 0x91, 0x90, 0x90, 0x8c, 0x91, 0x93, 0x97, 0x93, 0x93, 0x91, 0x90, 0x90, 0x90, 0x90, 0x90, 0x93, 0x93, 0x90, 0x90, 0x90, 0x91, 0x93, 0x90, 0x90, 0x91, 0x91, 0x90, 0x90, 0x90, 0x90, 0x90, 0x90, 0x90, 0x90, 0x91, 0x93, 0x91, 0x91, 0x93, 0x97, 0x91, 0x91, 0x93, 0x97, 0x93, 0x93, 0x93, 0x97, 0x97, 0x9c, 0x99, 0x99, 0x99, 0x99, 0x9c, 0x9c, 0x9c, 0xa0, 0xa0, 0x9c, 0xa0, 0x9c, 0x9c, 0xa0, 0xa0, 0x9c, 0x99, 0x9c, 0xa0, 0x9c, 0x9c, 0x9c, 0x9c, 0x9c, 0x9c, 0x9c, 0xa0, 0xaf, 0xb6, 0xa5, 0x8c, 0x90, 0x9c, 0xc5, 0xa3, 0xcd, 0x9c, 0x83, 0x9c, 0xb7, 0xbe, 0xbe, 0xc0, 0xc0, 0xc1, 0xc1, 0xc1, 0xc1, 0xc1, 0xbc, 0xa8, 0x99, 0xa3, 0x99, 0x9c, 0x99, 0x99, 0x9c, 0x9c, 0x97, 0x97, 0x99, 0x9c, 0x9c, 0x9c, 0x99, 0x99, 0x99, 0x9c, 0x9c, 0x9c, 0x9c, 0x99, 0x9c, 0x9c, 0x9c, 0x9c, 0xa0, 0x9c, 0x9c, 0x9c, 0x9c, 0x99, 0x9c, 0x9c, 0x99, 0x99, 0x99, 0x99, 0x9c, 0x9c, 0x9c, 0x9c, 0x9c, 0x9c, 0xa0, 0xa8, 0xd4, 0xcb, 0x9c, 0x9c, 0x99, 0x97, 0x99, 0x97, 0x99, 0x9c, 0x99, 0x9c, 0x99, 0x9c, 0x9c, 0x9c, 0x9c, 0x9c, 0x97, 0x9c, 0x9c, 0xa0, 0x9c, 0x9c, 0x9c, 0x9c, 0x9c, 0xa0, 0x99, 0x99, 0x9c, 0xa0, 0x9c, 0x9c, 0xa0, 0x9c, 0x9c, 0x9c, 0x9c, 0x9c, 0xa0, 0xa0, 0xa0, 0x9c, 0x9c, 0x9c, 0x97, 0x97, 0x93, 
  0xa0, 0xa3, 0xa3, 0xa0, 0xa0, 0xa3, 0xa0, 0xa0, 0xa0, 0xa3, 0xa3, 0xa0, 0xa0, 0xa0, 0xa0, 0xa0, 0xa0, 0xa0, 0xa0, 0xa0, 0xa0, 0xa3, 0xa0, 0xa0, 0xa0, 0x9c, 0xa0, 0xa3, 0xa3, 0xa5, 0xa3, 0xa3, 0xa0, 0xa3, 0xa3, 0xa3, 0xa0, 0xa5, 0xa3, 0xa3, 0xa0, 0xa0, 0xa0, 0xa3, 0xa5, 0xa3, 0xa3, 0xa3, 0xa3, 0xa3, 0xa3, 0xa0, 0xa3, 0xa3, 0xa0, 0xa0, 0xa3, 0xa3, 0xa3, 0xa0, 0xa0, 0xa3, 0xa0, 0xa0, 0xa3, 0xa0, 0x9c, 0xa0, 0x9c, 0xa3, 0xa0, 0xa3, 0xa3, 0xa0, 0xa0, 0xa0, 0xa0, 0xa0, 0xa0, 0xa0, 0xa0, 0xa3, 0xa3, 0xa3, 0xa3, 0xa3, 0xa3, 0xa0, 0xa0, 0xa3, 0xa3, 0xa0, 0xa0, 0xa0, 0xa0, 0xa0, 0xa0, 0xa0, 0xa3, 0xa0, 0xa3, 0xa3, 0xa0, 0xa0, 0xa0, 0xa0, 0xa0, 0xa3, 0xa3, 0xa3, 0xa3, 0xa3, 0xa3, 0xa3, 0xa3, 0xa5, 0xa3, 0xa0, 0xa0, 0x9c, 0xa0, 0xa0, 0x9c, 0x9c, 0x9c, 0x9c, 0x9c, 0x9c, 0x99, 0x9c, 0x9c, 0x9c, 0x9c, 0x99, 0x9c, 0x9c, 0x9c, 0xa0, 0x9c, 0x9c, 0x9c, 0x9c, 0x9c, 0x9c, 0x9c, 0x97, 0x97, 0x99, 0x97, 0x97, 0x97, 0x97, 0x99, 0x97, 0x93, 0x93, 0x93, 0x93, 0x93, 0x93, 0x93, 0x93, 0x93, 0x91, 0x93, 0x93, 0x93, 0x93, 0x93, 0x93, 0x91, 0x93, 0x93, 0x90, 0x89, 0x89, 0x89, 0x86, 0x89, 0x90, 0x90, 0x91, 0x90, 0x90, 0x91, 0x90, 0x91, 0x90, 0x91, 0x93, 0x97, 0x91, 0x90, 0x93, 0x93, 0x91, 0x90, 0x90, 0x90, 0x90, 0x90, 0x91, 0x97, 0x91, 0x91, 0x90, 0x91, 0x93, 0x90, 0x90, 0x91, 0x97, 0x99, 0x93, 0x91, 0x90, 0x90, 0x93, 0x93, 0x91, 0x93, 0x97, 0x97, 0x97, 0x97, 0x99, 0x9c, 0x99, 0x99, 0x9c, 0x9c, 0xa0, 0x9c, 0x99, 0x9c, 0x9c, 0x9c, 0xa0, 0xa0, 0x9c, 0xa0, 0xa0, 0xa0, 0x9c, 0x9c, 0x9c, 0x9c, 0x9c, 0x9c, 0xa0, 0xac, 0xb5, 0xb0, 0x99, 0xa1, 0xb8, 0x41, 0x8c, 0xcd, 0xca, 0x7c, 0x77, 0xca, 0xbb, 0xbf, 0xc0, 0xc1, 0xc1, 0xc1, 0xc1, 0xc1, 0xc1, 0xc1, 0xc0, 0xbc, 0xa8, 0x9c, 0x9c, 0x9c, 0x99, 0x9c, 0x99, 0x9c, 0x99, 0x99, 0x9c, 0x9c, 0x9c, 0x9c, 0x9c, 0x9c, 0x9c, 0x99, 0x9c, 0x9c, 0x9c, 0xa0, 0x9c, 0x97, 0x99, 0x9c, 0x9c, 0x9c, 0x9c, 0x9c, 0x9c, 0xa0, 0x9c, 0xa0, 0x9c, 0x99, 0x97, 0x97, 0x9c, 0x9c, 0x9c, 0xa0, 0x9c, 0x9c, 0x9c, 0xa0, 0xcb, 0xcb, 0xa0, 0x9c, 0x97, 0x97, 0x93, 0x97, 0x99, 0x9c, 0x9c, 0x9c, 0x97, 0x99, 0x93, 0x99, 0x9c, 0x9c, 0x99, 0x99, 0x99, 0x99, 0x97, 0x99, 0x9c, 0x9c, 0xa0, 0xa0, 0xa0, 0xa0, 0xa3, 0xa0, 0x9c, 0xa0, 0x9c, 0x9c, 0x9c, 0xa0, 0xa0, 0xa0, 0xa0, 0x9c, 0x9c, 0x9c, 0x9c, 0x9c, 0x97, 0x99, 0x93, 
  0xa0, 0xa3, 0xa0, 0xa3, 0xa0, 0xa3, 0xa3, 0xa0, 0xa3, 0xa3, 0xa3, 0xa0, 0xa3, 0xa0, 0xa0, 0xa0, 0xa3, 0xa0, 0xa3, 0xa0, 0xa0, 0xa0, 0xa0, 0xa0, 0xa0, 0xa0, 0xa0, 0xa3, 0xa3, 0xa3, 0xa3, 0xa3, 0xa3, 0xa3, 0xa3, 0xa3, 0xa3, 0xa3, 0xa3, 0xa0, 0xa0, 0xa3, 0xa3, 0xa3, 0xa3, 0xa3, 0xa3, 0xa0, 0xa3, 0xa0, 0xa3, 0xa0, 0xa0, 0xa0, 0xa3, 0xa0, 0xa3, 0xa3, 0xa3, 0xa0, 0xa0, 0xa0, 0xa0, 0xa0, 0xa0, 0xa0, 0xa0, 0xa0, 0xa0, 0xa3, 0xa0, 0xa3, 0xa0, 0xa0, 0xa0, 0xa0, 0xa0, 0xa3, 0xa3, 0xa3, 0xa3, 0xa3, 0xa3, 0xa3, 0xa3, 0xa3, 0xa3, 0xa3, 0xa0, 0xa3, 0xa0, 0xa0, 0xa0, 0xa0, 0xa0, 0xa0, 0xa3, 0xa3, 0xa3, 0xa3, 0xa0, 0xa0, 0xa0, 0xa0, 0xa0, 0xa0, 0xa0, 0xa3, 0xa3, 0xa3, 0xa3, 0xa3, 0xa3, 0xa5, 0xa3, 0xa3, 0xa3, 0xa0, 0xa0, 0xa0, 0xa0, 0xa0, 0x9c, 0x9c, 0xa0, 0xa3, 0xa0, 0x9c, 0x9c, 0x9c, 0x99, 0x9c, 0x9c, 0x9c, 0x9c, 0x9c, 0x9c, 0x9c, 0x9c, 0x9c, 0x9c, 0x9c, 0x9c, 0x9c, 0x9c, 0x99, 0x99, 0x93, 0x93, 0x97, 0x93, 0x97, 0x93, 0x97, 0x93, 0x93, 0x99, 0x97, 0x93, 0x93, 0x93, 0x91, 0x97, 0x93, 0x91, 0x93, 0x93, 0x97, 0x97, 0x91, 0x91, 0x93, 0x93, 0x90, 0x89, 0x89, 0x89, 0x89, 0x89, 0x93, 0x91, 0x91, 0x91, 0x91, 0x90, 0x90, 0x90, 0x90, 0x93, 0x97, 0x91, 0x93, 0x90, 0x93, 0x91, 0x90, 0x91, 0x90, 0x8c, 0x90, 0x91, 0x93, 0x93, 0x93, 0x93, 0x93, 0x91, 0x90, 0x93, 0x90, 0x91, 0x93, 0x93, 0x93, 0x97, 0x93, 0x91, 0x93, 0x93, 0x97, 0x97, 0x97, 0x97, 0x97, 0x97, 0x9c, 0x9c, 0x9c, 0x9c, 0x9c, 0xa0, 0x9c, 0x9c, 0x9c, 0x9c, 0x9c, 0x9c, 0x9c, 0x9c, 0x9c, 0x9c, 0x9c, 0xa0, 0x9c, 0x9c, 0x99, 0x9c, 0x9c, 0x9c, 0xa8, 0xb3, 0xb3, 0xa5, 0xa3, 0xb2, 0xbc, 0xbb, 0xb0, 0xaf, 0xa0, 0x7e, 0x9c, 0xba, 0xc1, 0xc1, 0xc1, 0xc1, 0xc1, 0xc1, 0xc1, 0xc1, 0xc0, 0xc1, 0xbf, 0xb0, 0x97, 0x9c, 0x9c, 0x99, 0x97, 0x99, 0x9c, 0x9c, 0x9c, 0x9c, 0x9c, 0x9c, 0x9c, 0x9c, 0x9c, 0x99, 0x9c, 0x9c, 0x9c, 0x9c, 0x9c, 0x9c, 0x99, 0x9c, 0x9c, 0x9c, 0x9c, 0x99, 0x9c, 0x99, 0x99, 0x97, 0x99, 0x9c, 0x9c, 0x9c, 0x99, 0x97, 0x99, 0x9c, 0x99, 0x9c, 0x97, 0x9c, 0x9c, 0x9c, 0xa0, 0xa3, 0x9c, 0x9c, 0x9c, 0x99, 0x99, 0x97, 0x99, 0x9c, 0x9c, 0x9c, 0xa0, 0x99, 0x9c, 0x9c, 0x99, 0x93, 0x93, 0x97, 0x97, 0x97, 0x99, 0x9c, 0xa0, 0xa0, 0xa0, 0xa0, 0xa0, 0xa3, 0xa0, 0xa0, 0x9c, 0xa0, 0x9c, 0x9c, 0x9c, 0xa0, 0x9c, 0x99, 0x99, 0x9c, 0x9c, 0x9c, 0x9c, 0x99, 0x97, 0x93, 0x99, 
  0xa0, 0xa3, 0xa0, 0xa3, 0xa3, 0xa3, 0xa3, 0xa3, 0xa3, 0xa3, 0xa3, 0xa0, 0xa0, 0xa3, 0xa3, 0xa0, 0xa0, 0xa0, 0xa0, 0xa0, 0xa3, 0xa3, 0xa0, 0xa0, 0xa0, 0xa0, 0xa0, 0xa3, 0xa0, 0xa3, 0xa0, 0xa3, 0xa3, 0xa3, 0xa3, 0xa3, 0xa3, 0xa3, 0xa3, 0xa3, 0xa3, 0xa3, 0xa3, 0xa0, 0xa3, 0xa3, 0xa0, 0xa3, 0xa3, 0xa0, 0xa0, 0xa3, 0xa3, 0xa0, 0xa0, 0xa0, 0xa3, 0xa0, 0xa0, 0xa0, 0xa0, 0xc9, 0xa0, 0xa0, 0xa0, 0xa0, 0xa0, 0xa0, 0xa0, 0xa0, 0xa3, 0xa0, 0xa0, 0xa3, 0xa3, 0xa3, 0xa3, 0xa3, 0xa0, 0xa3, 0xa3, 0xa3, 0xa3, 0xa0, 0xa3, 0xa3, 0xa3, 0xa3, 0xa5, 0xa3, 0xa3, 0xa0, 0xa0, 0xa0, 0xa3, 0xa3, 0xa3, 0xa3, 0xa0, 0xa0, 0xa0, 0xa0, 0xa0, 0xa0, 0xa0, 0xa0, 0xa0, 0xa3, 0xa3, 0xa3, 0xa3, 0xa3, 0xa3, 0xa5, 0xa3, 0xa3, 0xa3, 0xa3, 0xa0, 0x9c, 0xa0, 0xa0, 0xa0, 0xa0, 0xa0, 0xa0, 0xa0, 0xa0, 0x9c, 0x99, 0x97, 0x9c, 0x9c, 0x9c, 0x9c, 0x9c, 0x9c, 0x9c, 0x9c, 0x9c, 0x9c, 0x9c, 0x9c, 0x9c, 0x9c, 0x9c, 0x97, 0x93, 0x93, 0x97, 0x93, 0x93, 0x93, 0x93, 0x97, 0x97, 0x99, 0x97, 0x99, 0x97, 0x93, 0x93, 0x93, 0x90, 0x97, 0x99, 0x93, 0x97, 0x93, 0x91, 0x90, 0x90, 0x8c, 0x8c, 0x90, 0x90, 0x90, 0x90, 0x90, 0x91, 0x91, 0x91, 0x90, 0x91, 0x91, 0x91, 0x90, 0x91, 0x93, 0x93, 0x91, 0x90, 0x90, 0x90, 0x90, 0x90, 0x90, 0x90, 0x8c, 0x90, 0x90, 0x91, 0x93, 0x91, 0x90, 0x90, 0x89, 0x90, 0x91, 0x91, 0x91, 0x93, 0x97, 0x93, 0x97, 0x93, 0x91, 0x93, 0x93, 0x97, 0x93, 0x97, 0x93, 0x97, 0x99, 0x99, 0x9c, 0x9c, 0x9c, 0x9c, 0x9c, 0x9c, 0x9c, 0x9c, 0x9c, 0x9c, 0x9c, 0x9c, 0x9c, 0x9c, 0x9c, 0x9c, 0x9c, 0x9c, 0x9c, 0x9c, 0x9c, 0x9c, 0xa0, 0xac, 0xb3, 0xd3, 0x9d, 0xa5, 0xb6, 0xbc, 0xb4, 0xb3, 0xac, 0x9c, 0xa0, 0xa5, 0xba, 0xbe, 0xbe, 0xbf, 0xbf, 0xbf, 0xbf, 0xbf, 0xc0, 0xc0, 0xc0, 0xbc, 0xa8, 0x9c, 0x9c, 0x99, 0x99, 0x97, 0x99, 0x9c, 0x9c, 0x9c, 0x9c, 0x9c, 0x9c, 0x9c, 0x9c, 0x9c, 0x9c, 0x9c, 0x9c, 0x9c, 0x9c, 0x9c, 0x99, 0x99, 0x97, 0x9c, 0x99, 0x97, 0x93, 0x99, 0x99, 0x99, 0x99, 0x9c, 0x99, 0x99, 0x99, 0x9c, 0x99, 0x97, 0x97, 0x99, 0x99, 0x93, 0x9c, 0x9c, 0x9c, 0x9c, 0xa3, 0xa3, 0xa0, 0x9c, 0x97, 0x97, 0x97, 0x99, 0x99, 0x99, 0x99, 0x9c, 0x9c, 0x9c, 0x99, 0x99, 0x97, 0x97, 0x97, 0x97, 0x99, 0x9c, 0x9c, 0x9c, 0x9c, 0xa0, 0xa0, 0xa3, 0xa3, 0x9c, 0xa0, 0x9c, 0x9c, 0x9c, 0x9c, 0x9c, 0xa0, 0x9c, 0x9c, 0x99, 0x9c, 0x9c, 0x99, 0x99, 0x99, 0x97, 0x93, 0x99, 
  0xa0, 0xa3, 0xa3, 0xa3, 0xa3, 0xa3, 0xa0, 0xa0, 0xa3, 0xa3, 0xa3, 0xa3, 0xa3, 0xa0, 0xa3, 0xa0, 0xa3, 0xa3, 0xa0, 0xa0, 0xa0, 0xa0, 0xa0, 0xa0, 0xa0, 0xa0, 0xa0, 0xa3, 0xa0, 0xa3, 0xa3, 0xa3, 0xa3, 0xa3, 0xa3, 0xa3, 0xa0, 0xa3, 0xa0, 0xa3, 0xa3, 0xa3, 0xa3, 0xa3, 0xa3, 0xa3, 0xa3, 0xa3, 0xa3, 0xa0, 0xa0, 0xa0, 0xa0, 0xa0, 0xa0, 0xa0, 0xa0, 0xa0, 0xa0, 0xa0, 0xa0, 0xa0, 0xa0, 0xa0, 0xa0, 0xa0, 0xa0, 0xa0, 0xa0, 0xa0, 0xa0, 0xa3, 0xa3, 0xa0, 0xa0, 0xa0, 0xa0, 0xa0, 0xa0, 0xa3, 0xa3, 0xa3, 0xa3, 0xa0, 0xa3, 0xa3, 0xa0, 0xa0, 0xa3, 0xa3, 0xa3, 0xa3, 0xa3, 0xa3, 0xa3, 0xa5, 0xa3, 0xa0, 0xa0, 0xa0, 0xa0, 0xa0, 0xa0, 0xa0, 0xa0, 0xa0, 0xa0, 0xa3, 0xa3, 0xa3, 0xa3, 0xa3, 0xa3, 0xa3, 0xa3, 0xa3, 0xa3, 0xa3, 0xa3, 0xa0, 0xa0, 0x9c, 0xa0, 0xa0, 0xa0, 0x9c, 0xa0, 0xa0, 0x9c, 0x9c, 0x99, 0x9c, 0x9c, 0x9c, 0x9c, 0x9c, 0x9c, 0x9c, 0x9c, 0x9c, 0x9c, 0x9c, 0x9c, 0x9c, 0x9c, 0x9c, 0x97, 0x97, 0x93, 0x93, 0x93, 0x93, 0x91, 0x93, 0x97, 0x97, 0x93, 0x97, 0x97, 0x99, 0x97, 0x93, 0x93, 0x91, 0x93, 0x93, 0x91, 0x93, 0x91, 0x91, 0x91, 0x90, 0x90, 0x90, 0x90, 0x91, 0x90, 0x90, 0x90, 0x90, 0x91, 0x91, 0x90, 0x93, 0x93, 0x91, 0x90, 0x90, 0x90, 0x90, 0x90, 0x90, 0x90, 0x90, 0x90, 0x90, 0x91, 0x90, 0x90, 0x90, 0x91, 0x91, 0x91, 0x90, 0x90, 0x90, 0x90, 0x90, 0x91, 0x90, 0x91, 0x93, 0x93, 0x97, 0x97, 0x91, 0x91, 0x91, 0x93, 0x97, 0x97, 0x99, 0x93, 0x97, 0x9c, 0x9c, 0x9c, 0x9c, 0x9c, 0x9c, 0x9c, 0x9c, 0x9c, 0x9c, 0x9c, 0x9c, 0x9c, 0x9c, 0x9c, 0x9c, 0x9c, 0x9c, 0x9c, 0x9c, 0x9c, 0x9c, 0x9c, 0x9c, 0xa8, 0xb3, 0xb0, 0xa3, 0xa2, 0xb3, 0xba, 0xb8, 0xaf, 0xaf, 0xa3, 0x9c, 0x9c, 0xa0, 0xa8, 0xb0, 0xb0, 0xb0, 0xb0, 0xaf, 0xb0, 0xb5, 0xb7, 0xbe, 0xbc, 0xa8, 0x99, 0x9c, 0x9c, 0x99, 0x99, 0x99, 0x99, 0x97, 0x9c, 0x99, 0x9c, 0x9c, 0x9c, 0x9c, 0x9c, 0x9c, 0x9c, 0x9c, 0x9c, 0x9c, 0x9c, 0x99, 0x97, 0x99, 0x97, 0x97, 0x99, 0x97, 0x97, 0x99, 0x99, 0x97, 0x99, 0x9c, 0x99, 0x99, 0x99, 0x99, 0x99, 0x99, 0x99, 0x9c, 0x99, 0x99, 0x99, 0x9c, 0x9c, 0x9c, 0xa0, 0xa5, 0xa5, 0xa3, 0x9c, 0x99, 0x97, 0x97, 0x97, 0x99, 0x97, 0x93, 0x97, 0x99, 0x97, 0x99, 0x99, 0x97, 0x97, 0x97, 0x99, 0x99, 0x9c, 0x9c, 0x9c, 0x9c, 0x9c, 0xa0, 0xa3, 0xa0, 0xa0, 0xa0, 0x9c, 0x9c, 0x9c, 0x9c, 0x9c, 0xa0, 0x9c, 0x9c, 0x99, 0x9c, 0x9c, 0x9c, 0x97, 0x97, 0x91, 0x99, 
  0xa0, 0xa0, 0xa0, 0xa0, 0xa0, 0xa0, 0xa0, 0xa0, 0xa3, 0xa3, 0xa0, 0xa0, 0xa3, 0xa3, 0xa3, 0xa3, 0xa3, 0xa0, 0xa0, 0xa0, 0xa0, 0xa0, 0xa3, 0xa3, 0xa3, 0xa0, 0xa0, 0xa0, 0xa0, 0xa0, 0xa3, 0xa3, 0xa0, 0xa0, 0xa0, 0xa3, 0xa3, 0xa3, 0xa3, 0xa3, 0xa3, 0xa3, 0xa3, 0xa3, 0xa3, 0xa3, 0xa3, 0xa3, 0xa3, 0xa3, 0xa0, 0xa0, 0xa0, 0xa0, 0xa0, 0xa0, 0xa0, 0xa3, 0xa3, 0xa0, 0xa0, 0xa0, 0xa0, 0xa0, 0xa0, 0xa0, 0xa0, 0xa0, 0xa0, 0xa0, 0x9c, 0xa3, 0xa3, 0xa0, 0xa3, 0xa3, 0xa3, 0xa3, 0xa3, 0xa3, 0xa3, 0xa0, 0xa3, 0xa3, 0xa3, 0xa3, 0xa3, 0xa3, 0xa3, 0xa3, 0xa5, 0xa5, 0xa5, 0xa5, 0xa5, 0xa3, 0xa0, 0xa0, 0xa0, 0xa0, 0xa3, 0xa3, 0xa3, 0xa3, 0xa0, 0xa3, 0xa0, 0xa0, 0xa3, 0xa3, 0xa3, 0xa3, 0xa3, 0xa3, 0xa0, 0xa0, 0xa0, 0xa0, 0xa0, 0xa0, 0x9c, 0xa0, 0xa0, 0xa0, 0xa0, 0xa0, 0xa0, 0xa0, 0x9c, 0x9c, 0x9c, 0x9c, 0x9c, 0x9c, 0x99, 0x9c, 0x9c, 0x9c, 0x9c, 0x9c, 0x9c, 0x9c, 0x9c, 0x9c, 0x9c, 0x9c, 0x99, 0x99, 0x93, 0x93, 0x93, 0x97, 0x91, 0x93, 0x97, 0x97, 0x97, 0x97, 0x97, 0x97, 0x97, 0x93, 0x93, 0x93, 0x91, 0x91, 0x91, 0x91, 0x91, 0x93, 0x93, 0x93, 0x91, 0x91, 0x93, 0x97, 0x93, 0x93, 0x90, 0x90, 0x91, 0x90, 0x90, 0x93, 0x93, 0x91, 0x90, 0x90, 0x91, 0x91, 0x91, 0x93, 0x90, 0x90, 0x91, 0x91, 0x91, 0x91, 0x91, 0x93, 0x93, 0x93, 0x93, 0x91, 0x91, 0x93, 0x90, 0x91, 0x93, 0x90, 0x91, 0x91, 0x93, 0x97, 0x93, 0x91, 0x91, 0x91, 0x93, 0x93, 0x97, 0x93, 0x93, 0x99, 0x9c, 0x9c, 0x97, 0x99, 0x9c, 0x9c, 0x9c, 0x9c, 0xa0, 0xa0, 0x9c, 0x9c, 0x9c, 0x9c, 0x9c, 0x9c, 0x9c, 0x9c, 0x9c, 0x9c, 0x9c, 0x9c, 0x9c, 0xa3, 0xd4, 0xb3, 0xa8, 0xa0, 0xac, 0xba, 0xba, 0xb5, 0xb2, 0xa5, 0x99, 0x9c, 0xa0, 0x9c, 0x9c, 0x9c, 0x9c, 0x9c, 0x99, 0x93, 0x9c, 0x9c, 0xa3, 0xd3, 0xd3, 0x9c, 0x99, 0x99, 0x99, 0x99, 0x99, 0x99, 0x99, 0x99, 0x9c, 0x9c, 0x9c, 0x9c, 0x9c, 0x9c, 0x99, 0x9c, 0x9c, 0x9c, 0x9c, 0x9c, 0x9c, 0x99, 0x97, 0x99, 0x97, 0x97, 0x97, 0x97, 0x97, 0x97, 0x97, 0x97, 0x99, 0x99, 0x99, 0x9c, 0x99, 0x99, 0x99, 0x99, 0x99, 0x99, 0x9c, 0x9c, 0x9c, 0x9c, 0x9c, 0x9c, 0x9c, 0xa3, 0xa8, 0xa8, 0xa3, 0x9c, 0x9c, 0x99, 0x99, 0x97, 0x93, 0x93, 0x99, 0x99, 0x99, 0x99, 0x9c, 0x99, 0x99, 0x9c, 0x9c, 0x9c, 0xa0, 0xa0, 0xa0, 0x9c, 0x9c, 0x9c, 0xa0, 0xa3, 0xa0, 0xa0, 0x9c, 0x9c, 0x9c, 0x99, 0x9c, 0x9c, 0x9c, 0x99, 0x9c, 0x9c, 0x9c, 0x9c, 0x99, 0x9c, 0x97, 0x99, 
  0xa0, 0xa0, 0xa0, 0xa0, 0xa0, 0xa0, 0xa0, 0xa0, 0xa3, 0xa0, 0xa0, 0xa0, 0xa3, 0xa0, 0xa0, 0xa3, 0xa0, 0xa0, 0xa0, 0xa0, 0xa0, 0xa0, 0xa0, 0xa0, 0xa3, 0xa3, 0xa3, 0xa0, 0xa0, 0xa0, 0xa3, 0xa3, 0xa3, 0xa0, 0xa0, 0xa0, 0xa3, 0xa0, 0xa3, 0xa3, 0xa0, 0xa0, 0xa3, 0xa3, 0xa3, 0xa3, 0xa0, 0xa0, 0xa3, 0xa3, 0xa3, 0xa0, 0xa0, 0xa0, 0xa0, 0xa0, 0xa0, 0xa0, 0xa0, 0xa3, 0xa0, 0xa0, 0xa0, 0xa0, 0xa0, 0xa0, 0xa0, 0xa0, 0xa0, 0xa0, 0xa0, 0xa3, 0xa0, 0xa3, 0xa3, 0xa3, 0xa3, 0xa3, 0xa3, 0xa3, 0xa0, 0xa0, 0xa3, 0xa3, 0xa3, 0xa3, 0xa3, 0xa3, 0xa5, 0xcd, 0xa8, 0xa8, 0xa5, 0xa3, 0xa3, 0xa0, 0xa0, 0xa0, 0xa3, 0xa5, 0xa5, 0xa5, 0xa3, 0xa0, 0xa0, 0xa3, 0xa3, 0xa0, 0xa3, 0xa3, 0xa3, 0xa5, 0xa5, 0xa5, 0xa0, 0xa0, 0xa0, 0xa0, 0xa0, 0x9c, 0xa0, 0xa0, 0xa0, 0xa0, 0xa0, 0xa0, 0xa0, 0x9c, 0xa0, 0x9c, 0x9c, 0x9c, 0x9c, 0x9c, 0x99, 0x99, 0x99, 0x9c, 0x99, 0x99, 0x9c, 0x9c, 0x9c, 0x9c, 0x9c, 0x9c, 0x99, 0x97, 0x93, 0x97, 0x97, 0x97, 0x93, 0x97, 0x97, 0x97, 0x99, 0x99, 0x97, 0x93, 0x97, 0x93, 0x93, 0x93, 0x97, 0x93, 0x93, 0x93, 0x91, 0x91, 0x91, 0x91, 0x90, 0x91, 0x93, 0x93, 0x93, 0x93, 0x93, 0x93, 0x97, 0x93, 0x90, 0x93, 0x93, 0x90, 0x84, 0x89, 0x90, 0x91, 0x93, 0x93, 0x93, 0x93, 0x93, 0x93, 0x97, 0x97, 0x97, 0x97, 0x93, 0x97, 0x97, 0x97, 0x97, 0x93, 0x93, 0x97, 0x93, 0x91, 0x93, 0x93, 0x97, 0x97, 0x93, 0x93, 0x93, 0x97, 0x97, 0x97, 0x97, 0x97, 0x99, 0x9c, 0x9c, 0x99, 0x97, 0x99, 0x9c, 0x9c, 0x9c, 0x9c, 0x9c, 0xa0, 0x9c, 0x9c, 0x9c, 0x9c, 0x9c, 0x99, 0x9c, 0x9c, 0x99, 0x9c, 0x9c, 0x9c, 0xa0, 0xac, 0xb0, 0xac, 0xa0, 0xa3, 0xb5, 0xba, 0xb7, 0xb3, 0xac, 0x9c, 0x9c, 0xa0, 0xa0, 0x9c, 0x9c, 0x9c, 0x9c, 0x9c, 0x9c, 0x99, 0x9c, 0x9c, 0x9c, 0x99, 0x98, 0x9c, 0x99, 0x99, 0x99, 0x99, 0x99, 0x99, 0x99, 0x9c, 0x9c, 0x9c, 0x9c, 0x9c, 0x9c, 0x9c, 0x9c, 0x9c, 0x9c, 0x9c, 0x9c, 0xa0, 0x9c, 0x9c, 0x99, 0x97, 0x93, 0x97, 0x93, 0x93, 0x93, 0x97, 0x99, 0x99, 0x9c, 0x9c, 0x9c, 0x9c, 0x9c, 0x99, 0x99, 0x99, 0x9c, 0x9c, 0x9c, 0x9c, 0x9c, 0x9c, 0x9c, 0x9c, 0x9c, 0x9c, 0xcb, 0xcd, 0xa5, 0xa0, 0x99, 0x99, 0x99, 0x99, 0x97, 0x97, 0x99, 0x9c, 0x9c, 0x9c, 0x9c, 0x9c, 0x9c, 0x9c, 0x9c, 0xa0, 0xa0, 0xa0, 0x9c, 0x9c, 0x9c, 0xa0, 0xa3, 0xa3, 0xa3, 0xa5, 0xa3, 0xa0, 0x9c, 0x9c, 0x9c, 0x9c, 0x9c, 0x9c, 0x9c, 0x9c, 0x99, 0x9c, 0x9c, 0x9c, 0x97, 0x9c, 
  0xa0, 0xa0, 0xa0, 0xa0, 0xa3, 0xa3, 0xa3, 0xa3, 0xa0, 0xa0, 0xa0, 0xa0, 0xa3, 0xa0, 0xa3, 0xa0, 0xa0, 0xa3, 0xa0, 0xa0, 0xa0, 0xa0, 0xa0, 0xa0, 0xa3, 0xa3, 0xa3, 0xa3, 0xa0, 0xa0, 0xa0, 0xa3, 0xa3, 0xa3, 0xa0, 0xa0, 0xa3, 0xa0, 0xa0, 0xa0, 0xa0, 0xa0, 0xa3, 0xa3, 0xa3, 0xa3, 0xa3, 0xa0, 0xa0, 0xa3, 0xa0, 0xa0, 0xa0, 0xa0, 0xa0, 0xa0, 0xa0, 0xa3, 0xa3, 0xa3, 0xa0, 0xa0, 0xa0, 0xa0, 0xa0, 0xa0, 0xa0, 0x9c, 0x9c, 0xa0, 0xa0, 0xa3, 0xa3, 0xa3, 0xa3, 0xa3, 0xa3, 0xa3, 0xa3, 0xa3, 0xa3, 0xa3, 0xa3, 0xa3, 0xa3, 0xa3, 0xa5, 0xa8, 0xd3, 0xd3, 0xa8, 0xa5, 0xa3, 0xa3, 0xa0, 0xa3, 0xa5, 0xa5, 0xa8, 0xa8, 0xa5, 0xa3, 0xa3, 0xa0, 0xa0, 0xa3, 0xa3, 0xa0, 0xa3, 0xa3, 0xa0, 0xa3, 0xa3, 0xa3, 0xa3, 0xa0, 0xa0, 0xa0, 0xa0, 0xa0, 0xa0, 0xa0, 0xc9, 0xa0, 0xa0, 0xa0, 0x9c, 0x9c, 0x9c, 0x9c, 0x9c, 0x9c, 0x9c, 0x9c, 0x9c, 0x9c, 0x9c, 0x9c, 0x99, 0x9c, 0x9c, 0x99, 0x99, 0x9c, 0x9c, 0x9c, 0x97, 0x99, 0x97, 0x99, 0x97, 0x97, 0x97, 0x97, 0x93, 0x93, 0x97, 0x99, 0x97, 0x93, 0x97, 0x93, 0x93, 0x97, 0x97, 0x93, 0x93, 0x93, 0x91, 0x90, 0x91, 0x93, 0x91, 0xc8, 0x97, 0x97, 0x98, 0x98, 0x9c, 0x9c, 0x9c, 0x9c, 0x9c, 0x9c, 0xc9, 0x9c, 0x93, 0x93, 0x97, 0x9c, 0x9c, 0x9c, 0x9c, 0xc9, 0xc9, 0xa0, 0xa3, 0xa3, 0xca, 0xa3, 0xa3, 0xa3, 0xcb, 0xcb, 0xcb, 0xcb, 0xa3, 0xca, 0xc9, 0x99, 0x99, 0x9c, 0x99, 0x97, 0x97, 0x99, 0x99, 0x99, 0x99, 0x99, 0x9c, 0x9c, 0x9c, 0x9c, 0x9c, 0x9c, 0x99, 0x9c, 0x9c, 0x9c, 0x9c, 0x9c, 0x9c, 0x9c, 0x9c, 0x9c, 0x9c, 0x9c, 0x9c, 0x9c, 0x9c, 0x99, 0x99, 0x99, 0x9c, 0x9c, 0xa5, 0xaf, 0xb3, 0xa5, 0xa0, 0xaf, 0xba, 0xb8, 0xb3, 0xaf, 0xa3, 0x9c, 0x9c, 0xa0, 0xa0, 0xa0, 0x9c, 0x9c, 0x9c, 0x9c, 0x99, 0x99, 0x99, 0x9c, 0x9c, 0x99, 0x99, 0x9c, 0x9c, 0x9c, 0x9c, 0x99, 0x9c, 0x99, 0x9c, 0x9c, 0x9c, 0x99, 0x9c, 0x9c, 0x9c, 0x9c, 0x9c, 0x99, 0x9c, 0x9c, 0x9c, 0x9c, 0x9c, 0x9c, 0x99, 0x97, 0x99, 0x97, 0x97, 0x97, 0x97, 0x97, 0x99, 0x99, 0x9c, 0x9c, 0x9c, 0x9c, 0x99, 0x99, 0x9c, 0x9c, 0x9c, 0x9c, 0x9c, 0x9c, 0x9c, 0x9c, 0x9c, 0x9c, 0x9c, 0x9c, 0xa0, 0xa3, 0xa3, 0x9c, 0x9c, 0x99, 0x99, 0x99, 0x99, 0x99, 0x99, 0x99, 0x9c, 0x9c, 0x9c, 0x9c, 0x9c, 0x9c, 0x9c, 0xa0, 0xa0, 0xa0, 0x9c, 0xa0, 0xa0, 0xa5, 0xa5, 0xa5, 0xa5, 0xa8, 0xa8, 0xa5, 0xa3, 0xa0, 0x9c, 0x9c, 0x9c, 0x9c, 0x9c, 0x9c, 0x9c, 0x9c, 0x9c, 0x9c, 0x99, 0x9c, 
  0xa0, 0xa0, 0xa0, 0xa0, 0xa3, 0xa3, 0xa3, 0xa0, 0xa0, 0xa0, 0xa0, 0xa0, 0xa3, 0xa3, 0xa3, 0xa0, 0xa0, 0xa3, 0xa0, 0xa0, 0xa3, 0xa3, 0xa3, 0xa3, 0xa3, 0xa3, 0xa0, 0xa0, 0xa0, 0xa0, 0xa3, 0xa3, 0xa3, 0xa0, 0xa0, 0xa3, 0xa3, 0xa3, 0xa0, 0xa0, 0xa0, 0xa3, 0xa3, 0xa3, 0xa3, 0xa3, 0xa0, 0xa0, 0xa0, 0xa0, 0xa0, 0xa0, 0xa0, 0xa0, 0xa0, 0xa3, 0xa3, 0xa0, 0xa3, 0xa3, 0xa3, 0xa0, 0xa3, 0xa0, 0xa0, 0xa0, 0xa0, 0xa0, 0xa0, 0xa0, 0xa0, 0xa3, 0xa3, 0xa3, 0xa3, 0xa3, 0xa3, 0xa3, 0xa3, 0xa3, 0xa3, 0xa3, 0xa3, 0xa3, 0xa5, 0xa5, 0xa8, 0xd3, 0xaa, 0xa8, 0xa5, 0xa3, 0xa3, 0xa5, 0xa5, 0xa8, 0xa8, 0xa8, 0xa8, 0xa5, 0xa3, 0xa3, 0xa0, 0xa3, 0xa0, 0xa0, 0xa3, 0xa0, 0xa0, 0xa0, 0xa0, 0xa0, 0xa0, 0xa3, 0xa3, 0xa3, 0xa0, 0xa0, 0xa0, 0xa0, 0xa0, 0x9c, 0x9c, 0x9c, 0x9c, 0x9c, 0x9c, 0x9c, 0x9c, 0x9c, 0x9c, 0x9c, 0x9c, 0x9c, 0x9c, 0x9c, 0x9c, 0x9c, 0x99, 0x99, 0x99, 0x97, 0x97, 0x97, 0x9c, 0x98, 0x9c, 0x9c, 0x9c, 0xa0, 0xa0, 0xa0, 0xa0, 0xa0, 0xa0, 0xa0, 0xa0, 0xa0, 0xca, 0xa0, 0xa0, 0xc9, 0xc9, 0xa0, 0xa0, 0xa0, 0xa0, 0xa0, 0xa0, 0xc9, 0xa0, 0xca, 0xca, 0xca, 0xcb, 0xcb, 0xcb, 0xcc, 0xa5, 0xcd, 0xcd, 0xcd, 0xcd, 0xcd, 0xd3, 0xd3, 0xcd, 0xcd, 0xcd, 0xd3, 0xd3, 0xcd, 0xcd, 0xd3, 0xd3, 0xd3, 0xd3, 0xd3, 0xd3, 0xce, 0xce, 0xce, 0xce, 0xce, 0xd4, 0xd4, 0xd4, 0xce, 0xcd, 0xcb, 0xcb, 0xa3, 0x9c, 0x99, 0x9c, 0x9c, 0x9c, 0x9c, 0x9c, 0x9c, 0x9c, 0x9c, 0x9c, 0x9c, 0x9c, 0x9c, 0x9c, 0x9c, 0x9c, 0x9c, 0x9c, 0x9c, 0x9c, 0x99, 0x9c, 0x9c, 0x9c, 0x9c, 0x9c, 0x9c, 0x9c, 0x99, 0x99, 0x9c, 0x9c, 0xa0, 0xd4, 0xb3, 0xac, 0x9c, 0xa8, 0xba, 0xbb, 0xb5, 0xb3, 0xcd, 0x9c, 0xa0, 0xa0, 0xa0, 0xa0, 0x9c, 0x9c, 0x99, 0x99, 0x99, 0x97, 0x99, 0x99, 0x99, 0x99, 0x99, 0x99, 0x99, 0x9c, 0x9c, 0x9c, 0x9c, 0x9c, 0x9c, 0x9c, 0x9c, 0x9c, 0x9c, 0x9c, 0x9c, 0x9c, 0x9c, 0x9c, 0x99, 0x9c, 0x9c, 0x9c, 0x99, 0x9c, 0x9c, 0x99, 0x97, 0x9c, 0x9c, 0x97, 0x97, 0x93, 0x93, 0x97, 0x97, 0x97, 0x97, 0x99, 0x9c, 0x9c, 0x99, 0x99, 0x9c, 0x9c, 0x9c, 0x9c, 0x9c, 0x99, 0x9c, 0x9c, 0x9c, 0x9c, 0x9c, 0x9c, 0xa0, 0xa0, 0x9c, 0x9c, 0x99, 0x99, 0x99, 0x9c, 0x9c, 0x99, 0x99, 0x9c, 0x9c, 0x9c, 0x9c, 0x9c, 0x9c, 0xa0, 0xa0, 0x9c, 0xa0, 0xa0, 0xa5, 0xa8, 0xa5, 0xa5, 0xa3, 0xa3, 0xa5, 0xa5, 0xa5, 0xa5, 0xa5, 0xa0, 0x9c, 0x9c, 0x9c, 0x9c, 0xa0, 0xa0, 0x9c, 0x9c, 0x99, 0x9c, 0x9c, 
  0xa0, 0xa0, 0xa0, 0xa3, 0xa3, 0xa3, 0xa0, 0xa0, 0xa0, 0xa0, 0xa0, 0xa0, 0xa3, 0xa3, 0xa3, 0xa0, 0xa0, 0xa0, 0xa0, 0xa0, 0xa0, 0xa3, 0xa3, 0xa0, 0xa3, 0xa3, 0xa0, 0xa0, 0xa0, 0xa3, 0xa3, 0xa3, 0xa3, 0xa3, 0xa0, 0xa0, 0xa0, 0xa0, 0xa0, 0xa0, 0xa0, 0xa0, 0xa3, 0xa3, 0xa3, 0xa0, 0xa0, 0xa0, 0xa0, 0xa0, 0xa0, 0xa0, 0xa0, 0xa0, 0xa0, 0xa0, 0xa0, 0xa0, 0xa0, 0xa3, 0xa0, 0xa0, 0xa0, 0xa0, 0xa0, 0xa0, 0xc9, 0xa0, 0xa3, 0xa0, 0xa3, 0xa3, 0xa0, 0xa3, 0xa3, 0xa3, 0xa3, 0xa3, 0xa3, 0xa3, 0xa3, 0xa3, 0xa3, 0xa5, 0xa5, 0xa8, 0xac, 0xaa, 0xa5, 0xa3, 0xa3, 0xa5, 0xa5, 0xa5, 0xa8, 0xa8, 0xa5, 0xa5, 0xa5, 0xa5, 0xa3, 0xa0, 0xa0, 0xa0, 0xa0, 0xa0, 0xa0, 0xa0, 0xa0, 0xa0, 0xa0, 0xa0, 0xa0, 0xa0, 0x9c, 0xa0, 0xa0, 0xa0, 0x9c, 0xa0, 0xa0, 0xa0, 0xa0, 0xa0, 0xa0, 0x9c, 0x9c, 0x9c, 0x9c, 0x9c, 0x9c, 0x9c, 0x9c, 0x9c, 0x99, 0x99, 0x9c, 0xcb, 0xca, 0xca, 0xca, 0xca, 0xca, 0xca, 0xa3, 0xcb, 0xcb, 0xcd, 0xcd, 0xcd, 0xcd, 0xd3, 0xd3, 0xd3, 0xd3, 0xd3, 0xd3, 0xd3, 0xd3, 0xd3, 0xd3, 0xd3, 0xd3, 0xd3, 0xd3, 0xd3, 0xd3, 0xce, 0xd3, 0xd3, 0xd3, 0xd3, 0xd3, 0xd3, 0xce, 0xce, 0xce, 0xd4, 0xce, 0xce, 0xd3, 0xd3, 0xd4, 0xd3, 0xd3, 0xce, 0xd4, 0xd4, 0xd4, 0xce, 0xd4, 0xce, 0xd4, 0xd4, 0xd4, 0xd4, 0xd4, 0xd4, 0xd4, 0xd4, 0xd4, 0xd4, 0xd4, 0xd4, 0xd4, 0xd4, 0xd4, 0xd4, 0xd4, 0xd4, 0xd3, 0xa5, 0x9c, 0x9c, 0x9c, 0x9c, 0xa0, 0xa0, 0x9c, 0x9c, 0x9c, 0x9c, 0x9c, 0x9c, 0x9c, 0x9c, 0x9c, 0x9c, 0x9c, 0x9c, 0x9c, 0x9c, 0x9c, 0x9c, 0x9c, 0x9c, 0x99, 0x9c, 0xa0, 0x9c, 0x99, 0x99, 0x9c, 0x9c, 0x9c, 0xa5, 0xb3, 0xb3, 0xa3, 0xa0, 0xb3, 0xbc, 0xba, 0xb3, 0xd4, 0xa0, 0xa0, 0xa0, 0xa0, 0xa0, 0xa0, 0x9c, 0x9c, 0x9c, 0x99, 0x99, 0x97, 0x97, 0x97, 0x99, 0x99, 0x99, 0x97, 0x99, 0x9c, 0x9c, 0x9c, 0x9c, 0x9c, 0x9c, 0x9c, 0x99, 0x9c, 0x9c, 0x9c, 0x99, 0x9c, 0x9c, 0x9c, 0x9c, 0x9c, 0x9c, 0x99, 0x9c, 0x9c, 0x9c, 0x99, 0x99, 0x9c, 0x9c, 0x97, 0x97, 0x93, 0x97, 0x99, 0x99, 0x99, 0x97, 0x97, 0x9c, 0x9c, 0x99, 0x9c, 0x9c, 0x99, 0x9c, 0x9c, 0x99, 0x99, 0x99, 0x99, 0x99, 0x99, 0x99, 0x99, 0x9c, 0xa0, 0xa0, 0x9c, 0x9c, 0x99, 0x99, 0x9c, 0x9c, 0x9c, 0x9c, 0x9c, 0x9c, 0x9c, 0x9c, 0x9c, 0x9c, 0x9c, 0x9c, 0xa0, 0xa0, 0xa3, 0xa8, 0xa8, 0xa3, 0xa0, 0xa0, 0x9c, 0xa0, 0xa0, 0xa3, 0xa3, 0xa5, 0xa3, 0xa0, 0x9c, 0x9c, 0xa0, 0x9c, 0x9c, 0x9c, 0x9c, 0x99, 0x99, 0x9c, 
  0xa0, 0xa0, 0xa0, 0xa0, 0xa0, 0xa0, 0xa0, 0xa0, 0xa0, 0xa0, 0xa0, 0xa0, 0xa0, 0xa3, 0xa3, 0xa0, 0xa0, 0xa0, 0xa0, 0xa0, 0xa0, 0xa0, 0xa0, 0xa0, 0xa3, 0xa3, 0xa3, 0xa0, 0xa0, 0xa0, 0xa0, 0xa0, 0xa0, 0xa3, 0xa0, 0xa0, 0xa3, 0xa0, 0xa0, 0xa0, 0xa3, 0xa3, 0xa3, 0xa3, 0xa3, 0xa0, 0xa0, 0xa0, 0xa0, 0xa0, 0xa0, 0xa0, 0xa0, 0xa0, 0xa0, 0xa0, 0xa0, 0xa0, 0xa0, 0xa3, 0xa0, 0xa0, 0xa0, 0xa0, 0xa0, 0xa0, 0xa0, 0xa0, 0xa3, 0xa3, 0xa3, 0xa3, 0xa3, 0xa3, 0xa3, 0xa3, 0xa3, 0xa3, 0xa3, 0xa3, 0xa3, 0xa3, 0xa5, 0xcd, 0xd3, 0xd3, 0xac, 0xa5, 0xa5, 0xa5, 0xa5, 0xa5, 0xa5, 0xa5, 0xa5, 0xa5, 0xa5, 0xa5, 0xa5, 0xa3, 0xa0, 0xa0, 0xa0, 0xa3, 0xa0, 0xa0, 0xa0, 0xa0, 0xa0, 0x9c, 0x9c, 0xa0, 0xa0, 0xa0, 0xa0, 0xa0, 0xa0, 0xa0, 0xa0, 0xa0, 0xa0, 0xa0, 0xa0, 0xa0, 0x9c, 0x9c, 0x9c, 0x9c, 0xa0, 0xc9, 0xa0, 0xa0, 0xc9, 0xa0, 0xa8, 0xaf, 0xd4, 0xd3, 0xd3, 0xce, 0xce, 0xd3, 0xd3, 0xce, 0xce, 0xce, 0xd4, 0xd4, 0xd4, 0xd4, 0xd4, 0xd4, 0xd4, 0xce, 0xd4, 0xd4, 0xd4, 0xd4, 0xd4, 0xd4, 0xd4, 0xce, 0xd4, 0xd4, 0xd4, 0xd4, 0xce, 0xd4, 0xce, 0xd4, 0xd4, 0xce, 0xce, 0xd4, 0xce, 0xce, 0xce, 0xd3, 0xd3, 0xd3, 0xd3, 0xd3, 0xd4, 0xd3, 0xd3, 0xd3, 0xce, 0xce, 0xd3, 0xd3, 0xd3, 0xce, 0xd4, 0xd4, 0xce, 0xd4, 0xd4, 0xd4, 0xd4, 0xd4, 0xd4, 0xd4, 0xd4, 0xd4, 0xd4, 0xd4, 0xd4, 0xd4, 0xd0, 0xcf, 0xd4, 0xd3, 0xa0, 0x9c, 0x9c, 0x9c, 0x9c, 0xa0, 0xa0, 0x9c, 0x9c, 0x9c, 0x9c, 0x9c, 0xa0, 0xa0, 0x9c, 0x9c, 0x9c, 0x99, 0x9c, 0x9c, 0x9c, 0x9c, 0x9c, 0x99, 0x97, 0x99, 0x9c, 0x99, 0x97, 0x99, 0x9c, 0x99, 0xa0, 0xac, 0xb3, 0xaa, 0xa0, 0xaa, 0xb8, 0xba, 0xb6, 0xb0, 0xa5, 0xa0, 0xa0, 0xa0, 0xa0, 0xa0, 0xa0, 0x9c, 0x9c, 0x99, 0x99, 0x99, 0x93, 0x93, 0x97, 0x99, 0x9c, 0x9c, 0x99, 0x9c, 0x99, 0x9c, 0x9c, 0x9c, 0x9c, 0x9c, 0x9c, 0x9c, 0x9c, 0x9c, 0x9c, 0x9c, 0x9c, 0x9c, 0x9c, 0x9c, 0x9c, 0x9c, 0x99, 0x9c, 0x9c, 0x9c, 0x99, 0x9c, 0x9c, 0x9c, 0x99, 0x99, 0x99, 0x9c, 0x9c, 0x9c, 0x9c, 0x99, 0x99, 0x99, 0x99, 0x99, 0x99, 0x99, 0x99, 0x99, 0x9c, 0x99, 0x9c, 0x99, 0x99, 0x99, 0x97, 0x97, 0x97, 0x99, 0x9c, 0xa0, 0xa0, 0xa0, 0x9c, 0x9c, 0x99, 0x99, 0x99, 0x9c, 0x9c, 0x9c, 0x9c, 0x9c, 0x9c, 0x9c, 0x9c, 0xa0, 0xa0, 0xa3, 0xa8, 0xd3, 0xa3, 0xa0, 0xa0, 0x9c, 0x9c, 0x9c, 0x9c, 0xa0, 0xa3, 0xa5, 0xa8, 0xa3, 0xa0, 0x9c, 0x9c, 0x9c, 0x9c, 0x9c, 0x9c, 0x9c, 0x99, 0x9c, 
  0xa0, 0xa0, 0xa0, 0xa0, 0xa0, 0xa3, 0xa0, 0x9c, 0xa0, 0x9c, 0xa0, 0xa0, 0xa0, 0xa0, 0xa0, 0xa0, 0xa0, 0xa0, 0xa0, 0xa0, 0xa0, 0xa0, 0xa3, 0xa0, 0xa0, 0xa0, 0xa3, 0xa3, 0x9c, 0xa0, 0xa0, 0xa0, 0xa0, 0xa3, 0xa3, 0xa0, 0xa3, 0xa3, 0xa0, 0xa3, 0xa3, 0xa3, 0xa3, 0xa3, 0xa0, 0xa0, 0xa0, 0xa0, 0xa0, 0xa0, 0xa3, 0xa3, 0xa3, 0xa0, 0xa0, 0xa3, 0xa0, 0xa0, 0xa0, 0xa3, 0xa0, 0xa0, 0xa0, 0xa0, 0xa0, 0xa0, 0xa3, 0xa3, 0xa3, 0xa5, 0xa3, 0xa3, 0xa3, 0xa3, 0xa3, 0xa3, 0xa3, 0xa3, 0xa3, 0xa3, 0xa3, 0xa3, 0xa5, 0xd3, 0xd3, 0xa8, 0xa5, 0xa5, 0xa8, 0xa8, 0xa8, 0xa5, 0xa3, 0xa3, 0xa3, 0xa5, 0xcd, 0xa5, 0xa3, 0xa0, 0xa0, 0xa3, 0xa3, 0xa3, 0xa0, 0xa0, 0xa0, 0xa0, 0xa0, 0xa0, 0xa0, 0xa0, 0xa0, 0xa0, 0xa0, 0xa0, 0xa0, 0xa0, 0xa0, 0x9c, 0x9c, 0xa0, 0xa0, 0x9c, 0x9c, 0x9c, 0x9c, 0xa0, 0xa0, 0xa3, 0xa3, 0xd4, 0xd1, 0xb5, 0xba, 0xbb, 0xd0, 0xd3, 0xd4, 0xd4, 0xd4, 0xd4, 0xd4, 0xd4, 0xd4, 0xd4, 0xd4, 0xd4, 0xd4, 0xd4, 0xd4, 0xd4, 0xd4, 0xce, 0xd4, 0xd4, 0xd4, 0xd4, 0xd4, 0xd4, 0xd4, 0xd4, 0xd3, 0xd4, 0xd4, 0xd4, 0xd4, 0xd4, 0xce, 0xd3, 0xd4, 0xce, 0xd3, 0xd4, 0xd3, 0xd4, 0xd3, 0xd3, 0xd3, 0xd3, 0xce, 0xd3, 0xd4, 0xd3, 0xd3, 0xd3, 0xd3, 0xd3, 0xd3, 0xd3, 0xd3, 0xd4, 0xd3, 0xd3, 0xd4, 0xd4, 0xd4, 0xd4, 0xd4, 0xd4, 0xd4, 0xd3, 0xd4, 0xd4, 0xd4, 0xd4, 0xd4, 0xd4, 0xd4, 0xd0, 0xb0, 0xb0, 0xd3, 0xa0, 0x9c, 0x9c, 0x9c, 0x9c, 0x9c, 0x9c, 0x9c, 0x9c, 0x9c, 0xa0, 0x9c, 0x9c, 0x9c, 0x9c, 0x9c, 0x99, 0x99, 0x99, 0x9c, 0x9c, 0x99, 0x97, 0x97, 0x97, 0x99, 0x97, 0x97, 0x97, 0x99, 0x9c, 0xa5, 0xaf, 0xa8, 0x9c, 0xa3, 0xb3, 0xb8, 0xb6, 0xb0, 0xa8, 0xa0, 0xa0, 0xa0, 0x9c, 0x9c, 0xa0, 0xa0, 0x9c, 0x9c, 0x9c, 0x9c, 0x9c, 0x99, 0x99, 0x99, 0x97, 0x9c, 0x99, 0x9c, 0x9c, 0x99, 0x9c, 0xa0, 0xa0, 0x9c, 0x9c, 0x9c, 0x9c, 0x9c, 0xa0, 0xa0, 0x9c, 0x9c, 0x9c, 0x9c, 0x9c, 0x9c, 0x9c, 0x9c, 0x9c, 0x9c, 0x9c, 0x99, 0x9c, 0x9c, 0x9c, 0x9c, 0xa0, 0xa0, 0x9c, 0x9c, 0x9c, 0x9c, 0x9c, 0x99, 0x99, 0x97, 0x97, 0x99, 0x99, 0x97, 0x9c, 0x99, 0x99, 0x9c, 0x99, 0x97, 0x97, 0x97, 0x99, 0x99, 0x97, 0x97, 0x9c, 0xa3, 0xa3, 0xa0, 0x9c, 0x9c, 0x99, 0x9c, 0x9c, 0x9c, 0x9c, 0x9c, 0x9c, 0x9c, 0x9c, 0x9c, 0xa0, 0xa0, 0xa8, 0xd4, 0xcd, 0xa0, 0x9c, 0x9c, 0x99, 0x9c, 0x9c, 0x99, 0x9c, 0xa0, 0xa5, 0xa8, 0xa3, 0xa0, 0x9c, 0x9c, 0x9c, 0x99, 0x99, 0x9c, 0x9c, 0x9c, 0x9c, 
  0xa0, 0xa0, 0xa0, 0xa0, 0xa0, 0xa3, 0xa0, 0xa0, 0xa0, 0x9c, 0xa0, 0xa0, 0xa0, 0xa0, 0x9c, 0xa0, 0xa0, 0xa0, 0xa0, 0xa0, 0xa0, 0xa0, 0xa3, 0xa0, 0xa0, 0xa0, 0xa3, 0xa3, 0xa0, 0xa0, 0xa0, 0xa0, 0xa0, 0xa3, 0xa0, 0xa3, 0xa0, 0xa3, 0xa0, 0xa3, 0xa3, 0xa3, 0xa3, 0xa3, 0xa0, 0xa0, 0xa3, 0xa3, 0xa3, 0xa0, 0xa0, 0xa0, 0xa3, 0xa0, 0xa0, 0xa3, 0xa0, 0xa0, 0xa0, 0xa3, 0xa0, 0xa0, 0xa0, 0xa0, 0xa0, 0xa3, 0xa3, 0xa3, 0xa5, 0xa3, 0xa3, 0xa3, 0xa3, 0xa3, 0xa3, 0xa3, 0xa3, 0xa3, 0xa5, 0xa5, 0xa3, 0xa3, 0xa8, 0xa8, 0xa8, 0xa5, 0xa5, 0xa8, 0xd3, 0xd3, 0xa8, 0xa5, 0xa3, 0xa3, 0xa5, 0xa3, 0xcb, 0xa3, 0xa0, 0xa0, 0xa0, 0xa3, 0xa0, 0xa0, 0xa0, 0xa0, 0xa0, 0xa0, 0xa0, 0xa3, 0xa0, 0xa0, 0xa0, 0xa3, 0xa3, 0xa0, 0xa0, 0xa0, 0xa0, 0xa0, 0xa0, 0xa0, 0xc9, 0x9c, 0x9c, 0x9c, 0xa3, 0xcb, 0xaf, 0xb5, 0xb7, 0xba, 0xbc, 0xbc, 0xbc, 0xb9, 0xd3, 0xd3, 0xd4, 0xd4, 0xd4, 0xd4, 0xd4, 0xd4, 0xd4, 0xd4, 0xd4, 0xd4, 0xd4, 0xd4, 0xd4, 0xd4, 0xd4, 0xd4, 0xd4, 0xd4, 0xd4, 0xd4, 0xd4, 0xd4, 0xd4, 0xd4, 0xd4, 0xd4, 0xd4, 0xd4, 0xd4, 0xd4, 0xd4, 0xd4, 0xce, 0xd3, 0xd3, 0xd3, 0xd4, 0xd4, 0xd4, 0xd3, 0xd4, 0xd4, 0xd3, 0xd3, 0xd3, 0xd3, 0xd3, 0xd3, 0xd3, 0xd3, 0xd3, 0xd3, 0xd3, 0xce, 0xd3, 0xd4, 0xd4, 0xd4, 0xd4, 0xd4, 0xd4, 0xd4, 0xd4, 0xd4, 0xd4, 0xd4, 0xd4, 0xd4, 0xd4, 0xd4, 0xd4, 0xd0, 0xb0, 0xb0, 0xb0, 0xd3, 0xa0, 0x9c, 0x9c, 0x9c, 0x9c, 0x9c, 0x9c, 0xa0, 0x9c, 0xa0, 0x9c, 0x9c, 0x9c, 0x9c, 0x9c, 0x99, 0x99, 0x9c, 0x99, 0x97, 0x97, 0x97, 0x97, 0x99, 0x97, 0x97, 0x97, 0x97, 0x99, 0xa3, 0xaf, 0xb0, 0xa5, 0x9c, 0xac, 0xb8, 0xb8, 0xb3, 0xd4, 0xa3, 0x9c, 0xa0, 0xa0, 0xa0, 0x9c, 0xa0, 0xa0, 0x9c, 0x9c, 0x9c, 0x9c, 0x9c, 0x9c, 0x99, 0x97, 0x99, 0x9c, 0x99, 0x99, 0x99, 0x9c, 0x9c, 0x9c, 0x9c, 0x9c, 0x9c, 0x9c, 0x9c, 0x9c, 0x9c, 0xa0, 0x9c, 0x9c, 0x9c, 0x9c, 0x9c, 0x9c, 0x9c, 0x9c, 0x9c, 0x9c, 0x9c, 0x9c, 0x9c, 0x9c, 0x9c, 0x9c, 0x9c, 0x9c, 0x9c, 0x9c, 0x99, 0x99, 0x99, 0x9c, 0x99, 0x97, 0x97, 0x99, 0x9c, 0x9c, 0x9c, 0x9c, 0x97, 0x97, 0x97, 0x97, 0x93, 0x97, 0x99, 0x9c, 0x97, 0x97, 0x99, 0x9c, 0xa3, 0xa0, 0xa0, 0x9c, 0x9c, 0xa0, 0x9c, 0x9c, 0x9c, 0x9c, 0x9c, 0x9c, 0x9c, 0xa0, 0xa0, 0xa3, 0xd3, 0xd3, 0xa5, 0xa3, 0x9c, 0x9c, 0x9c, 0x9c, 0x99, 0x99, 0x9c, 0xa0, 0xa3, 0xa5, 0xa3, 0xa0, 0x9c, 0x9c, 0x9c, 0x9c, 0x99, 0x9c, 0x9c, 0x9c, 0x9c, 
  0xa0, 0xa0, 0xa0, 0xa0, 0xa0, 0xa0, 0xa0, 0xa0, 0xa0, 0xa3, 0xa0, 0xa0, 0xa0, 0xa0, 0x9c, 0x9c, 0xa0, 0xa0, 0xa0, 0xa0, 0xa0, 0xa0, 0xa3, 0xa3, 0xa3, 0xa0, 0xa0, 0xa0, 0xa3, 0xa0, 0xa0, 0xa0, 0xa0, 0xa0, 0xa0, 0xa3, 0xa0, 0xa3, 0xa3, 0xa3, 0xa0, 0xa3, 0xa3, 0xa0, 0xa3, 0xa3, 0xa3, 0xa3, 0xa3, 0xa3, 0xa0, 0xa0, 0xa0, 0xa3, 0xa0, 0xa3, 0xa3, 0xa0, 0xa0, 0xa0, 0xa0, 0xa0, 0xa0, 0xa3, 0xa3, 0xa3, 0xa3, 0xa3, 0xa3, 0xa3, 0xa3, 0xa3, 0xa0, 0xa3, 0xa3, 0xa3, 0xa3, 0xa3, 0xa3, 0xa3, 0xa3, 0xa5, 0xa5, 0xa5, 0xa5, 0xa5, 0xa8, 0xa5, 0xa8, 0xa8, 0xa8, 0xa5, 0xa5, 0xa3, 0xa3, 0xa3, 0xa3, 0xa3, 0xa0, 0xa0, 0xa0, 0xa0, 0xa3, 0xa0, 0xa0, 0xa0, 0xa0, 0xa0, 0xa0, 0xa0, 0xa0, 0xa0, 0xa0, 0xa3, 0xa3, 0xa3, 0xa0, 0xa0, 0xa0, 0xa0, 0xa0, 0xa0, 0xa0, 0xa3, 0xcd, 0xd3, 0xb3, 0xb7, 0xba, 0xbc, 0xbc, 0xba, 0xbd, 0xbd, 0xbc, 0xb9, 0xd3, 0xd3, 0xd4, 0xd4, 0xd4, 0xd4, 0xd4, 0xd4, 0xd4, 0xd4, 0xd4, 0xd0, 0xd4, 0xd4, 0xd4, 0xd4, 0xd4, 0xd4, 0xd4, 0xd4, 0xd4, 0xd4, 0xd4, 0xd4, 0xd4, 0xd4, 0xd3, 0xce, 0xd4, 0xd4, 0xd4, 0xd4, 0xce, 0xd4, 0xd4, 0xd4, 0xce, 0xd3, 0xd3, 0xd3, 0xd3, 0xd3, 0xd3, 0xd3, 0xd3, 0xd3, 0xce, 0xd3, 0xd3, 0xd3, 0xd3, 0xd3, 0xd3, 0xd3, 0xd3, 0xd3, 0xd3, 0xd3, 0xd4, 0xd4, 0xd4, 0xd4, 0xd4, 0xd4, 0xd4, 0xd4, 0xd4, 0xd4, 0xd4, 0xd4, 0xd0, 0xd4, 0xd4, 0xd4, 0xb0, 0xb0, 0xb0, 0xd4, 0xcb, 0x9c, 0x9c, 0x9c, 0x9c, 0x9c, 0x9c, 0x9c, 0xa0, 0x9c, 0x9c, 0x9c, 0x99, 0x9c, 0x9c, 0x99, 0x99, 0x99, 0x99, 0x97, 0x97, 0x97, 0x99, 0x97, 0x97, 0x97, 0x9c, 0x99, 0x9c, 0xa8, 0xb3, 0xac, 0x9c, 0xa3, 0xb6, 0xba, 0xb5, 0xb0, 0xa8, 0xa0, 0x9c, 0x9c, 0xa0, 0xa0, 0xa0, 0xa0, 0xa0, 0x9c, 0x9c, 0x9c, 0x9c, 0x9c, 0x9c, 0x9c, 0x99, 0x9c, 0x9c, 0x9c, 0x9c, 0x9c, 0x9c, 0x9c, 0x9c, 0x9c, 0x9c, 0x9c, 0x9c, 0x9c, 0x9c, 0x9c, 0x9c, 0x99, 0x9c, 0x9c, 0x9c, 0x9c, 0x9c, 0x9c, 0x9c, 0x9c, 0x9c, 0x99, 0x99, 0x9c, 0x99, 0x99, 0x99, 0x9c, 0x9c, 0x9c, 0x9c, 0x99, 0x97, 0x99, 0x9c, 0x9c, 0x99, 0x9c, 0x9c, 0x9c, 0x99, 0x99, 0x9c, 0x99, 0x99, 0x97, 0x97, 0x93, 0x97, 0x99, 0x99, 0x99, 0x93, 0x97, 0x99, 0xa0, 0xa3, 0xa3, 0xa0, 0xa0, 0xa0, 0x9c, 0x9c, 0x9c, 0x9c, 0x9c, 0x9c, 0x9c, 0xa0, 0xa3, 0xa8, 0xd3, 0xa5, 0xa3, 0xa3, 0xa0, 0x9c, 0x99, 0x9c, 0x99, 0x97, 0x99, 0x9c, 0xa0, 0xa5, 0xa3, 0xa3, 0x9c, 0x9c, 0x9c, 0x9c, 0x9c, 0x9c, 0x9c, 0x9c, 0x9c, 
  0xa0, 0xa0, 0x9c, 0xa0, 0xa0, 0xa0, 0xa0, 0xa0, 0xa0, 0xa0, 0xa0, 0xa0, 0xa0, 0xa0, 0x9c, 0x9c, 0xa0, 0xa0, 0xa0, 0xa0, 0xa0, 0xa3, 0xa3, 0xa3, 0xa3, 0xa0, 0xa0, 0xa0, 0xa0, 0xa3, 0xa3, 0xa3, 0xa3, 0xa3, 0xa3, 0xa3, 0xa3, 0xa3, 0xa3, 0xa3, 0xa3, 0xa0, 0xa3, 0xa3, 0xa3, 0xa3, 0xa3, 0xa0, 0xa0, 0xa0, 0xa0, 0xa0, 0xa0, 0xa0, 0xa0, 0xa0, 0xa0, 0xa0, 0xa0, 0xa0, 0xa0, 0xa0, 0xa0, 0xa0, 0xa3, 0xa3, 0xa3, 0xa3, 0xa3, 0xa3, 0xa3, 0xa3, 0xa3, 0xa3, 0xa3, 0xa3, 0xa3, 0xa3, 0xa3, 0xa3, 0xa3, 0xa5, 0xa5, 0xa5, 0xa5, 0xa5, 0xa3, 0xa3, 0xa5, 0xa5, 0xa8, 0xa5, 0xa5, 0xa3, 0xa3, 0xa3, 0xa3, 0xa0, 0xa3, 0xa3, 0xa3, 0xa0, 0xa0, 0xa0, 0xa0, 0xa0, 0xa0, 0xa0, 0xa0, 0xa0, 0xa0, 0xa0, 0xa3, 0xa0, 0xa3, 0xa0, 0xa0, 0xa0, 0xa0, 0xa0, 0xa0, 0xa5, 0xd4, 0xb5, 0xba, 0xba, 0xbc, 0xbc, 0xbc, 0xbc, 0xbc, 0xbc, 0xbd, 0xbc, 0xbc, 0xba, 0xd4, 0xcd, 0xd3, 0xd4, 0xd4, 0xd4, 0xce, 0xd4, 0xce, 0xce, 0xd4, 0xd4, 0xd4, 0xd3, 0xd4, 0xd4, 0xd4, 0xd4, 0xd4, 0xd4, 0xd4, 0xd4, 0xd4, 0xd4, 0xd4, 0xd3, 0xd3, 0xd3, 0xd3, 0xd4, 0xd3, 0xce, 0xce, 0xce, 0xd3, 0xd4, 0xce, 0xd3, 0xd3, 0xd3, 0xd3, 0xd3, 0xd3, 0xd3, 0xd3, 0xd3, 0xce, 0xd4, 0xd4, 0xd3, 0xce, 0xce, 0xd3, 0xd4, 0xd4, 0xd4, 0xd4, 0xd4, 0xd4, 0xd4, 0xd4, 0xd4, 0xd4, 0xd4, 0xd4, 0xd4, 0xd4, 0xd4, 0xd4, 0xd4, 0xd4, 0xd4, 0xd4, 0xce, 0xd4, 0xb0, 0xb0, 0xb0, 0xd4, 0xcb, 0x9c, 0x9c, 0x9c, 0x9c, 0x9c, 0x9c, 0x9c, 0xa0, 0x9c, 0x99, 0x9c, 0x9c, 0x99, 0x9c, 0x9c, 0x99, 0x97, 0x97, 0x97, 0x97, 0x97, 0x97, 0x99, 0x99, 0x9c, 0x9c, 0xa0, 0xb2, 0xb0, 0xa5, 0xc9, 0xaa, 0xba, 0xb8, 0xb0, 0xaf, 0xa3, 0x9c, 0x9c, 0x9c, 0x9c, 0x9c, 0x9c, 0x9c, 0xa0, 0xa0, 0x9c, 0x9c, 0x9c, 0x9c, 0x9c, 0x9c, 0x99, 0x9c, 0x9c, 0x9c, 0x9c, 0xa0, 0xa0, 0xa0, 0x9c, 0x9c, 0x9c, 0x9c, 0x9c, 0x9c, 0x9c, 0x9c, 0x9c, 0x99, 0x99, 0x9c, 0x9c, 0x9c, 0x99, 0x9c, 0x9c, 0x9c, 0x9c, 0x9c, 0x99, 0x99, 0x97, 0x99, 0x93, 0x99, 0x9c, 0x9c, 0x9c, 0x9c, 0x97, 0x99, 0x99, 0x99, 0x9c, 0x9c, 0x9c, 0x9c, 0x9c, 0x99, 0x9c, 0x99, 0x99, 0x99, 0x97, 0x97, 0x97, 0x99, 0x99, 0x97, 0x93, 0x93, 0x99, 0x9c, 0xa3, 0xa5, 0xa3, 0xa0, 0x9c, 0x9c, 0x9c, 0xa0, 0xa0, 0x9c, 0x9c, 0x9c, 0xa0, 0xcb, 0xd3, 0xa8, 0xa3, 0xa0, 0xa0, 0x9c, 0x99, 0x99, 0x99, 0x99, 0x97, 0x93, 0x99, 0x9c, 0xa0, 0xa5, 0xa5, 0xa3, 0x9c, 0x9c, 0x9c, 0x9c, 0x9c, 0x9c, 0x9c, 0x99, 
  0xa3, 0xa0, 0xa0, 0xa0, 0xa0, 0xa0, 0xa0, 0xa0, 0xa0, 0xa0, 0x9c, 0x9c, 0x9c, 0x9c, 0x9c, 0x9c, 0x9c, 0xa0, 0xa0, 0x9c, 0xa0, 0xa3, 0xa3, 0xa3, 0xa0, 0xa0, 0xa0, 0xa0, 0x9c, 0xa0, 0xa3, 0xa3, 0xa0, 0xa3, 0xa0, 0xa3, 0xa3, 0xa3, 0xa3, 0xa3, 0xa3, 0xa3, 0xa3, 0xa3, 0xa3, 0xa3, 0xa3, 0xa0, 0xa0, 0xa0, 0xa0, 0xa0, 0xa0, 0xa0, 0xa0, 0xa0, 0xa0, 0xa0, 0xa0, 0xa0, 0xa0, 0xa0, 0xa0, 0xa3, 0xa3, 0xa3, 0xa3, 0xa3, 0xa3, 0xa3, 0xa3, 0xa3, 0xa3, 0xa3, 0xa3, 0xa5, 0xa3, 0xa3, 0xa3, 0xa3, 0xa3, 0xa3, 0xa5, 0xa3, 0xa5, 0xa3, 0xa3, 0xa3, 0xa5, 0xa8, 0xa8, 0xa5, 0xa3, 0xa3, 0xa3, 0xa0, 0xa3, 0xa3, 0xa3, 0xa3, 0xa3, 0xa3, 0xa3, 0xa0, 0xa0, 0xa3, 0xa3, 0xa0, 0xa0, 0xa0, 0xa0, 0xa0, 0xa0, 0xa3, 0xa0, 0xa0, 0xa3, 0xa3, 0xa3, 0xa5, 0xaf, 0xb7, 0xbc, 0xbc, 0xbc, 0xbc, 0xbd, 0xbe, 0xbe, 0xbe, 0xbe, 0xbc, 0xbd, 0xbc, 0xba, 0xba, 0xb0, 0xcd, 0xcd, 0xce, 0xce, 0xd3, 0xd3, 0xd4, 0xd4, 0xd4, 0xd4, 0xce, 0xd4, 0xd4, 0xd4, 0xd4, 0xd4, 0xd4, 0xd4, 0xd4, 0xd4, 0xd4, 0xd4, 0xd4, 0xd4, 0xd4, 0xd4, 0xd4, 0xd3, 0xd4, 0xd3, 0xce, 0xd4, 0xd3, 0xd3, 0xd3, 0xce, 0xd4, 0xd4, 0xd4, 0xd4, 0xd4, 0xd4, 0xce, 0xd4, 0xd3, 0xd4, 0xd4, 0xd4, 0xce, 0xce, 0xd4, 0xd3, 0xd4, 0xd4, 0xd4, 0xd4, 0xd4, 0xd4, 0xd4, 0xd4, 0xd4, 0xd4, 0xd4, 0xd4, 0xd4, 0xd4, 0xd4, 0xd4, 0xd4, 0xd4, 0xd4, 0xd4, 0xd3, 0xd3, 0xd0, 0xb0, 0xb0, 0xb0, 0xd4, 0xcb, 0x9c, 0x9c, 0x9c, 0x9c, 0x9c, 0x9c, 0x9c, 0x9c, 0x97, 0x99, 0x99, 0x97, 0x99, 0x99, 0x97, 0x93, 0x93, 0x93, 0x93, 0x93, 0x99, 0x99, 0x99, 0x99, 0x9c, 0xa8, 0xb3, 0xa8, 0x9c, 0xa5, 0xb6, 0xbc, 0xb6, 0xaf, 0xa5, 0x9c, 0x9c, 0x9c, 0x9c, 0x9c, 0x9c, 0x9c, 0x9c, 0x9c, 0xa0, 0x9c, 0x9c, 0x9c, 0x9c, 0x9c, 0x9c, 0x9c, 0x9c, 0x9c, 0x9c, 0x9c, 0x9c, 0xa0, 0x9c, 0x9c, 0x9c, 0x9c, 0x9c, 0x9c, 0x9c, 0x99, 0x9c, 0x9c, 0x9c, 0x9c, 0x9c, 0x9c, 0x99, 0x97, 0x99, 0x9c, 0x9c, 0x99, 0x9c, 0x9c, 0x9c, 0x97, 0x9c, 0x99, 0x97, 0x9c, 0x9c, 0x9c, 0x9c, 0x99, 0x97, 0x99, 0x99, 0x9c, 0x99, 0x99, 0x99, 0x97, 0x9c, 0x99, 0x99, 0x97, 0x93, 0x93, 0x97, 0x93, 0x97, 0x97, 0x97, 0x97, 0x93, 0x99, 0x9c, 0xa0, 0xa5, 0xa5, 0xa3, 0x9c, 0x9c, 0x9c, 0xa0, 0xa0, 0xa0, 0x9c, 0x9c, 0xa3, 0xa8, 0xa8, 0xa3, 0xa0, 0x9c, 0x97, 0x99, 0x9c, 0x9c, 0x99, 0x97, 0x97, 0x93, 0x97, 0x99, 0x9c, 0xa3, 0xcd, 0xa8, 0xa0, 0x9c, 0x9c, 0x9c, 0x9c, 0x9c, 0x9c, 0x99, 
  0xa3, 0xa3, 0xa3, 0xa0, 0xa0, 0xa0, 0xa0, 0xa0, 0xa0, 0xa0, 0xa0, 0x9c, 0x9c, 0x9c, 0xa0, 0xa0, 0x9c, 0xa0, 0xa0, 0xa0, 0xa3, 0xa3, 0xa3, 0xa3, 0xa0, 0xa3, 0xa0, 0xa3, 0xa0, 0xa0, 0xa3, 0xa0, 0xa0, 0xa3, 0xa3, 0xa3, 0xa3, 0xa5, 0xa3, 0xa3, 0xa3, 0xa3, 0xa3, 0xa3, 0xa5, 0xa3, 0xa3, 0xa0, 0xa0, 0xa0, 0xa0, 0xa0, 0xa0, 0x9c, 0xa0, 0x9c, 0xa0, 0xa0, 0xa0, 0xa0, 0xa0, 0xa3, 0xa3, 0xa3, 0xa3, 0xa0, 0xa0, 0xa3, 0xa3, 0xa3, 0xa3, 0xa0, 0xa3, 0xa3, 0xa3, 0xa5, 0xa3, 0xa3, 0xa3, 0xa5, 0xa3, 0xa3, 0xa3, 0xa3, 0xa3, 0xa3, 0xa3, 0xa5, 0xa5, 0xa5, 0xa5, 0xa3, 0xa3, 0xa3, 0xa3, 0xa0, 0xa3, 0xa3, 0xa3, 0xa3, 0xa3, 0xa3, 0xa0, 0xa3, 0xa3, 0xa3, 0xa3, 0xa0, 0xa0, 0xa0, 0xa1, 0x9f, 0xa1, 0xa2, 0xa3, 0xa3, 0xa0, 0xa3, 0xa5, 0xd2, 0xbc, 0xbc, 0xbc, 0xbc, 0xbc, 0xbe, 0xbe, 0xbe, 0xbd, 0xbc, 0xbc, 0xbc, 0xba, 0xba, 0xba, 0xba, 0xb7, 0xd0, 0xcc, 0xd3, 0xd3, 0xd3, 0xd3, 0xd3, 0xd3, 0xd3, 0xd4, 0xd4, 0xd4, 0xd4, 0xb0, 0xd0, 0xd0, 0xd0, 0xb0, 0xb0, 0xd4, 0xd0, 0xd4, 0xd4, 0xd4, 0xd4, 0xd4, 0xd4, 0xd4, 0xd4, 0xd4, 0xd4, 0xd4, 0xd4, 0xce, 0xd3, 0xd3, 0xd4, 0xd4, 0xce, 0xd4, 0xce, 0xd4, 0xd4, 0xd4, 0xd4, 0xd4, 0xd4, 0xd4, 0xce, 0xd3, 0xd3, 0xd4, 0xd4, 0xd4, 0xd4, 0xd4, 0xd4, 0xce, 0xd4, 0xd4, 0xd4, 0xd4, 0xd4, 0xd4, 0xd4, 0xd4, 0xd4, 0xd4, 0xd4, 0xd4, 0xd4, 0xd3, 0xcd, 0xd3, 0xd3, 0xd0, 0xb0, 0xb0, 0xb0, 0xd4, 0xcb, 0xa0, 0x9c, 0x9c, 0xa0, 0x9c, 0x9c, 0x99, 0x99, 0x97, 0x9c, 0x99, 0x97, 0x99, 0x97, 0x93, 0x93, 0x93, 0x93, 0x97, 0x97, 0x93, 0x97, 0x97, 0xa3, 0xb5, 0xb2, 0xa3, 0xca, 0xb0, 0xbb, 0xb8, 0xb3, 0xd4, 0x9c, 0x99, 0x9c, 0x99, 0x99, 0x9c, 0x97, 0x9c, 0x9c, 0x9c, 0xa0, 0x9c, 0x9c, 0x9c, 0x9c, 0x9c, 0x9c, 0x9c, 0x9c, 0x9c, 0x9c, 0xa0, 0x9c, 0xa0, 0x9c, 0x9c, 0x9c, 0x9c, 0x9c, 0x9c, 0x9c, 0x9c, 0x9c, 0x9c, 0xa0, 0x9c, 0x9c, 0x97, 0x97, 0x9c, 0x9c, 0x9c, 0x9c, 0x9c, 0x9c, 0x9c, 0x99, 0x97, 0x99, 0x9c, 0x99, 0x99, 0x9c, 0x9c, 0x9c, 0x99, 0x97, 0x93, 0x99, 0x9c, 0x9c, 0x9c, 0x99, 0x99, 0x99, 0x97, 0x97, 0x97, 0x93, 0x97, 0x97, 0x97, 0x93, 0x97, 0x97, 0x97, 0x97, 0x97, 0x99, 0x9c, 0xa3, 0xa5, 0xa3, 0xa0, 0x9c, 0xa0, 0xa0, 0xa0, 0xa0, 0xa0, 0xa0, 0xa8, 0xac, 0xa3, 0x9c, 0x9c, 0x99, 0x99, 0x93, 0x93, 0x97, 0x97, 0x97, 0x97, 0x97, 0x99, 0x99, 0x99, 0xa0, 0xa5, 0xa8, 0xa3, 0x9c, 0x9c, 0x99, 0x9c, 0x99, 0x97, 0x93, 
  0xa3, 0xa3, 0xa3, 0xa0, 0xa0, 0xa3, 0xa0, 0xa0, 0xa0, 0xa0, 0xa0, 0x99, 0x9c, 0x9c, 0xa0, 0xa0, 0xa0, 0xa0, 0xa0, 0xa3, 0xa3, 0xa3, 0xa0, 0xa3, 0xa3, 0xa0, 0xa0, 0xa3, 0xa0, 0xa3, 0xa0, 0xa3, 0xa0, 0xa3, 0xa3, 0xa3, 0xa3, 0xa3, 0xa3, 0xa0, 0xa3, 0xa3, 0xa3, 0xa3, 0xa3, 0xa0, 0xa0, 0xa0, 0xa3, 0xa0, 0x9c, 0xa0, 0xa0, 0x9c, 0xa0, 0x99, 0x9c, 0xa0, 0xa0, 0xa0, 0xa0, 0xa0, 0xa3, 0xa3, 0xa3, 0xa3, 0xa3, 0xa3, 0xa0, 0xa5, 0xa3, 0xa3, 0xa5, 0xa3, 0xa3, 0xa3, 0xa5, 0xa3, 0xa3, 0xa3, 0xa3, 0xa3, 0xa3, 0xa3, 0xa3, 0xa3, 0xa3, 0xa3, 0xa3, 0xa3, 0xa3, 0xa3, 0xa3, 0xa3, 0xa5, 0xa3, 0xa0, 0xa3, 0xa3, 0xa3, 0xa3, 0xa3, 0xa0, 0xa3, 0xa0, 0xa3, 0xa0, 0xa1, 0x95, 0x1c, 0x16, 0x14, 0x14, 0x18, 0x1a, 0x1e, 0x9f, 0xa3, 0xb5, 0xbc, 0xbd, 0xbe, 0xbd, 0xbe, 0xbe, 0xbe, 0xbe, 0xbc, 0xbe, 0xbc, 0xba, 0xb7, 0xbc, 0xba, 0xb8, 0xba, 0xba, 0xb3, 0xcb, 0xcc, 0xd3, 0xd3, 0xd3, 0xd3, 0xd3, 0xd4, 0xd3, 0xd4, 0xd4, 0xd4, 0xb0, 0xb0, 0xd0, 0xd0, 0xd0, 0xd0, 0xd4, 0xd0, 0xd4, 0xd4, 0xd4, 0xd4, 0xd4, 0xd4, 0xd4, 0xd4, 0xd4, 0xd4, 0xd4, 0xd3, 0xcd, 0xd3, 0xd4, 0xd3, 0xd3, 0xd3, 0xd3, 0xd3, 0xd3, 0xd4, 0xd4, 0xd4, 0xd4, 0xd3, 0xd3, 0xd3, 0xd3, 0xd3, 0xce, 0xd3, 0xd4, 0xd4, 0xd3, 0xd4, 0xd4, 0xd4, 0xd4, 0xd4, 0xd4, 0xd4, 0xd4, 0xd4, 0xd4, 0xd4, 0xd4, 0xd4, 0xd4, 0xd4, 0xd4, 0xd3, 0xcd, 0xd3, 0xd4, 0xb0, 0xb0, 0xb0, 0xb0, 0xd4, 0xcc, 0xa0, 0x9c, 0x9c, 0x9c, 0x99, 0x9c, 0x9c, 0x99, 0x97, 0x97, 0x97, 0x99, 0x99, 0x97, 0x97, 0x97, 0x97, 0x99, 0x99, 0x97, 0x99, 0x9c, 0xaf, 0xb0, 0xa5, 0x9c, 0xac, 0xbb, 0xbc, 0xb5, 0xd4, 0xa3, 0x99, 0x9c, 0x9c, 0x9c, 0x9c, 0x99, 0x9c, 0x99, 0x9c, 0xa0, 0x9c, 0x9c, 0x9c, 0x9c, 0x9c, 0x9c, 0x9c, 0x9c, 0x9c, 0x9c, 0x9c, 0x9c, 0x9c, 0xa0, 0xa0, 0xa0, 0xa0, 0xa0, 0x9c, 0x9c, 0x9c, 0x99, 0x9c, 0xa0, 0xa0, 0x9c, 0x9c, 0x9c, 0x9c, 0x9c, 0x9c, 0x99, 0x9c, 0x99, 0x99, 0x99, 0x9c, 0x99, 0x9c, 0x9c, 0x97, 0x99, 0x99, 0x99, 0x97, 0x97, 0x99, 0x9c, 0x99, 0x99, 0x9c, 0x9c, 0x9c, 0x99, 0x97, 0x93, 0x93, 0x93, 0x97, 0x99, 0x99, 0x97, 0x97, 0x93, 0x97, 0x97, 0x97, 0x99, 0x99, 0x9c, 0xa0, 0xa5, 0xcd, 0xa3, 0xa0, 0xa0, 0xa0, 0xa0, 0xa0, 0xa0, 0xcd, 0xd3, 0xa5, 0x9c, 0x97, 0x99, 0x97, 0x99, 0x99, 0x97, 0x93, 0x93, 0x97, 0x93, 0x93, 0x93, 0x97, 0x97, 0x99, 0xa0, 0xa5, 0xa3, 0x9c, 0x9c, 0x99, 0x97, 0x99, 0x97, 0x93, 
  0xa3, 0xa3, 0xa0, 0xa0, 0xa3, 0xa0, 0xa0, 0x9c, 0xa0, 0x9c, 0x9c, 0xa0, 0x9c, 0x9c, 0x9c, 0x9c, 0x9c, 0x9c, 0xa0, 0xa3, 0xa3, 0xa0, 0xa0, 0xa3, 0xa3, 0xa3, 0xa0, 0xa3, 0xa3, 0xa3, 0xa0, 0xa0, 0xa0, 0xa0, 0xa3, 0xa3, 0xa3, 0xa3, 0xa0, 0xa3, 0xa3, 0xa3, 0xa5, 0xa3, 0xa0, 0xa3, 0xa3, 0xa3, 0xa0, 0xa0, 0xa0, 0xa0, 0xa0, 0x9c, 0xa0, 0xa0, 0x9c, 0xa0, 0xa0, 0xa0, 0xa0, 0xa3, 0xa3, 0xa3, 0xa3, 0xa3, 0xa3, 0xa3, 0xa3, 0xa3, 0xa3, 0xa3, 0xa5, 0xa3, 0xa3, 0xa3, 0xa5, 0xa5, 0xa3, 0xa3, 0xa5, 0xa5, 0xa3, 0xa3, 0xa5, 0xa3, 0xa3, 0xa3, 0xa3, 0xa3, 0xa3, 0xa3, 0xa3, 0xa3, 0xa3, 0xa3, 0xa3, 0xa0, 0xa3, 0xa3, 0xa3, 0xa0, 0xa3, 0xa3, 0xa3, 0xa0, 0x95, 0x16, 0x0b, 0x0b, 0x0b, 0x0b, 0x0b, 0x0b, 0x0b, 0x14, 0x1a, 0x23, 0x3e, 0xbc, 0xbe, 0xbe, 0xbe, 0xbe, 0xbd, 0xbd, 0xbd, 0xbc, 0xbc, 0xba, 0xba, 0xb7, 0xb7, 0xb7, 0xd2, 0xb7, 0xb9, 0xba, 0xb0, 0xcc, 0xcd, 0xd3, 0xd3, 0xd4, 0xd4, 0xd3, 0xd4, 0xd4, 0xd4, 0xd4, 0xd4, 0xb0, 0xd0, 0xd0, 0xd0, 0xd0, 0xd4, 0xd4, 0xd4, 0xd4, 0xd4, 0xd4, 0xd4, 0xd4, 0xd4, 0xd4, 0xd4, 0xd4, 0xd4, 0xd4, 0xce, 0xce, 0xd4, 0xd4, 0xd4, 0xd4, 0xd4, 0xd3, 0xd4, 0xd4, 0xd4, 0xd4, 0xd3, 0xd3, 0xd3, 0xd3, 0xd3, 0xd3, 0xd3, 0xd3, 0xd3, 0xd3, 0xd3, 0xd3, 0xd3, 0xd3, 0xd3, 0xce, 0xce, 0xce, 0xd4, 0xd4, 0xd4, 0xd4, 0xd0, 0xd0, 0xb5, 0xd1, 0xd3, 0xcb, 0xcd, 0xd3, 0xd4, 0xd0, 0xb0, 0xb0, 0xb0, 0xb0, 0xd4, 0xa3, 0x9c, 0xa0, 0x9c, 0x9c, 0x9c, 0x9c, 0x99, 0x97, 0x97, 0x97, 0x99, 0x99, 0x9c, 0x99, 0x97, 0x99, 0x97, 0x99, 0x97, 0x91, 0xa8, 0xb3, 0xac, 0xa3, 0xa2, 0xb8, 0xbc, 0xb6, 0xb3, 0xaa, 0xa0, 0x9c, 0x9c, 0x9c, 0x9c, 0x99, 0x9c, 0x9c, 0x97, 0x9c, 0x9c, 0x9c, 0x9c, 0x9c, 0x9c, 0x9c, 0x9c, 0x9c, 0x9c, 0xa0, 0xa0, 0x9c, 0x9c, 0x9c, 0xa0, 0x9c, 0xa0, 0x9c, 0x9c, 0x9c, 0x9c, 0x9c, 0x9c, 0x9c, 0x9c, 0x9c, 0x9c, 0x9c, 0x9c, 0x9c, 0x99, 0x97, 0x99, 0x97, 0x99, 0x99, 0x99, 0x9c, 0x99, 0x9c, 0x99, 0x99, 0x97, 0x97, 0x97, 0x97, 0x97, 0x99, 0x9c, 0x99, 0x97, 0x97, 0x99, 0x99, 0x99, 0x9c, 0x99, 0x93, 0x90, 0x93, 0x93, 0x91, 0x91, 0x91, 0x93, 0x97, 0x99, 0x9c, 0x9c, 0x9c, 0x9c, 0xa0, 0xa3, 0xa8, 0xa8, 0xa3, 0xa0, 0xa0, 0x9c, 0xa0, 0xa3, 0xac, 0xa8, 0xa0, 0x9c, 0x97, 0x97, 0x93, 0x93, 0x99, 0x97, 0x93, 0x97, 0x97, 0x93, 0x93, 0x97, 0x93, 0x97, 0x99, 0x9c, 0xa0, 0xa3, 0x9c, 0x99, 0x93, 0x93, 0x90, 0x90, 0x8c, 
  0xa0, 0xa3, 0xa3, 0xa3, 0xa0, 0x9c, 0xa0, 0xa0, 0xa0, 0x9c, 0xa0, 0x9c, 0x9c, 0x9c, 0x9c, 0x9c, 0x9c, 0x9c, 0xa0, 0xa0, 0xa0, 0xa0, 0xa3, 0xa3, 0xa3, 0xa3, 0xa3, 0xa5, 0xa3, 0xa3, 0xa0, 0xa0, 0xa0, 0xa0, 0xa0, 0xa3, 0xa0, 0xa3, 0xa0, 0xa3, 0xa0, 0xa3, 0xa3, 0xa3, 0xa3, 0xa0, 0xa3, 0xa3, 0xa0, 0xa0, 0xa0, 0x9c, 0x9c, 0x9c, 0x9c, 0xa3, 0xa0, 0xa0, 0xa0, 0xa3, 0xa3, 0xa5, 0xa3, 0xa3, 0xa0, 0xa0, 0xa3, 0xa3, 0xa0, 0xa3, 0xa5, 0xa3, 0xa3, 0xa5, 0xa5, 0xa5, 0xa5, 0xa3, 0xa5, 0xa5, 0xa3, 0xa5, 0xa3, 0xa3, 0xa3, 0xa3, 0xa3, 0xa3, 0xa5, 0xa3, 0xa3, 0xa3, 0xa3, 0xa3, 0xa3, 0xa3, 0xa3, 0xa5, 0xa5, 0xa3, 0xa3, 0xa5, 0xa3, 0xa3, 0xa0, 0x95, 0x12, 0x08, 0x06, 0x06, 0x06, 0x06, 0x04, 0x08, 0x0b, 0x0f, 0x0b, 0x14, 0x1a, 0x2c, 0x48, 0xbe, 0xbd, 0xbd, 0xbd, 0xbc, 0xbb, 0xba, 0xba, 0xb7, 0xb9, 0xb7, 0xb7, 0xb7, 0xb7, 0xb7, 0xb7, 0xb8, 0xb0, 0xcc, 0xcb, 0xd3, 0xd3, 0xd3, 0xd3, 0xd4, 0xd4, 0xd3, 0xd4, 0xd3, 0xd4, 0xb0, 0xb0, 0xd0, 0xcf, 0xcf, 0xd4, 0xcf, 0xd4, 0xd4, 0xd4, 0xd4, 0xd0, 0xd4, 0xd4, 0xd4, 0xd4, 0xd3, 0xd3, 0xd3, 0xce, 0xd4, 0xd4, 0xd3, 0xd3, 0xd3, 0xd4, 0xd4, 0xd4, 0xce, 0xd4, 0xd4, 0xd4, 0xd4, 0xd3, 0xd3, 0xd4, 0xd4, 0xd4, 0xd0, 0xd0, 0xd1, 0xb5, 0xb5, 0xb7, 0xb7, 0xb7, 0xba, 0xb9, 0xb7, 0xb7, 0xba, 0xba, 0xbd, 0xbe, 0xbe, 0xbe, 0xbc, 0xb7, 0xcb, 0xca, 0xcc, 0xd3, 0xd4, 0xb0, 0xd1, 0xb0, 0xb0, 0xb5, 0xd4, 0xa3, 0x9c, 0x9c, 0x9c, 0x9c, 0x9c, 0x99, 0x99, 0x97, 0x99, 0x99, 0x99, 0x9c, 0x99, 0x99, 0x93, 0x93, 0x93, 0x97, 0x97, 0xb5, 0xac, 0xa5, 0x9c, 0xb2, 0xbc, 0xba, 0xb3, 0xac, 0xa0, 0x97, 0x9c, 0x9c, 0x9c, 0x9c, 0x9c, 0x99, 0x97, 0x97, 0x99, 0x9c, 0x9c, 0xa0, 0xa0, 0x9c, 0x9c, 0x9c, 0x9c, 0xa0, 0xa0, 0x9c, 0xa0, 0x9c, 0xa0, 0xa0, 0xa0, 0xa0, 0x9c, 0x9c, 0x9c, 0x9c, 0x9c, 0x9c, 0x9c, 0x9c, 0x9c, 0x99, 0x99, 0x9c, 0x9c, 0x9c, 0x97, 0x97, 0x97, 0x99, 0x9c, 0x9c, 0x99, 0x99, 0x9c, 0x99, 0x99, 0x99, 0x99, 0x97, 0x97, 0x97, 0x99, 0x99, 0x97, 0x93, 0x93, 0x97, 0x99, 0x9c, 0x99, 0x93, 0x90, 0x97, 0x93, 0x97, 0x93, 0x93, 0x93, 0x97, 0x97, 0x97, 0x99, 0x9c, 0x9c, 0x9c, 0x9c, 0x9c, 0xa0, 0xa5, 0xa5, 0xa3, 0xa3, 0xa3, 0xa3, 0xa8, 0xd3, 0xa3, 0x9c, 0x9c, 0x97, 0x93, 0x93, 0x97, 0x93, 0x93, 0x97, 0x99, 0x97, 0x97, 0x97, 0x97, 0x93, 0x97, 0x97, 0x97, 0x9c, 0xa0, 0x9c, 0x97, 0x91, 0x90, 0x90, 0x8c, 0x89, 
  0xa0, 0xa3, 0xa3, 0xa0, 0xa0, 0x9c, 0x9c, 0xa0, 0xa0, 0xa0, 0xa0, 0xa0, 0x9c, 0x9c, 0x9c, 0x9c, 0x9c, 0xa0, 0xa0, 0xa0, 0xa0, 0x9c, 0xa0, 0xa3, 0xa0, 0xa0, 0xa3, 0xa3, 0xa3, 0xa3, 0xa0, 0xa0, 0xa0, 0xa3, 0xa3, 0xa0, 0xa0, 0xa3, 0xa3, 0xa0, 0xa0, 0xa0, 0xa3, 0xa0, 0xa0, 0xa0, 0xa3, 0xa3, 0xa0, 0xa0, 0xa0, 0xa0, 0xa0, 0xa0, 0xa3, 0xa3, 0xa3, 0xa3, 0xa3, 0xa3, 0xa3, 0xa3, 0xa3, 0xa0, 0xa3, 0xa3, 0xa3, 0xa3, 0xa5, 0xa5, 0xa3, 0xa3, 0xa5, 0xa5, 0xa5, 0xa5, 0xa5, 0xa3, 0xa5, 0xa5, 0xa3, 0xa3, 0xa3, 0xa3, 0xa3, 0xa3, 0xa3, 0xa3, 0xa3, 0xa3, 0xa3, 0xa0, 0xa3, 0xa3, 0xa3, 0xa3, 0xa5, 0xa5, 0xa3, 0xa5, 0xa3, 0xa3, 0xa3, 0xa3, 0x9b, 0x12, 0x08, 0x08, 0x06, 0x06, 0x04, 0x04, 0x04, 0x04, 0x04, 0x08, 0x06, 0x0b, 0x0b, 0x14, 0x28, 0x43, 0xbc, 0xbd, 0xbc, 0xbc, 0xba, 0xba, 0xb7, 0xb7, 0xb8, 0xba, 0xba, 0xb7, 0xb7, 0xb7, 0xb7, 0xb7, 0xb7, 0xd4, 0xcb, 0xcc, 0xd3, 0xd3, 0xd3, 0xd4, 0xd4, 0xd3, 0xd3, 0xd3, 0xd3, 0xd4, 0xb0, 0xb0, 0xd0, 0xcf, 0xd0, 0xd4, 0xd4, 0xd4, 0xd3, 0xce, 0xd4, 0xd0, 0xd0, 0xd4, 0xd4, 0xd4, 0xd0, 0xd4, 0xd4, 0xd4, 0xd4, 0xd4, 0xd0, 0xb0, 0xd1, 0xd2, 0xd2, 0xd2, 0xb7, 0xb7, 0xb7, 0xb7, 0xb7, 0xba, 0xba, 0xb7, 0xba, 0xbc, 0xbc, 0xbc, 0xbc, 0xbd, 0xbe, 0xbe, 0xbc, 0xbe, 0xbc, 0xbc, 0xba, 0xb7, 0xb7, 0xba, 0xbc, 0xba, 0xb7, 0xb0, 0xba, 0xb5, 0xcb, 0xcb, 0xcd, 0xd3, 0xd4, 0xb0, 0xb0, 0xb0, 0xb5, 0xb5, 0xd4, 0xa0, 0x9c, 0x9c, 0x9c, 0x9c, 0x99, 0x99, 0x97, 0x97, 0x97, 0x99, 0x9c, 0x97, 0x93, 0x93, 0x93, 0x93, 0x93, 0xaf, 0xb3, 0xa7, 0x9c, 0xa5, 0xb8, 0xbb, 0xb7, 0xaf, 0xa5, 0x97, 0x97, 0x97, 0x99, 0x9c, 0x9c, 0x9c, 0x9c, 0x99, 0x99, 0x9c, 0x9c, 0x9c, 0xa0, 0xa0, 0x9c, 0xa0, 0x9c, 0x9c, 0xa0, 0xa0, 0xa0, 0xa0, 0xa0, 0xa0, 0xa0, 0xa0, 0x9c, 0x9c, 0x9c, 0x9c, 0x9c, 0x9c, 0x9c, 0xa0, 0x9c, 0x9c, 0x99, 0x99, 0x99, 0x9c, 0x9c, 0x99, 0x93, 0x93, 0x99, 0x9c, 0x9c, 0x99, 0x97, 0x99, 0x9c, 0x9c, 0x99, 0x9c, 0x91, 0x93, 0x91, 0x91, 0x93, 0x93, 0x97, 0x97, 0x97, 0x97, 0x9c, 0x9c, 0x99, 0x93, 0x97, 0x97, 0x93, 0x91, 0x90, 0x93, 0x99, 0x97, 0x97, 0x99, 0x9c, 0x9c, 0xa0, 0x9c, 0x9c, 0xa0, 0xa0, 0xa3, 0xa5, 0xa8, 0xa8, 0xac, 0xd3, 0xa3, 0x9c, 0x93, 0x93, 0x93, 0x97, 0x97, 0x99, 0x99, 0x93, 0x93, 0x97, 0x97, 0x99, 0x97, 0x93, 0x93, 0x93, 0x99, 0x97, 0x97, 0x9c, 0xa0, 0x9c, 0x93, 0x91, 0x93, 0x90, 0x89, 
  0xa0, 0xa0, 0xa0, 0xa0, 0xa0, 0x9c, 0xa0, 0xa3, 0xa3, 0xa0, 0xa0, 0xa0, 0xa0, 0x9c, 0x9c, 0x9c, 0xa0, 0xa0, 0xa0, 0xa0, 0xa0, 0xa0, 0xa3, 0xa3, 0xa3, 0xa3, 0xa0, 0xa3, 0xa3, 0xa0, 0xa0, 0xa3, 0xa0, 0xa0, 0xa0, 0xa3, 0xa3, 0xa3, 0xa3, 0xa3, 0xa3, 0xa0, 0xa0, 0xa0, 0xa0, 0xa0, 0xa3, 0xa3, 0xa3, 0xa3, 0xa0, 0xa3, 0xa3, 0xa0, 0xa0, 0xa0, 0xa3, 0xa3, 0xa3, 0xa0, 0xa3, 0xa3, 0xa3, 0xa3, 0xa3, 0xa3, 0xa3, 0xa3, 0xa3, 0xa5, 0xa3, 0xa3, 0xa3, 0xa3, 0xa5, 0xa5, 0xa5, 0xa5, 0xa5, 0xa3, 0xa3, 0xa3, 0xa3, 0xa3, 0xa3, 0xa3, 0xa3, 0xa3, 0xa3, 0xa0, 0xa0, 0xa3, 0xa3, 0xa5, 0xa3, 0xa3, 0xa3, 0xa3, 0xa3, 0xa5, 0xa3, 0xa3, 0xa0, 0xa1, 0x1c, 0x0c, 0x04, 0x71, 0x71, 0x71, 0x6c, 0x71, 0x04, 0x71, 0x71, 0x04, 0x04, 0x06, 0x08, 0x0b, 0x1a, 0x2b, 0xb8, 0xbc, 0xbc, 0xba, 0xb7, 0xb7, 0xb7, 0xb7, 0xb5, 0xb7, 0xb7, 0xb7, 0xb7, 0xb7, 0xb7, 0xb7, 0xb7, 0xd2, 0xd4, 0xcc, 0xd3, 0xd3, 0xd3, 0xd4, 0xd4, 0xd3, 0xd3, 0xd3, 0xd3, 0xd3, 0xb0, 0xb5, 0xb5, 0xd1, 0xd1, 0xd1, 0xb0, 0xd1, 0xb0, 0xb5, 0xb7, 0xba, 0xba, 0xba, 0xba, 0xba, 0xbb, 0xba, 0xba, 0xba, 0xbc, 0xba, 0xbb, 0xbc, 0xbc, 0xbc, 0xbc, 0xbc, 0xbc, 0xbc, 0xbc, 0xbc, 0xbc, 0xbb, 0xba, 0xba, 0xba, 0xba, 0xba, 0xb7, 0xb9, 0xb7, 0xb7, 0xb7, 0xb7, 0xb7, 0xd2, 0xb9, 0xd2, 0xb5, 0xb5, 0xd2, 0xb7, 0xb5, 0xb5, 0xb0, 0xb0, 0xb5, 0xd3, 0xcb, 0xcb, 0xcd, 0xd4, 0xaf, 0xb3, 0xb3, 0xb3, 0xb5, 0xb5, 0xa8, 0x9c, 0x9c, 0x9c, 0x9c, 0x9c, 0x99, 0x93, 0x93, 0x93, 0x97, 0x97, 0x97, 0x97, 0x97, 0x97, 0x93, 0xa0, 0xb0, 0xaf, 0xa3, 0x99, 0xb3, 0xbc, 0xb8, 0xb3, 0xaa, 0xc9, 0x97, 0x97, 0x97, 0x99, 0x9c, 0x99, 0x99, 0x9c, 0x9c, 0x9c, 0x9c, 0x9c, 0x9c, 0x9c, 0xa0, 0xa0, 0xa0, 0xa0, 0x9c, 0x9c, 0xa0, 0x9c, 0xa0, 0xa0, 0x9c, 0xa0, 0x9c, 0x9c, 0x9c, 0x9c, 0x9c, 0x9c, 0x9c, 0x9c, 0x9c, 0x99, 0x99, 0x9c, 0x99, 0x9c, 0x9c, 0x9c, 0x97, 0x93, 0x93, 0x97, 0x99, 0x97, 0x99, 0x9c, 0x97, 0x99, 0x99, 0x97, 0x99, 0x99, 0x99, 0x93, 0x90, 0x90, 0x90, 0x93, 0x97, 0x97, 0x99, 0x99, 0x97, 0x97, 0x93, 0x93, 0x93, 0x93, 0x91, 0x93, 0x97, 0x99, 0x97, 0x97, 0x97, 0x9c, 0x9c, 0x9c, 0x9c, 0x9c, 0x9c, 0xa0, 0xa0, 0xa0, 0xa3, 0xa3, 0xa3, 0xa3, 0xa0, 0x97, 0x91, 0x90, 0x90, 0x93, 0x93, 0x97, 0x99, 0x9c, 0x97, 0x97, 0x97, 0x97, 0x97, 0x93, 0x91, 0x93, 0x97, 0x97, 0x93, 0x97, 0x99, 0x9c, 0x99, 0x97, 0x93, 0x8c, 0x8c, 
  0xa0, 0xa0, 0xa0, 0xa3, 0xa0, 0xa0, 0xa0, 0xa3, 0xa0, 0xa0, 0xa0, 0xa0, 0xa0, 0xa0, 0xa0, 0xa0, 0xa0, 0xa0, 0xa0, 0xa0, 0xa0, 0xa0, 0xa0, 0xa0, 0xa0, 0xa0, 0xa3, 0xa3, 0xa0, 0xa0, 0xa0, 0xa3, 0xa0, 0xa0, 0xa0, 0xa3, 0xa0, 0xa0, 0xa3, 0xa3, 0xa3, 0xa0, 0xa0, 0xa0, 0xa0, 0xa3, 0xa3, 0xa3, 0xa3, 0xa3, 0xa3, 0xa0, 0xa3, 0xa3, 0xa0, 0xa0, 0xa3, 0xa3, 0xa3, 0xa3, 0xa3, 0xa3, 0xa3, 0xa3, 0xa3, 0xa3, 0xa3, 0xa3, 0xa3, 0xa5, 0xa3, 0xa3, 0xa5, 0xa5, 0xa5, 0xa5, 0xa5, 0xa5, 0xa3, 0xa3, 0xa3, 0xa3, 0xa3, 0xa3, 0xa3, 0xa3, 0xa3, 0xa3, 0xa3, 0xa0, 0xa3, 0xa3, 0xa3, 0xa5, 0xa3, 0xa3, 0xa3, 0xa3, 0xa3, 0xa3, 0xa3, 0xa3, 0xa3, 0x9f, 0x12, 0x04, 0x71, 0x04, 0x71, 0x71, 0x68, 0x68, 0x6c, 0x04, 0x04, 0x04, 0x71, 0x04, 0x08, 0x0b, 0x0f, 0x1d, 0x2c, 0xb8, 0xbc, 0xba, 0xb7, 0xb5, 0xb5, 0xb5, 0xb0, 0xb0, 0xb5, 0xb7, 0xb7, 0xb7, 0xb7, 0xb7, 0xb7, 0xb7, 0xb0, 0xcd, 0xcc, 0xd3, 0xd3, 0xce, 0xce, 0xd3, 0xd3, 0xd3, 0xd3, 0xd3, 0xd0, 0xb7, 0xbc, 0xbc, 0xba, 0xba, 0xba, 0xbc, 0xbc, 0xbc, 0xbd, 0xbe, 0xbe, 0xbd, 0xbc, 0xbc, 0xbc, 0xbc, 0xba, 0xb7, 0xbb, 0xbc, 0xba, 0xba, 0xb7, 0xb7, 0xba, 0xb9, 0xb7, 0xd2, 0xb8, 0xb7, 0xb7, 0xb5, 0xb5, 0xb5, 0xb5, 0xb5, 0xd2, 0xb5, 0xd2, 0xb0, 0xb5, 0xd2, 0xb7, 0xb5, 0xd1, 0xb5, 0xb0, 0xb0, 0xd1, 0xd1, 0xd1, 0xb5, 0xb0, 0xd3, 0xd1, 0xb0, 0xd4, 0xcb, 0xca, 0xcb, 0xd3, 0xd4, 0xaf, 0xb2, 0xb2, 0xb3, 0xb5, 0xb5, 0xa5, 0x99, 0x97, 0x99, 0x99, 0x99, 0x99, 0x97, 0x97, 0x99, 0x99, 0x99, 0x97, 0x97, 0x97, 0x9c, 0xaf, 0xb3, 0xac, 0x9c, 0xa5, 0xb8, 0xba, 0xb5, 0xaf, 0xa3, 0x99, 0x99, 0x97, 0x99, 0x99, 0x99, 0x99, 0x97, 0x99, 0x9c, 0x9c, 0x9c, 0x9c, 0x9c, 0x9c, 0x9c, 0xa0, 0xa0, 0xa0, 0x9c, 0x9c, 0x9c, 0xa0, 0xa0, 0x9c, 0x9c, 0x9c, 0x9c, 0x9c, 0x9c, 0x9c, 0x9c, 0x9c, 0x9c, 0x9c, 0x9c, 0x9c, 0x99, 0x9c, 0x9c, 0x9c, 0x9c, 0x9c, 0x97, 0x97, 0x97, 0x97, 0x97, 0x97, 0x99, 0x99, 0x97, 0x97, 0x97, 0x99, 0x97, 0x99, 0x99, 0x97, 0x91, 0x8c, 0x8c, 0x8c, 0x90, 0x93, 0x93, 0x97, 0x99, 0x97, 0x97, 0x93, 0x93, 0x93, 0x93, 0x97, 0x97, 0x99, 0x99, 0x97, 0x99, 0x9c, 0x9c, 0x9c, 0x9c, 0x9c, 0x9c, 0x9c, 0x9c, 0xa0, 0xa0, 0x9c, 0x9c, 0xa0, 0xa0, 0x9c, 0x97, 0x93, 0x91, 0x90, 0x90, 0x93, 0x97, 0x99, 0x97, 0x97, 0x97, 0x97, 0x97, 0x97, 0x93, 0x93, 0x93, 0x93, 0x93, 0x91, 0x93, 0x99, 0x9c, 0x9c, 0x97, 0x90, 0x90, 
  0xa0, 0x9c, 0xa0, 0xa0, 0xa0, 0xa0, 0xa0, 0xa0, 0xa0, 0xa0, 0xa0, 0xa0, 0xa0, 0xa0, 0xa0, 0xa0, 0xa0, 0xa0, 0xa0, 0xa0, 0xa0, 0xa0, 0xa0, 0xa0, 0xa0, 0xa0, 0xa3, 0xa3, 0xa0, 0xa0, 0xa0, 0xa0, 0xa0, 0xa0, 0xa0, 0xa0, 0xa0, 0xa0, 0xa0, 0xa3, 0xa3, 0xa0, 0xa0, 0xa3, 0xa3, 0xa3, 0xa3, 0xa3, 0xa3, 0xa3, 0xa3, 0xa3, 0xa0, 0xa3, 0xa0, 0xa3, 0xa3, 0xa3, 0xa3, 0xa0, 0xa3, 0xa3, 0xa5, 0xa3, 0xa3, 0xa3, 0xa3, 0xa3, 0xa3, 0xa3, 0xa3, 0xa3, 0xa3, 0xa5, 0xa3, 0xa3, 0xa3, 0xa3, 0xa3, 0xa3, 0xa3, 0xa3, 0xa3, 0xa3, 0xa3, 0xa3, 0xa3, 0xa3, 0xa3, 0xa3, 0xa3, 0xa3, 0xa5, 0xa5, 0xa3, 0xa3, 0xa3, 0xa3, 0xa3, 0xa3, 0xa3, 0xa3, 0xa3, 0x94, 0x0c, 0x08, 0x06, 0x0b, 0x0b, 0x0b, 0x04, 0x6c, 0x63, 0x6c, 0x04, 0x71, 0x6b, 0x71, 0x71, 0x04, 0x0c, 0x14, 0x20, 0x35, 0xb8, 0xba, 0xb7, 0xb0, 0xd4, 0xb0, 0xd4, 0xaf, 0xb0, 0xd2, 0xb7, 0xb7, 0xb7, 0xb7, 0xb7, 0xb7, 0xb7, 0xd4, 0xcc, 0xcd, 0xd3, 0xd3, 0xd4, 0xd3, 0xd4, 0xd3, 0xd3, 0xd3, 0xd4, 0xb5, 0xbb, 0xbc, 0xb7, 0xb7, 0xba, 0xbc, 0xbc, 0xbc, 0xba, 0xb7, 0xb7, 0xb7, 0xb7, 0xb7, 0xb7, 0xb7, 0xb5, 0xd0, 0xd4, 0xb6, 0xb7, 0xd2, 0xb5, 0xd1, 0xb5, 0xd2, 0xb5, 0xb1, 0xb5, 0xb5, 0xb5, 0xb5, 0xb5, 0xb5, 0xb5, 0xd0, 0xd1, 0xb5, 0xb5, 0xb5, 0xb5, 0xb5, 0xb5, 0xb5, 0xb3, 0xb0, 0xb0, 0xd0, 0xd4, 0xd0, 0xd1, 0xb5, 0xb0, 0xd4, 0xb5, 0xd0, 0xd0, 0xd3, 0xcb, 0xca, 0xcc, 0xd3, 0xd4, 0xb0, 0xb3, 0xb2, 0xb2, 0xb7, 0xb5, 0xa3, 0x99, 0x99, 0x9c, 0x9c, 0x9c, 0x99, 0x9c, 0x9c, 0x9c, 0x9c, 0x99, 0x97, 0x9c, 0xa8, 0xb0, 0xb2, 0x9c, 0xa1, 0x41, 0xbb, 0xb7, 0xb0, 0xa5, 0x9c, 0x99, 0x9c, 0x9c, 0x99, 0x99, 0x9c, 0x9c, 0x99, 0x99, 0x9c, 0x9c, 0x9c, 0x9c, 0x9c, 0x9c, 0x9c, 0xa0, 0xa0, 0xa0, 0xa0, 0x9c, 0x9c, 0x9c, 0x9c, 0x9c, 0x9c, 0x9c, 0x9c, 0xa0, 0xa0, 0x9c, 0x9c, 0x9c, 0x9c, 0x9c, 0x9c, 0x9c, 0x9c, 0x9c, 0x9c, 0x99, 0x99, 0x99, 0x99, 0x99, 0x99, 0x99, 0x99, 0x97, 0x97, 0x97, 0x97, 0x97, 0x93, 0x97, 0x97, 0x99, 0x99, 0x97, 0x93, 0x90, 0x8c, 0x8c, 0x90, 0x91, 0x93, 0x93, 0x97, 0x97, 0x93, 0x93, 0x93, 0x93, 0x97, 0x97, 0x99, 0x99, 0x99, 0x99, 0x99, 0x9c, 0x9c, 0x9c, 0x9c, 0x9c, 0x9c, 0x9c, 0x9c, 0x9c, 0x9c, 0x9c, 0x9c, 0x9c, 0x9c, 0x9c, 0x99, 0x97, 0x93, 0x90, 0x90, 0x93, 0x93, 0x93, 0x93, 0x97, 0x97, 0x97, 0x97, 0x93, 0x93, 0x93, 0x93, 0x90, 0x90, 0x90, 0x90, 0x93, 0x99, 0x99, 0x91, 0x90, 0x8c, 
  0x9c, 0x9c, 0xa0, 0xa0, 0xa0, 0xa0, 0xa0, 0xa0, 0xa0, 0xa0, 0xa0, 0xa0, 0xa0, 0x9c, 0x9c, 0xa0, 0xa0, 0xa3, 0xa0, 0xa0, 0xa0, 0xa0, 0xa0, 0xa0, 0xa0, 0xa3, 0xa3, 0xa3, 0xa0, 0xa0, 0xa0, 0xa0, 0xa0, 0xa0, 0xa0, 0xa0, 0xa0, 0xa0, 0xa3, 0xa3, 0xa0, 0xa0, 0xa0, 0xa3, 0xa3, 0xa0, 0xa3, 0xa3, 0xa3, 0xa3, 0xa3, 0xa0, 0xa0, 0xa0, 0xa3, 0xa3, 0xa3, 0xa3, 0xa3, 0xa3, 0xa5, 0xa5, 0xa3, 0xa3, 0xa3, 0xa3, 0xa3, 0xa3, 0xa3, 0xa3, 0xa3, 0xa3, 0xa3, 0xa5, 0xa5, 0xa5, 0xa3, 0xa3, 0xa3, 0xa3, 0xa3, 0xa3, 0xa3, 0xa3, 0xa3, 0xa0, 0xa0, 0xa3, 0xa3, 0xa3, 0xa5, 0xa5, 0xa5, 0xa3, 0xa3, 0xa3, 0xa5, 0xa3, 0xa3, 0xa3, 0xa3, 0xa3, 0xa1, 0x8d, 0x0c, 0x0f, 0x10, 0x10, 0x10, 0x0b, 0x0b, 0x04, 0x68, 0x00, 0x6c, 0x6c, 0x6b, 0x6b, 0x6c, 0x71, 0x04, 0x0c, 0x18, 0x25, 0x3b, 0xb7, 0xb5, 0xb5, 0xb0, 0xb3, 0xd0, 0xb5, 0xb5, 0xb5, 0xb7, 0xb7, 0xb7, 0xb7, 0xb8, 0xba, 0xba, 0xd1, 0xcc, 0xcc, 0xd3, 0xd3, 0xce, 0xce, 0xd4, 0xce, 0xce, 0xce, 0xd4, 0xd0, 0xd2, 0xb7, 0xb5, 0xb5, 0xb0, 0xb0, 0xb5, 0xb5, 0xb5, 0xb0, 0xb0, 0xb5, 0xb5, 0xd1, 0xb5, 0xb5, 0xb5, 0xd4, 0xcb, 0xd3, 0xd1, 0xd2, 0xb5, 0xb0, 0xd1, 0xb5, 0xb5, 0xb5, 0xb5, 0xb5, 0xb5, 0xb5, 0xb5, 0xb5, 0xb5, 0xd4, 0xd1, 0xb5, 0xb5, 0xb5, 0xb5, 0xb5, 0xb5, 0xd1, 0xb5, 0xb5, 0xd1, 0xd0, 0xd4, 0xd0, 0xb0, 0xd3, 0xd4, 0xb0, 0xb0, 0xce, 0xb0, 0xb0, 0xd3, 0xca, 0xca, 0xd3, 0xce, 0xb0, 0xb3, 0xb2, 0xb2, 0xb3, 0xba, 0xb0, 0xa0, 0x9c, 0x9c, 0x9c, 0x9c, 0x9c, 0x9c, 0x9c, 0x9c, 0x9c, 0x9c, 0x97, 0xa3, 0xb0, 0xaf, 0xa8, 0x96, 0xae, 0x4a, 0xba, 0xb6, 0xac, 0x9c, 0x97, 0x99, 0x9c, 0x9c, 0x99, 0x99, 0x99, 0x99, 0x99, 0x99, 0x9c, 0x9c, 0x9c, 0x9c, 0x9c, 0x9c, 0x9c, 0xc9, 0xa0, 0xa0, 0xa0, 0xa0, 0xa0, 0x9c, 0x9c, 0x9c, 0x9c, 0xa0, 0x9c, 0xa0, 0x9c, 0x9c, 0x9c, 0x9c, 0x9c, 0x9c, 0x9c, 0x99, 0x9c, 0x9c, 0x99, 0x99, 0x97, 0x97, 0x99, 0x99, 0x99, 0x99, 0x99, 0x97, 0x97, 0x97, 0x93, 0x93, 0x93, 0x97, 0x97, 0x97, 0x97, 0x97, 0x97, 0x93, 0x93, 0x91, 0x93, 0x93, 0x93, 0x93, 0x91, 0x93, 0x93, 0x93, 0x91, 0x97, 0x97, 0x99, 0x99, 0x99, 0x99, 0x9c, 0x9c, 0x9c, 0x9c, 0x9c, 0x9c, 0x9c, 0x9c, 0x9c, 0x9c, 0x99, 0x9c, 0x9c, 0x9c, 0x9c, 0x99, 0x99, 0x97, 0x9c, 0x97, 0x90, 0x90, 0x93, 0x91, 0x93, 0x91, 0x93, 0x93, 0x93, 0x93, 0x93, 0x91, 0x91, 0x91, 0x90, 0x89, 0x89, 0x86, 0x8c, 0x90, 0x93, 0x90, 0x8c, 0x89, 
  0x9c, 0xa0, 0xa0, 0xa0, 0xa3, 0xa0, 0xa0, 0xa0, 0xa0, 0xa0, 0xa0, 0xa0, 0xa0, 0x9c, 0xa0, 0xa0, 0xa0, 0xa0, 0xa0, 0xa0, 0xa0, 0xa0, 0xa0, 0x9c, 0xa0, 0xa3, 0xa0, 0xa0, 0xa0, 0xa0, 0xa0, 0xa0, 0xa0, 0xa0, 0xa3, 0xa0, 0xa0, 0xa0, 0xa0, 0xa0, 0xa0, 0xa0, 0xa3, 0xa3, 0xa3, 0xa3, 0xa3, 0xa3, 0xa3, 0xa3, 0xa3, 0xa3, 0xa0, 0xa0, 0xa3, 0xa0, 0xa3, 0xa3, 0xa3, 0xa3, 0xa5, 0xa3, 0xa3, 0xa3, 0xa3, 0xa3, 0xa3, 0xa3, 0xa3, 0xa3, 0xa3, 0xa3, 0xa3, 0xa3, 0xa5, 0xa5, 0xa3, 0xa3, 0xa3, 0xa3, 0xa3, 0xa3, 0xa3, 0xa3, 0xa3, 0xa3, 0xa3, 0xa3, 0xa3, 0xa3, 0xa5, 0xa5, 0xa5, 0xa3, 0xa3, 0xa3, 0xa3, 0xa3, 0xa3, 0xa3, 0xa0, 0xa0, 0x9f, 0x13, 0x0f, 0x14, 0x17, 0x17, 0x10, 0x10, 0x0b, 0x08, 0x04, 0x6b, 0x00, 0x71, 0x6b, 0x6c, 0x6c, 0x6b, 0x71, 0x04, 0x0c, 0x18, 0x2a, 0x41, 0xb7, 0xb7, 0xb7, 0xb8, 0xb7, 0xb7, 0xb7, 0xb7, 0xb7, 0xb7, 0xb5, 0xb5, 0xb7, 0xb5, 0xb0, 0xb0, 0xd3, 0xcb, 0xcd, 0xd3, 0xd3, 0xd4, 0xa7, 0xa4, 0xa7, 0xae, 0xaa, 0xd3, 0xb0, 0xb5, 0xb5, 0xb5, 0xd4, 0xcd, 0xb0, 0xb0, 0xb0, 0xb0, 0xb0, 0xb0, 0xb0, 0xb0, 0xd1, 0xb5, 0xb0, 0xd0, 0xd3, 0xcb, 0xd3, 0xb0, 0xd1, 0xb0, 0xb5, 0xb5, 0xb0, 0xb0, 0xb5, 0xb5, 0xb5, 0xb5, 0xb5, 0xb5, 0xb5, 0xb5, 0xb5, 0xb5, 0xb5, 0xb0, 0xb5, 0xd1, 0xb5, 0xd1, 0xb5, 0xd1, 0xb0, 0xb0, 0xd0, 0xd4, 0xd4, 0xd3, 0xd4, 0xd4, 0xd1, 0xb0, 0xb5, 0xd1, 0xd4, 0xcd, 0xca, 0xcc, 0xd3, 0xd4, 0xb0, 0xb3, 0x41, 0x41, 0xb7, 0xb8, 0xac, 0x9c, 0x9c, 0x9c, 0x9c, 0x9c, 0x9c, 0x9c, 0x9c, 0x9c, 0x9c, 0xa0, 0xac, 0xb3, 0xb2, 0x9c, 0xa3, 0xb6, 0xbb, 0xb7, 0xaf, 0xa5, 0x99, 0x97, 0x97, 0x99, 0x99, 0x99, 0x9c, 0x9c, 0x9c, 0x9c, 0x99, 0x9c, 0x9c, 0x9c, 0x9c, 0x9c, 0x9c, 0x9c, 0xa0, 0xa0, 0xa0, 0xa0, 0xa0, 0xa0, 0x9c, 0x9c, 0x9c, 0x9c, 0x9c, 0x9c, 0xa0, 0x9c, 0x9c, 0x9c, 0x9c, 0x9c, 0x9c, 0x9c, 0x99, 0x9c, 0x9c, 0x99, 0x99, 0x97, 0x99, 0x99, 0x97, 0x97, 0x99, 0x97, 0x97, 0x97, 0x93, 0x91, 0x90, 0x93, 0x99, 0x97, 0x93, 0x97, 0x97, 0x93, 0x93, 0x99, 0x97, 0x97, 0x93, 0x91, 0x93, 0x93, 0x93, 0x93, 0x97, 0x97, 0x97, 0x97, 0x99, 0x99, 0x99, 0x9c, 0x9c, 0x9c, 0x9c, 0x9c, 0x9c, 0x9c, 0x9c, 0x9c, 0x9c, 0x9c, 0x9c, 0x9c, 0x9c, 0x9c, 0x9c, 0x9c, 0x99, 0x93, 0x99, 0x97, 0x90, 0x90, 0x90, 0x93, 0x93, 0x91, 0x93, 0x93, 0x93, 0x93, 0x93, 0x91, 0x90, 0x8c, 0x89, 0x89, 0x89, 0x83, 0x86, 0x89, 0x91, 0x93, 0x90, 0x89, 
  0xa0, 0xa0, 0xa0, 0xa0, 0xa0, 0xa0, 0xa0, 0xa3, 0xa3, 0xa0, 0xa0, 0xa0, 0x9c, 0x9c, 0xa0, 0xa0, 0xa0, 0xa0, 0xa0, 0xa0, 0xa0, 0xa0, 0xa0, 0xa0, 0xa0, 0xa0, 0xa0, 0xa0, 0xa3, 0xa0, 0xa0, 0xa0, 0xa0, 0xa0, 0xa0, 0xa0, 0xa0, 0xa0, 0xa3, 0xa3, 0xa0, 0xa0, 0xa3, 0xa0, 0xa0, 0xa3, 0xa3, 0xa3, 0xa3, 0xa3, 0xa3, 0xa3, 0xa3, 0xa3, 0xa3, 0xa3, 0xa3, 0xa3, 0xa3, 0xa3, 0xa3, 0xa3, 0xa3, 0xa3, 0xa3, 0xa3, 0xa0, 0xa3, 0xa3, 0xa3, 0xa3, 0xa3, 0xa0, 0xa3, 0xa3, 0xa5, 0xa5, 0xa5, 0xa5, 0xa5, 0xa3, 0xa3, 0xa3, 0xa3, 0xa5, 0xa3, 0xa3, 0xa3, 0xa3, 0xa3, 0xa3, 0xa3, 0xa3, 0xa3, 0xa3, 0xa3, 0xa3, 0xa3, 0xa3, 0xa0, 0xa0, 0xa3, 0x9f, 0x18, 0x14, 0x14, 0x17, 0x17, 0x17, 0x10, 0x0a, 0x0a, 0x08, 0x71, 0x66, 0x73, 0x66, 0x68, 0x66, 0x6b, 0x71, 0x04, 0x08, 0x0d, 0x1e, 0xae, 0xba, 0xba, 0xb8, 0xb8, 0xb7, 0xb7, 0xb7, 0xb7, 0xb0, 0xb0, 0xb0, 0xd1, 0xbc, 0xb7, 0xb5, 0xb7, 0xb0, 0xcd, 0xcc, 0xd3, 0xd3, 0x3e, 0x35, 0xa9, 0xa9, 0x39, 0x35, 0xce, 0xd4, 0xd1, 0xd1, 0xd4, 0xd4, 0xd4, 0xb0, 0xb0, 0xb0, 0xb0, 0xb0, 0xd0, 0xb0, 0xb0, 0xb0, 0xb0, 0xb0, 0xb0, 0xb0, 0xd3, 0xcb, 0xcb, 0xb0, 0xb5, 0xb5, 0xb5, 0xb0, 0xb0, 0xb5, 0xb5, 0xb5, 0xb5, 0xb5, 0xb5, 0xb5, 0xb5, 0xb0, 0xb5, 0xd2, 0xb5, 0xb0, 0xb0, 0xb5, 0xd1, 0xb5, 0xd1, 0xb0, 0xb0, 0xb0, 0xb0, 0xb0, 0xd4, 0xb0, 0xd3, 0xb5, 0xb5, 0xb5, 0xd2, 0xb0, 0xd4, 0xcb, 0xca, 0xcd, 0xd3, 0xd4, 0xb0, 0xb3, 0xb3, 0xb3, 0xb7, 0xba, 0xa5, 0x9c, 0x9c, 0x9c, 0xa0, 0x9c, 0x9c, 0x9c, 0x9c, 0x9c, 0xa5, 0xb3, 0xb2, 0xa5, 0x9c, 0xb2, 0xba, 0xba, 0xb5, 0xac, 0xa0, 0x99, 0x99, 0x97, 0x99, 0x99, 0x99, 0x99, 0x99, 0x9c, 0x9c, 0x9c, 0x9c, 0x9c, 0x9c, 0x9c, 0x9c, 0x9c, 0x9c, 0x9c, 0xa0, 0xa0, 0xa0, 0xa0, 0xa0, 0x9c, 0x9c, 0xa0, 0x9c, 0x9c, 0x9c, 0x9c, 0x9c, 0x9c, 0x9c, 0x9c, 0x9c, 0x9c, 0x9c, 0x99, 0x9c, 0x99, 0x99, 0x99, 0x99, 0x99, 0x99, 0x97, 0x93, 0x93, 0x93, 0x93, 0x93, 0x97, 0x91, 0x93, 0x97, 0x97, 0x93, 0x93, 0x93, 0x93, 0x97, 0x93, 0x97, 0x97, 0x93, 0x93, 0x91, 0x91, 0x93, 0x91, 0x91, 0x97, 0x99, 0x99, 0x97, 0x97, 0x97, 0x99, 0x9c, 0x9c, 0x9c, 0x9c, 0x9c, 0x9c, 0x9c, 0x9c, 0x9c, 0x9c, 0x9c, 0x9c, 0x9c, 0x9c, 0x9c, 0x9c, 0x9c, 0x9c, 0x97, 0x97, 0x97, 0x93, 0x91, 0x93, 0x99, 0x93, 0x91, 0x93, 0x93, 0x91, 0x90, 0x90, 0x8c, 0x89, 0x89, 0x86, 0x89, 0x86, 0x83, 0x83, 0x86, 0x8b, 0x93, 0x93, 0x89, 
  0xa0, 0xa0, 0xa0, 0xa0, 0x9c, 0xa0, 0xa0, 0xa0, 0xa3, 0xa3, 0xa0, 0xa0, 0xa0, 0xa0, 0xa0, 0xa0, 0xa0, 0xa0, 0x9c, 0xa0, 0xa0, 0xa0, 0xa0, 0xa0, 0xa3, 0xa3, 0xa0, 0xa3, 0xa3, 0xa0, 0xa0, 0xa0, 0xa0, 0xa0, 0xa0, 0xa0, 0xa0, 0xa0, 0xa0, 0xa0, 0xa3, 0xa0, 0xa3, 0xa0, 0xa0, 0xa3, 0xa3, 0xa3, 0xa3, 0xa3, 0xa3, 0xa0, 0xa3, 0xa5, 0xa3, 0xa3, 0xa3, 0xa0, 0xa3, 0xa3, 0xa3, 0xa3, 0xa3, 0xa3, 0xa3, 0xa3, 0xa3, 0xa3, 0xa3, 0xa3, 0xa3, 0xa3, 0xa3, 0xa3, 0xa3, 0xa3, 0xa5, 0xa5, 0xa5, 0xa5, 0xa3, 0xa3, 0xa3, 0xa5, 0xa5, 0xa5, 0xa3, 0xa5, 0xa3, 0xa3, 0xa3, 0xa3, 0xa3, 0xa5, 0xa3, 0xa3, 0xa3, 0xa3, 0xa3, 0xa0, 0xa3, 0xa0, 0x9f, 0x8d, 0x16, 0x14, 0x17, 0x17, 0x17, 0x17, 0x0a, 0x0a, 0x06, 0x04, 0x6c, 0x04, 0x66, 0x63, 0x66, 0x6b, 0x71, 0x71, 0x04, 0x08, 0x88, 0xa4, 0xb7, 0xba, 0xb7, 0xb7, 0xb9, 0xb7, 0xb0, 0xd4, 0xcf, 0xd1, 0xb7, 0xba, 0xbc, 0xbd, 0xbc, 0xba, 0xb7, 0xd4, 0xcb, 0xcd, 0xce, 0x33, 0xa7, 0x2b, 0x2e, 0x2f, 0xab, 0xa4, 0xce, 0xb0, 0xb5, 0xb0, 0xb5, 0xb0, 0xb0, 0xb0, 0xb0, 0xb0, 0xd4, 0xd0, 0xb0, 0xb0, 0xb0, 0xb0, 0xb0, 0xb0, 0xb0, 0xd4, 0xcd, 0xca, 0xcd, 0xb5, 0xb5, 0xb5, 0xb5, 0xb5, 0xb5, 0xb5, 0xb5, 0xb5, 0xb5, 0xb5, 0xb5, 0xb5, 0xb5, 0xb5, 0xb5, 0xb5, 0xb5, 0xd1, 0xb5, 0xb0, 0xb5, 0xb0, 0xd1, 0xb0, 0xcf, 0xd3, 0xd4, 0xd4, 0xaf, 0xd3, 0xb0, 0xb0, 0xb3, 0xb5, 0xb5, 0xd1, 0xd4, 0xcb, 0xca, 0xcd, 0xd3, 0xd4, 0xb0, 0xb0, 0xb0, 0xd1, 0xb7, 0xb5, 0xa3, 0x9c, 0x9c, 0xa0, 0x9c, 0x9c, 0x9c, 0x9c, 0xa0, 0xac, 0xb2, 0xa8, 0x97, 0xa5, 0xb7, 0xba, 0xb5, 0xae, 0xa5, 0x9c, 0x9c, 0x99, 0x99, 0x9c, 0x9c, 0x9c, 0x99, 0x97, 0x9c, 0x9c, 0x9c, 0x9c, 0x9c, 0x9c, 0x9c, 0x9c, 0x9c, 0x9c, 0x99, 0x9c, 0x9c, 0xa0, 0xa0, 0xa0, 0xa0, 0x9c, 0xa0, 0x9c, 0x9c, 0x9c, 0x9c, 0x9c, 0x9c, 0x9c, 0x9c, 0x9c, 0x9c, 0x9c, 0x99, 0x99, 0x99, 0x9c, 0x99, 0x97, 0x99, 0x97, 0x93, 0x93, 0x93, 0x93, 0x93, 0x93, 0x93, 0x97, 0x97, 0x93, 0x97, 0x93, 0x93, 0x91, 0x93, 0x97, 0x91, 0x93, 0x97, 0x97, 0x93, 0x90, 0x93, 0x93, 0x91, 0x93, 0x97, 0x99, 0x99, 0x9c, 0x99, 0x99, 0x9c, 0xa0, 0x9c, 0x9c, 0x9c, 0x9c, 0xa0, 0x9c, 0x9c, 0x9c, 0x9c, 0x99, 0x99, 0x9c, 0x9c, 0x9c, 0x9c, 0x9c, 0x9c, 0x99, 0x97, 0x93, 0x97, 0x99, 0x9c, 0x9c, 0x99, 0x91, 0x91, 0x91, 0x91, 0x90, 0x86, 0x89, 0x89, 0x86, 0x84, 0x86, 0x83, 0x83, 0x83, 0x83, 0x89, 0x8c, 0x90, 0x91, 
  0x9c, 0x9c, 0xa0, 0xa0, 0x9c, 0xa0, 0xa0, 0xa3, 0xa3, 0xa3, 0xa3, 0xa0, 0xa0, 0xa0, 0xa0, 0xa0, 0xa0, 0xa3, 0xa0, 0xa0, 0xa3, 0xa3, 0xa3, 0xa3, 0xa0, 0xa3, 0xa0, 0xa0, 0xa0, 0xa0, 0xa0, 0xa3, 0xa3, 0xa0, 0xa0, 0xa0, 0xa3, 0xa0, 0xa3, 0xa3, 0xa3, 0xa0, 0xa0, 0xa0, 0xa3, 0xa3, 0xa3, 0xa3, 0xa3, 0xa3, 0xa0, 0xa0, 0xa3, 0xa3, 0xa5, 0xa3, 0xa3, 0xa3, 0xa3, 0xa3, 0xa3, 0xa3, 0xa3, 0xa3, 0xa3, 0xa3, 0xa3, 0xa3, 0xa3, 0xa3, 0xa3, 0xa3, 0xa3, 0xa3, 0xa3, 0xa3, 0xa3, 0xa3, 0xa3, 0xa3, 0xa3, 0xa3, 0xa5, 0xa5, 0xa3, 0xa3, 0xa5, 0xa3, 0xa3, 0xa3, 0xa3, 0xa3, 0xa3, 0xa3, 0xa3, 0xa3, 0xa3, 0xa3, 0xa3, 0xa0, 0xa0, 0xa3, 0x9f, 0x1c, 0x19, 0x14, 0x17, 0x1b, 0x17, 0x17, 0x0a, 0x0a, 0x0b, 0x04, 0x6c, 0x73, 0x68, 0x66, 0x66, 0x66, 0x6c, 0x71, 0x71, 0x04, 0x12, 0x9a, 0xae, 0xb8, 0xb9, 0xb7, 0xb5, 0xd0, 0xb7, 0xb0, 0xb5, 0xb5, 0xb7, 0xbb, 0xbc, 0xbc, 0xbb, 0xba, 0xb7, 0xb7, 0xd4, 0xcc, 0xcd, 0x35, 0xab, 0xa8, 0xa7, 0xa6, 0xab, 0x35, 0xab, 0xd4, 0xd1, 0xb5, 0xd1, 0xb0, 0xb0, 0xb5, 0xb0, 0xd1, 0xd4, 0xd4, 0xcd, 0xb0, 0xb0, 0xb0, 0xb0, 0xb0, 0xb0, 0xb0, 0xd4, 0xcd, 0xcb, 0xd4, 0xb0, 0xb5, 0xd1, 0xb5, 0xb5, 0xb5, 0xb5, 0xb5, 0xb5, 0xb5, 0xd1, 0xd1, 0xb5, 0xb0, 0xd1, 0xb5, 0xb5, 0xb0, 0xd1, 0xb0, 0xb0, 0xb0, 0xb5, 0xd4, 0xca, 0xcc, 0xb0, 0xb0, 0xd3, 0xb0, 0xd4, 0xd4, 0xb5, 0xb5, 0xd2, 0xb7, 0xd1, 0xd3, 0xa0, 0xcb, 0xcd, 0xd3, 0xaf, 0xb0, 0xb0, 0xb0, 0xb0, 0xb9, 0xb0, 0xa0, 0x9c, 0x9c, 0x9c, 0x9c, 0x9c, 0xa0, 0xa8, 0xb5, 0xb2, 0xa0, 0x9c, 0xae, 0xba, 0xb7, 0xb0, 0xa8, 0x9c, 0x99, 0x9c, 0x9c, 0x9c, 0x9c, 0x9c, 0x9c, 0x99, 0x99, 0x9c, 0x9c, 0x9c, 0x9c, 0x9c, 0x9c, 0x9c, 0x99, 0x9c, 0x9c, 0x9c, 0x9c, 0x9c, 0xa0, 0xa0, 0xa0, 0xa0, 0x9c, 0xa0, 0x9c, 0x9c, 0x9c, 0x9c, 0x9c, 0x9c, 0x9c, 0x9c, 0x9c, 0x99, 0x99, 0x9c, 0x99, 0x99, 0x97, 0x93, 0x93, 0x93, 0x93, 0x93, 0x93, 0x93, 0x93, 0x93, 0x93, 0x90, 0x93, 0x93, 0x91, 0x93, 0x93, 0x93, 0x93, 0x93, 0x93, 0x91, 0x91, 0x93, 0x97, 0x91, 0x91, 0x90, 0x90, 0x93, 0x99, 0x9c, 0x97, 0x99, 0x9c, 0x9c, 0x9c, 0x9c, 0x9c, 0x9c, 0x9c, 0x9c, 0x9c, 0x9c, 0x9c, 0x9c, 0x9c, 0x9c, 0x9c, 0x99, 0x9c, 0x9c, 0x9c, 0x9c, 0x9c, 0x9c, 0x9c, 0x97, 0x97, 0x93, 0x91, 0x93, 0x99, 0x97, 0x8b, 0x90, 0x90, 0x90, 0x8c, 0x84, 0x86, 0x84, 0x83, 0x83, 0x81, 0x83, 0x86, 0x83, 0x83, 0x86, 0x84, 0x8c, 0x93, 
  0x9c, 0x9c, 0x9c, 0x9c, 0xa0, 0xa0, 0xa0, 0xa0, 0xa0, 0xa0, 0xa3, 0xa3, 0xa3, 0xa0, 0xa0, 0xa0, 0xa0, 0xa0, 0xa3, 0xa3, 0xa3, 0xa0, 0xa3, 0xa0, 0xa0, 0xa0, 0xa0, 0x9c, 0xa0, 0xa0, 0xa0, 0xa0, 0xa0, 0xa0, 0xa0, 0xa0, 0xa3, 0xa0, 0xa3, 0xa0, 0xa0, 0xa3, 0xa3, 0xa3, 0xa3, 0xa3, 0xa3, 0xa3, 0xa3, 0xa3, 0xa0, 0x9c, 0xa0, 0xa0, 0xa5, 0xa3, 0xa0, 0xa3, 0xa3, 0xa0, 0xa3, 0xa3, 0xa3, 0xa3, 0xa3, 0xa3, 0xa3, 0xa3, 0xa3, 0xa3, 0xa3, 0xa3, 0xa3, 0xa3, 0xa0, 0xa3, 0xa0, 0xa3, 0xa3, 0xa3, 0xa3, 0xa3, 0xa5, 0xa5, 0xa5, 0xa5, 0xa3, 0xa3, 0xa3, 0xa3, 0xa3, 0xa3, 0xa3, 0xa3, 0xa3, 0xa0, 0xa3, 0xa3, 0xa3, 0xa3, 0xa3, 0xa3, 0x27, 0x1a, 0x19, 0x14, 0x17, 0x17, 0x17, 0x10, 0x0a, 0x0a, 0x0a, 0x04, 0x71, 0x73, 0x68, 0x63, 0x63, 0x66, 0x6b, 0x6c, 0x71, 0x08, 0x80, 0x1c, 0xa9, 0xb8, 0xb7, 0xb5, 0xb7, 0xb5, 0xba, 0xb5, 0xba, 0xbd, 0xba, 0xb9, 0xbc, 0xb7, 0xb7, 0xb7, 0xba, 0xba, 0xd4, 0xcb, 0xcc, 0xa8, 0xa6, 0xae, 0x35, 0x2f, 0x31, 0x33, 0x33, 0xaf, 0xb0, 0xb5, 0xb0, 0xd4, 0xd4, 0xb0, 0xb0, 0xb0, 0xd3, 0xb0, 0xaf, 0xb0, 0xb0, 0xb0, 0xb0, 0xb0, 0xaf, 0xb0, 0xd4, 0xd4, 0xcd, 0xd3, 0xb5, 0xd2, 0xd1, 0xd1, 0xb5, 0xb5, 0xb5, 0xb5, 0xb5, 0xb5, 0xd1, 0xd1, 0xb5, 0xb0, 0xd3, 0xd4, 0xb5, 0xd1, 0xd1, 0xd1, 0xb0, 0xb0, 0xb0, 0xd3, 0xd3, 0xd4, 0xb0, 0xb5, 0xb0, 0xd1, 0xb0, 0xd4, 0xb0, 0xb0, 0xb5, 0xb7, 0xb5, 0xb0, 0xcd, 0xca, 0xcb, 0xd3, 0xd3, 0xb0, 0xb3, 0xb5, 0xb5, 0xb7, 0xb9, 0xac, 0xa0, 0x9c, 0x9c, 0x9c, 0xa0, 0xa3, 0xb0, 0xb3, 0xa5, 0xa0, 0xa8, 0xb7, 0xb8, 0xb5, 0xd4, 0xa3, 0x99, 0x99, 0x97, 0x99, 0x9c, 0x99, 0x9c, 0x9c, 0x99, 0x99, 0x9c, 0x9c, 0x99, 0x9c, 0x9c, 0x9c, 0x9c, 0x9c, 0x9c, 0x9c, 0x9c, 0x9c, 0x9c, 0xa0, 0xa0, 0xa0, 0x9c, 0x9c, 0x9c, 0x9c, 0x9c, 0x9c, 0x9c, 0x9c, 0x9c, 0x99, 0x99, 0x99, 0x97, 0x99, 0x99, 0x97, 0x97, 0x93, 0x93, 0x91, 0x93, 0x93, 0x93, 0x93, 0x93, 0x93, 0x91, 0x93, 0x93, 0x93, 0x93, 0x91, 0x93, 0x93, 0x99, 0x99, 0x97, 0x99, 0x99, 0x97, 0x93, 0x93, 0x91, 0x90, 0x90, 0x90, 0x93, 0x99, 0x99, 0x9c, 0x9c, 0x9c, 0x9c, 0x9c, 0x9c, 0x9c, 0x9c, 0x9c, 0x9c, 0x9c, 0x9c, 0x9c, 0x9c, 0x9c, 0x9c, 0x9c, 0x9c, 0x9c, 0x9c, 0x9c, 0x99, 0x99, 0x9c, 0x9c, 0x9c, 0x97, 0x97, 0x93, 0x91, 0x93, 0x93, 0x91, 0x90, 0x90, 0x8c, 0x89, 0x86, 0x89, 0x89, 0x89, 0x83, 0x83, 0x81, 0x83, 0x83, 0x83, 0x89, 0x86, 0x89, 0x90, 
  0x9c, 0x9c, 0x9c, 0xa0, 0xa0, 0xa0, 0xa0, 0xa0, 0xa0, 0xa0, 0xa0, 0xa0, 0xa3, 0xa0, 0xa0, 0xa0, 0xa0, 0xa3, 0xa3, 0xa3, 0xa3, 0xa3, 0xa0, 0xa0, 0xa0, 0xa0, 0x9c, 0xa0, 0xa0, 0xa0, 0x9c, 0xa0, 0xa0, 0xa0, 0xa0, 0xa0, 0xa0, 0xa0, 0xa0, 0xa3, 0xa3, 0xa3, 0xa0, 0xa3, 0xa3, 0xa3, 0xa3, 0xa3, 0xa3, 0xa3, 0xa0, 0xa0, 0xa3, 0xa3, 0xa3, 0xa0, 0xa3, 0xa0, 0xa0, 0xa3, 0xa3, 0xa3, 0xa3, 0xa3, 0xa3, 0xa3, 0xa3, 0xa3, 0xa3, 0xa5, 0xa3, 0xa3, 0xa3, 0xa3, 0xa0, 0xa3, 0xa3, 0xa3, 0xa5, 0xa3, 0xa3, 0xa3, 0xa3, 0xa5, 0xa5, 0xa3, 0xa3, 0xa3, 0xa3, 0xa3, 0xa3, 0xa3, 0xa3, 0xa3, 0xa3, 0xa3, 0xa3, 0xa3, 0xa3, 0xa3, 0xa3, 0xa3, 0x27, 0x1c, 0x1a, 0x14, 0x14, 0x14, 0x10, 0x10, 0x0a, 0x0a, 0x0a, 0x04, 0x04, 0x6c, 0x63, 0x61, 0x63, 0x66, 0x6b, 0x71, 0x08, 0x08, 0x0c, 0x16, 0x28, 0x41, 0xb7, 0xb3, 0xba, 0xb5, 0xbe, 0xbe, 0xbe, 0xbf, 0xbe, 0xbf, 0xc0, 0xbe, 0xbe, 0xbd, 0xba, 0xba, 0xb7, 0xb5, 0xca, 0xd3, 0x35, 0xa9, 0x33, 0x39, 0x3b, 0xa9, 0xa4, 0xd4, 0xd4, 0xb0, 0xb0, 0xd4, 0xd3, 0xd4, 0xd0, 0xb0, 0xb0, 0xd0, 0xd4, 0xb0, 0xb0, 0xb0, 0xb0, 0xb0, 0xb0, 0xb0, 0xb0, 0xb0, 0xd4, 0xd3, 0xd4, 0xb5, 0xb0, 0xd1, 0xb5, 0xb5, 0xb5, 0xb5, 0xb5, 0xb5, 0xd1, 0xb5, 0xb5, 0xb0, 0xca, 0xc9, 0xb5, 0xb5, 0xd1, 0xd1, 0xb5, 0xb0, 0xd4, 0xd3, 0xd4, 0xd4, 0xd4, 0xb0, 0xb0, 0xb0, 0xd4, 0xb0, 0xd0, 0xd4, 0xb0, 0xb0, 0xb0, 0xb0, 0xd4, 0xcb, 0xca, 0xcc, 0xd3, 0xd4, 0xb5, 0x48, 0x48, 0xbc, 0xb7, 0xb7, 0xcd, 0xa0, 0xa0, 0xc9, 0xca, 0xac, 0x41, 0xae, 0xa2, 0xa5, 0x41, 0xba, 0xb3, 0xb3, 0xa8, 0x99, 0x99, 0x9c, 0x97, 0x99, 0x99, 0x97, 0x99, 0x99, 0x99, 0x9c, 0x9c, 0x9c, 0x9c, 0x9c, 0x9c, 0x9c, 0x9c, 0x9c, 0x9c, 0x9c, 0x9c, 0x9c, 0x9c, 0x9c, 0xa0, 0xa0, 0x9c, 0x9c, 0x9c, 0x99, 0x99, 0x9c, 0x9c, 0x99, 0x99, 0x9c, 0x9c, 0x99, 0x99, 0x99, 0x97, 0x97, 0x97, 0x97, 0x97, 0x97, 0x93, 0x93, 0x93, 0x91, 0x93, 0x91, 0x91, 0x93, 0x93, 0x93, 0x93, 0x93, 0x97, 0x93, 0x97, 0x97, 0x93, 0x99, 0x9c, 0x9c, 0x99, 0x97, 0x97, 0x93, 0x93, 0x93, 0x97, 0x97, 0x9c, 0x9c, 0x9c, 0x9c, 0xa0, 0x9c, 0x9c, 0x9c, 0x9c, 0x9c, 0x9c, 0x9c, 0x9c, 0x9c, 0x9c, 0x9c, 0xa0, 0x9c, 0x99, 0x9c, 0x9c, 0x9c, 0x99, 0x9c, 0x9c, 0x9c, 0x9c, 0x97, 0x99, 0x99, 0x93, 0x93, 0x91, 0x91, 0x90, 0x8c, 0x89, 0x89, 0x89, 0x86, 0x83, 0x86, 0x86, 0x83, 0x81, 0x81, 0x7e, 0x83, 0x83, 0x83, 0x86, 0x89, 
  0x9c, 0x9c, 0xa0, 0xa5, 0xa3, 0xa3, 0xa0, 0xa0, 0xa0, 0xa0, 0xa3, 0xa0, 0xa0, 0xa3, 0xa0, 0xa0, 0xa3, 0xa0, 0xa3, 0xa3, 0xa0, 0xa0, 0xa0, 0x9c, 0xa0, 0xa0, 0xa0, 0xa0, 0xa0, 0xa0, 0x9c, 0xa0, 0xa0, 0xa0, 0xa0, 0xa0, 0xa0, 0xa0, 0xa0, 0xa3, 0xa3, 0xa0, 0xa0, 0xa3, 0xa5, 0xa3, 0xa3, 0xa3, 0xa3, 0xa3, 0xa3, 0xa3, 0xa3, 0xa0, 0xa3, 0xa0, 0xa0, 0xa0, 0xa0, 0xa3, 0xa3, 0xa3, 0xa3, 0xa3, 0xa3, 0xa5, 0xa5, 0xa5, 0xa3, 0xa3, 0xa3, 0xa3, 0xa3, 0xa3, 0xa3, 0xa3, 0xa3, 0xa3, 0xa3, 0xa3, 0xa3, 0xa3, 0xa3, 0xa5, 0xa5, 0xa5, 0xa3, 0xa3, 0xa3, 0xa3, 0xa3, 0xa3, 0xa3, 0xa3, 0xa3, 0xa3, 0xa3, 0xa3, 0xa3, 0xa3, 0xa3, 0xa3, 0x27, 0x1c, 0x1a, 0x14, 0x19, 0x14, 0x10, 0x0a, 0x0a, 0x03, 0x71, 0x6c, 0x71, 0x6b, 0x66, 0x66, 0x6b, 0x6b, 0x71, 0x04, 0x06, 0x0b, 0x0b, 0x16, 0x1e, 0xa9, 0xba, 0xb7, 0xbf, 0xbf, 0xbf, 0xbe, 0xbe, 0xbe, 0xbe, 0xc0, 0xc1, 0xbe, 0xbf, 0xbf, 0xbe, 0xbc, 0xb8, 0xbd, 0xcc, 0xcb, 0xd3, 0xa8, 0x2a, 0xa7, 0xae, 0xd4, 0xd3, 0xd3, 0xd3, 0xd4, 0xd1, 0xd0, 0xd0, 0xd3, 0xd4, 0xac, 0xd4, 0xb0, 0xb0, 0xb0, 0xb0, 0xb0, 0xb0, 0xb0, 0xb0, 0xb0, 0xb0, 0xb0, 0xd0, 0xd4, 0xcb, 0xcb, 0xb5, 0xb0, 0xb5, 0xb5, 0xb0, 0xd1, 0xd1, 0xb0, 0xb0, 0xb5, 0xb5, 0xb0, 0xd4, 0xcc, 0xd4, 0xb5, 0xb0, 0xb0, 0xd1, 0xb0, 0xb0, 0xd0, 0xd0, 0xb0, 0xd4, 0xb0, 0xd0, 0xb0, 0xd4, 0xb0, 0xd1, 0xd1, 0xd4, 0xcb, 0xa3, 0xd3, 0xb5, 0xd3, 0xca, 0xcb, 0xcd, 0xd3, 0xaf, 0xb6, 0x4b, 0xbe, 0xba, 0xba, 0xb5, 0xa3, 0x9c, 0x9c, 0xcd, 0xb3, 0xb2, 0xa4, 0xa2, 0xae, 0xb8, 0xba, 0xb3, 0xd4, 0xa3, 0x97, 0x99, 0x9c, 0x99, 0x99, 0x9c, 0x99, 0x99, 0x99, 0x99, 0x9c, 0x9c, 0x9c, 0x9c, 0x9c, 0x9c, 0x9c, 0x9c, 0x9c, 0x9c, 0x9c, 0x9c, 0x9c, 0x9c, 0x9c, 0xa0, 0xa0, 0xa0, 0x9c, 0x9c, 0x9c, 0x99, 0x9c, 0x9c, 0x9c, 0x9c, 0x9c, 0x9c, 0x99, 0x99, 0x99, 0x97, 0x97, 0x97, 0x97, 0x97, 0x99, 0x93, 0x93, 0x93, 0x93, 0x93, 0x93, 0x97, 0x93, 0x91, 0x93, 0x91, 0x93, 0x93, 0x91, 0x93, 0x93, 0x93, 0x93, 0x99, 0x9c, 0x99, 0x99, 0x97, 0x93, 0x99, 0x99, 0x99, 0x9c, 0x9c, 0x9c, 0x9c, 0x9c, 0x9c, 0x9c, 0x9c, 0x9c, 0x9c, 0x9c, 0x9c, 0x9c, 0x9c, 0x9c, 0x9c, 0x9c, 0x9c, 0x9c, 0x9c, 0x9c, 0x9c, 0x9c, 0x9c, 0x99, 0x99, 0x99, 0x9c, 0x99, 0x97, 0x97, 0x97, 0x97, 0x91, 0x90, 0x90, 0x89, 0x86, 0x86, 0x86, 0x83, 0x83, 0x81, 0x83, 0x7e, 0x81, 0x81, 0x81, 0x81, 0x83, 0x83, 0x83, 0x86, 
  0x9c, 0x9c, 0xa3, 0xa5, 0xa3, 0xa3, 0xa0, 0xa3, 0xa3, 0xa0, 0xa3, 0xa0, 0xa0, 0xa0, 0xa0, 0xa3, 0xa3, 0xa0, 0xa3, 0xa0, 0x9c, 0xa0, 0xa0, 0xa0, 0xa0, 0xa0, 0xa3, 0xa3, 0xa0, 0xa0, 0x9c, 0xa0, 0xa0, 0xa0, 0xa0, 0xa0, 0xa0, 0xa3, 0xa3, 0xa3, 0xa3, 0xa3, 0xa3, 0xa3, 0xa3, 0xa3, 0xa3, 0xa3, 0xa3, 0xa3, 0xa3, 0xa3, 0xa3, 0xa0, 0xa3, 0xa0, 0xa3, 0xa3, 0xa0, 0xa3, 0xa3, 0xa3, 0xa3, 0xa3, 0xa3, 0xa5, 0xa5, 0xa3, 0xa5, 0xa3, 0xa3, 0xa3, 0xa3, 0xa3, 0xa3, 0xa3, 0xa3, 0xa3, 0xa3, 0xa3, 0xa3, 0xa3, 0xa3, 0xa5, 0xa3, 0xa3, 0xa5, 0xa3, 0xa3, 0xa3, 0xa3, 0xa3, 0xa3, 0xa3, 0xa5, 0xa3, 0xa3, 0xa3, 0xa3, 0xa5, 0xa5, 0xa5, 0x27, 0x1e, 0x1a, 0x1a, 0x19, 0x14, 0x10, 0x0a, 0x71, 0x00, 0x61, 0x6f, 0x6b, 0x6b, 0x6b, 0x6b, 0x6b, 0x71, 0x71, 0x04, 0x06, 0x08, 0x0c, 0x16, 0x1e, 0x2a, 0xba, 0xbf, 0xc0, 0xbc, 0xbf, 0xbe, 0xc1, 0xc1, 0xc1, 0xc1, 0xc1, 0xbf, 0xbf, 0xc1, 0xbe, 0xba, 0xb7, 0xb7, 0xd4, 0xcb, 0xcd, 0xd3, 0xd3, 0xd3, 0xd3, 0xd3, 0xd3, 0xd3, 0xd3, 0xd4, 0xd0, 0xb5, 0xd1, 0xd0, 0xd4, 0xcd, 0xcb, 0xcd, 0xd1, 0xb0, 0xb0, 0xb0, 0xb0, 0xb0, 0xb0, 0xb0, 0xb0, 0xd0, 0xb0, 0xb0, 0xd4, 0xca, 0xc9, 0xb5, 0xd1, 0xd1, 0xd1, 0xb0, 0xb0, 0xb0, 0xb0, 0xb5, 0xd1, 0xb0, 0xb0, 0xd3, 0xd4, 0xd1, 0xb0, 0xb5, 0xd1, 0xb0, 0xb0, 0xd0, 0xd4, 0xb0, 0xd4, 0x9c, 0xb0, 0xd1, 0xd1, 0xb5, 0xd1, 0xd1, 0xaf, 0xa5, 0xca, 0xcd, 0xd1, 0xd4, 0xcb, 0xca, 0xcc, 0xd3, 0xd3, 0xb3, 0xb8, 0x4a, 0xbc, 0xba, 0xba, 0xac, 0xa0, 0xc9, 0xd4, 0xb6, 0xa7, 0xa1, 0xa5, 0x41, 0xba, 0xb7, 0xb3, 0xaa, 0x97, 0x99, 0x99, 0x97, 0x99, 0x99, 0x99, 0x99, 0x99, 0x99, 0x99, 0x99, 0x9c, 0x9c, 0x9c, 0x9c, 0x9c, 0xa0, 0x9c, 0x9c, 0x9c, 0x9c, 0x9c, 0x9c, 0x9c, 0x9c, 0xa0, 0xa0, 0x9c, 0x9c, 0x9c, 0x9c, 0x99, 0x99, 0x9c, 0x9c, 0x99, 0x99, 0x99, 0x97, 0x93, 0x97, 0x97, 0x93, 0x93, 0x97, 0x93, 0x93, 0x90, 0x90, 0x91, 0x93, 0x91, 0x93, 0x97, 0x97, 0x91, 0x91, 0x90, 0x91, 0x97, 0x97, 0x93, 0x91, 0x91, 0x93, 0x93, 0x97, 0x97, 0x97, 0x97, 0x99, 0x9c, 0x9c, 0x9c, 0x9c, 0x99, 0x9c, 0x9c, 0x9c, 0x9c, 0x9c, 0x9c, 0x9c, 0x9c, 0x9c, 0x9c, 0x9c, 0x9c, 0x9c, 0x9c, 0x9c, 0x9c, 0x9c, 0x9c, 0x9c, 0x9c, 0x9c, 0x9c, 0x9c, 0x99, 0x99, 0x9c, 0x9c, 0x97, 0x93, 0x97, 0x90, 0x90, 0x89, 0x89, 0x83, 0x83, 0x83, 0x83, 0x83, 0x83, 0x83, 0x83, 0x81, 0x83, 0x83, 0x84, 0x83, 0x83, 0x83, 0x83, 0x83, 
  0x9c, 0xa0, 0xa0, 0xa0, 0xa0, 0xa3, 0xa0, 0xa0, 0xa3, 0xa3, 0xa0, 0xa3, 0xa3, 0xa3, 0xa3, 0xa3, 0xa3, 0xa0, 0xa0, 0xa0, 0xa0, 0xa0, 0xa0, 0xa0, 0xa3, 0xa0, 0xa0, 0xa0, 0xa0, 0xa0, 0xa0, 0xa0, 0xa0, 0xa3, 0xa0, 0xa0, 0xa3, 0xa0, 0xa0, 0xa3, 0xa3, 0xa3, 0xa3, 0xa5, 0xa3, 0xa0, 0xa0, 0xa3, 0xa3, 0xa3, 0xa3, 0xa3, 0xa3, 0xa3, 0xa0, 0xa0, 0xa3, 0xa3, 0xa0, 0xa3, 0xa0, 0xa3, 0xa3, 0xa3, 0xa3, 0xa3, 0xa3, 0xa3, 0xa3, 0xa5, 0xa3, 0xa5, 0xa3, 0xa3, 0xa3, 0xa3, 0xa3, 0xa3, 0xa0, 0xa3, 0xa3, 0xa3, 0xa3, 0xa3, 0xa3, 0xa3, 0xa3, 0xa5, 0xa5, 0xa3, 0xa3, 0xa3, 0xa3, 0xa3, 0xa5, 0xa5, 0xa5, 0xa3, 0xa5, 0xa5, 0xa5, 0xa5, 0x28, 0x20, 0x19, 0x09, 0x07, 0x0c, 0x10, 0x0b, 0x04, 0x5e, 0x00, 0x71, 0x71, 0x6b, 0x68, 0x66, 0x6b, 0x6b, 0x71, 0x04, 0x08, 0x0b, 0x0b, 0x11, 0x1a, 0x28, 0xb8, 0xbe, 0xc0, 0xbe, 0xc1, 0xc1, 0xc1, 0xc1, 0xc1, 0xc1, 0xc1, 0xc1, 0xc1, 0xc1, 0xbd, 0xba, 0xba, 0xb5, 0xb7, 0xcc, 0xcb, 0xcd, 0xd3, 0xd3, 0xd3, 0xd3, 0xd3, 0xd3, 0xd3, 0xd3, 0xd4, 0xd1, 0xb5, 0xb0, 0xd4, 0xd3, 0xd3, 0xca, 0x98, 0xd4, 0xb5, 0xb0, 0xd0, 0xb0, 0xb0, 0xb0, 0xb0, 0xd0, 0xb0, 0xb0, 0xd0, 0xd4, 0xcb, 0xd4, 0xd1, 0xb0, 0xb5, 0xb5, 0xb5, 0xd1, 0xb5, 0xd1, 0xb0, 0xb0, 0xb0, 0xb0, 0xb5, 0xb0, 0xca, 0xb0, 0xb0, 0xb0, 0xb0, 0xb0, 0xb0, 0xb0, 0xb0, 0xa0, 0xce, 0xd1, 0xd1, 0xd1, 0xb0, 0xb5, 0xd1, 0xd1, 0xd4, 0xd4, 0xb0, 0xb0, 0xd4, 0xca, 0xca, 0xcc, 0xd3, 0xd4, 0xb3, 0xb8, 0xba, 0xb8, 0xb8, 0xb7, 0xa8, 0xa8, 0xb5, 0xae, 0xa2, 0xa0, 0xaf, 0xba, 0xba, 0xb3, 0xaf, 0xa3, 0x9c, 0x99, 0x97, 0x99, 0x9c, 0x99, 0x97, 0x99, 0x99, 0x99, 0x99, 0x99, 0x99, 0x99, 0x99, 0x9c, 0x9c, 0x9c, 0x9c, 0x9c, 0x99, 0x9c, 0x9c, 0x9c, 0x9c, 0x9c, 0x9c, 0x9c, 0x9c, 0x9c, 0x9c, 0x9c, 0x9c, 0x9c, 0x99, 0x97, 0x97, 0x97, 0x97, 0x97, 0x97, 0x93, 0x99, 0x99, 0x93, 0x93, 0x93, 0x97, 0x91, 0x91, 0x91, 0x91, 0x93, 0x93, 0x93, 0x97, 0x97, 0x93, 0x93, 0x93, 0x93, 0x93, 0x91, 0x93, 0x93, 0x93, 0x97, 0x97, 0x99, 0x9c, 0x9c, 0xa0, 0xa0, 0xa0, 0x9c, 0x9c, 0x9c, 0xa0, 0xa0, 0x9c, 0x9c, 0x9c, 0xa0, 0xa0, 0x9c, 0x9c, 0x9c, 0x9c, 0x9c, 0x9c, 0x9c, 0xa0, 0xa0, 0xa0, 0x9c, 0x9c, 0x9c, 0x9c, 0x9c, 0x9c, 0x9c, 0x9c, 0x99, 0x99, 0x99, 0x93, 0x93, 0x8c, 0x90, 0x89, 0x89, 0x83, 0x83, 0x83, 0x83, 0x83, 0x83, 0x83, 0x81, 0x83, 0x89, 0x89, 0x86, 0x83, 0x83, 0x81, 0x83, 0x89, 
  0xa0, 0xa0, 0xa0, 0xa0, 0x9c, 0xa0, 0xa0, 0xa0, 0xa0, 0xa0, 0xa3, 0xa0, 0xa0, 0xa3, 0xa0, 0xa0, 0xa0, 0xa0, 0xa0, 0xa0, 0xa3, 0xa0, 0xa0, 0xa0, 0xa3, 0xa3, 0xa0, 0xa3, 0xa0, 0xa3, 0xa0, 0xa0, 0xa3, 0xa3, 0xa0, 0xa0, 0xa0, 0xa0, 0xa3, 0xa3, 0xa3, 0xa3, 0xa3, 0xa3, 0xa3, 0xa0, 0xa0, 0xa0, 0xa3, 0xa3, 0xa5, 0xa3, 0xa3, 0xa3, 0xa0, 0xa0, 0xa3, 0xa3, 0xa3, 0xa3, 0xa3, 0xa3, 0xa3, 0xa3, 0xa3, 0xa3, 0xa5, 0xa3, 0xa5, 0xa5, 0xa5, 0xa3, 0xa3, 0xa5, 0xa3, 0xa3, 0xa3, 0xa3, 0xa3, 0xa5, 0xa3, 0xa5, 0xa3, 0xa3, 0xa3, 0xa5, 0xa3, 0xa5, 0xa3, 0xa3, 0xa5, 0xa5, 0xa5, 0xa3, 0xa5, 0xa5, 0xa3, 0xa3, 0xa5, 0xa5, 0xa5, 0xa5, 0x2a, 0x1e, 0x0e, 0x74, 0x6e, 0x6f, 0x04, 0x02, 0x00, 0x6c, 0x71, 0x71, 0x71, 0x6b, 0x66, 0x66, 0x6c, 0x71, 0x04, 0x04, 0x08, 0x0b, 0x0f, 0x0f, 0x16, 0x21, 0x41, 0xbe, 0xc1, 0xc1, 0xc1, 0xc1, 0xc1, 0xc1, 0xc1, 0xc1, 0xc1, 0xc1, 0xc1, 0xbe, 0xba, 0xbb, 0xbc, 0xba, 0xb7, 0xb7, 0xcd, 0xcc, 0xd3, 0xd3, 0xd3, 0xd3, 0xd3, 0xd3, 0xce, 0xd3, 0xd4, 0xd0, 0xb5, 0xd1, 0xb0, 0xb0, 0xd0, 0xd3, 0xc7, 0x98, 0xd1, 0xd1, 0xd1, 0xb5, 0xd0, 0xb0, 0xb0, 0xb0, 0xb0, 0xb0, 0xb0, 0xd4, 0xd4, 0xd3, 0xb5, 0xd1, 0xb5, 0xb5, 0xd1, 0xd0, 0xb0, 0xd1, 0xd1, 0xb0, 0xb0, 0xb0, 0xb5, 0xd1, 0xd4, 0xb5, 0xb0, 0xd1, 0xb0, 0xaf, 0xcf, 0xb0, 0xb0, 0xd4, 0xd3, 0xd4, 0xd1, 0xb0, 0xb0, 0xb0, 0xd1, 0xd1, 0xb0, 0xb0, 0xb5, 0xb5, 0xd1, 0xd3, 0xca, 0xcb, 0xcd, 0xd3, 0xd4, 0xb3, 0x41, 0x41, 0xb5, 0xba, 0xb8, 0xb5, 0xb6, 0xaa, 0xa0, 0xa5, 0xb6, 0xba, 0xb6, 0xb2, 0xcd, 0xa0, 0x9c, 0x9c, 0x99, 0x99, 0x99, 0x99, 0x97, 0x97, 0x99, 0x99, 0x9c, 0x99, 0x97, 0x9c, 0x9c, 0x97, 0x9c, 0x9c, 0x9c, 0x99, 0x99, 0x9c, 0x9c, 0x9c, 0x9c, 0x9c, 0x9c, 0x9c, 0x9c, 0x9c, 0x9c, 0x99, 0x99, 0x99, 0x9c, 0x99, 0x97, 0x97, 0x97, 0x93, 0x93, 0x97, 0x97, 0x97, 0x97, 0x93, 0x90, 0x93, 0x90, 0x90, 0x90, 0x91, 0x93, 0x93, 0x93, 0x91, 0x93, 0x93, 0x91, 0x93, 0x90, 0x91, 0x91, 0x93, 0x97, 0x99, 0x99, 0x99, 0x9c, 0x9c, 0x9c, 0x9c, 0x9c, 0x9c, 0x9c, 0x9c, 0x9c, 0x9c, 0xa0, 0x9c, 0x9c, 0x9c, 0x9c, 0x9c, 0x9c, 0x9c, 0x9c, 0x9c, 0x9c, 0x9c, 0xa0, 0xa0, 0xa0, 0xa0, 0xa0, 0x9c, 0x9c, 0x9c, 0x9c, 0x9c, 0xa0, 0x9c, 0x93, 0x93, 0x93, 0x91, 0x90, 0x89, 0x89, 0x86, 0x89, 0x83, 0x83, 0x83, 0x81, 0x81, 0x81, 0x81, 0x81, 0x83, 0x83, 0x83, 0x86, 0x83, 0x83, 0x7e, 0x7e, 0x83, 
  0xa0, 0xa3, 0xa0, 0xa0, 0xa0, 0xa0, 0xa0, 0xa3, 0xa0, 0xa0, 0xa3, 0xa0, 0xa0, 0xa0, 0xa0, 0xa0, 0xa0, 0xa0, 0xa0, 0xa0, 0xa3, 0xa0, 0xa0, 0xa0, 0xa0, 0xa0, 0xa0, 0xa0, 0xa0, 0xa0, 0xa0, 0xa0, 0xa3, 0xa0, 0xa0, 0xa3, 0xa3, 0xa0, 0xa0, 0xa3, 0xa3, 0xa3, 0xa3, 0xa3, 0xa3, 0xa0, 0xa0, 0xa0, 0xa3, 0xa3, 0xa5, 0xa3, 0xa3, 0xa0, 0xa3, 0xa0, 0xa0, 0xa3, 0xa3, 0xa3, 0xa3, 0xa3, 0xa3, 0xa3, 0xa5, 0xa5, 0xa5, 0xa3, 0xa3, 0xa3, 0xa5, 0xa5, 0xa5, 0xa3, 0xa5, 0xa3, 0xa3, 0xa3, 0xa3, 0xa3, 0xa3, 0xa5, 0xa3, 0xa3, 0xa3, 0xa3, 0xa5, 0xa5, 0xa5, 0xa3, 0xa5, 0xa3, 0xa5, 0xa5, 0xa3, 0xa3, 0xa5, 0xa5, 0xa8, 0xa5, 0xa5, 0xa3, 0xa2, 0x8f, 0x09, 0x74, 0x6c, 0x61, 0x61, 0x63, 0x66, 0x6c, 0x71, 0x71, 0x71, 0x6b, 0x66, 0x66, 0x6b, 0x6b, 0x71, 0x04, 0x06, 0x0b, 0x0b, 0x0f, 0x16, 0x1e, 0xa9, 0x4a, 0xc1, 0xc1, 0xc1, 0xc1, 0xc1, 0xc1, 0xc1, 0xc1, 0xc1, 0xc1, 0xc0, 0xbe, 0xbc, 0xba, 0xbc, 0xba, 0xd2, 0xba, 0xb5, 0xcd, 0xcd, 0xd3, 0xcd, 0xa8, 0xaa, 0xae, 0x3e, 0x35, 0xae, 0xce, 0xd0, 0xb5, 0xd1, 0xd1, 0xb0, 0xd0, 0xd4, 0xcd, 0xcd, 0xd4, 0xb0, 0xb0, 0xb0, 0xb0, 0xb0, 0xd0, 0xb0, 0xd1, 0xb0, 0xb0, 0xaf, 0xce, 0xd3, 0xb0, 0xb0, 0xb0, 0xd1, 0xd1, 0xb0, 0xb0, 0xd1, 0xd1, 0xb5, 0xd0, 0xb0, 0xb5, 0xb5, 0xb0, 0xd1, 0xd1, 0xb0, 0xd4, 0xd3, 0xd3, 0xd4, 0xb0, 0xd4, 0xa0, 0xd4, 0xd1, 0xb0, 0xb0, 0xd1, 0xb5, 0xb0, 0xd1, 0xb5, 0xd2, 0xd2, 0xb0, 0xcd, 0xca, 0xcc, 0xd3, 0xd4, 0xb0, 0xb0, 0xb0, 0xb0, 0xb5, 0xba, 0xb7, 0xb2, 0xa2, 0xa0, 0xaf, 0xba, 0xb7, 0xb3, 0xd4, 0xa3, 0xa3, 0xa0, 0x9c, 0x9c, 0x99, 0x99, 0x99, 0x99, 0x99, 0x99, 0x99, 0x97, 0x97, 0x97, 0x9c, 0x9c, 0x9c, 0x99, 0x9c, 0x99, 0x99, 0x99, 0x9c, 0x9c, 0x9c, 0x9c, 0x9c, 0x9c, 0x99, 0x9c, 0x9c, 0x9c, 0x9c, 0x99, 0x99, 0x97, 0x97, 0x99, 0x97, 0x93, 0x93, 0x90, 0x93, 0x97, 0x93, 0x93, 0x91, 0x90, 0x90, 0x8c, 0x8c, 0x90, 0x93, 0x93, 0x91, 0x90, 0x90, 0x93, 0x90, 0x91, 0x91, 0x93, 0x93, 0x93, 0x97, 0x99, 0x99, 0x9c, 0x9c, 0x9c, 0x9c, 0x9c, 0x9c, 0x9c, 0x9c, 0xa0, 0x9c, 0x9c, 0xa0, 0xa0, 0x9c, 0x9c, 0x9c, 0x9c, 0x9c, 0x9c, 0x9c, 0x9c, 0x9c, 0x9c, 0x9c, 0x9c, 0x9c, 0x9c, 0x9c, 0x9c, 0x9c, 0x9c, 0x9c, 0x9c, 0x9c, 0x9c, 0x9c, 0x93, 0x90, 0x8c, 0x8c, 0x90, 0x89, 0x83, 0x83, 0x83, 0x83, 0x83, 0x83, 0x83, 0x83, 0x81, 0x7e, 0x7e, 0x7e, 0x83, 0x81, 0x83, 0x83, 0x81, 0x7e, 0x7e, 0x7e, 
  0xa0, 0xa0, 0xa0, 0xa0, 0xa3, 0xa0, 0xa0, 0xa0, 0xa0, 0xa3, 0xa0, 0xa0, 0xa3, 0xa0, 0xa0, 0xa0, 0xa0, 0xa0, 0xa0, 0xa0, 0xa0, 0xa0, 0xa0, 0xa0, 0xa0, 0xa0, 0xa3, 0xa0, 0xa0, 0xa0, 0xa0, 0xa0, 0xa3, 0xa0, 0xa3, 0xa3, 0xa3, 0xa3, 0xa3, 0xa5, 0xa3, 0xa3, 0xa3, 0xa0, 0xa3, 0xa0, 0xa0, 0xa3, 0xa3, 0xa3, 0xa3, 0xa3, 0xa3, 0xa3, 0xa3, 0xa0, 0xa0, 0xa3, 0xa3, 0xa5, 0xa3, 0xa3, 0xa3, 0xa5, 0xa5, 0xa5, 0xa5, 0xa5, 0xa3, 0xa5, 0xa3, 0xa5, 0xa3, 0xa3, 0xa3, 0xa5, 0xa3, 0xa3, 0xa3, 0xa3, 0xa5, 0xa3, 0xa3, 0xa3, 0xa5, 0xa5, 0xa3, 0xa3, 0xa5, 0xa3, 0xa5, 0xa5, 0xa5, 0xa5, 0xa5, 0xa5, 0xa8, 0xa8, 0xa5, 0xa5, 0xa5, 0xa5, 0xa2, 0x8f, 0x7f, 0x05, 0x6f, 0x63, 0x00, 0x66, 0x6b, 0x71, 0x6b, 0x71, 0x6c, 0x6b, 0x66, 0x66, 0x66, 0x6b, 0x6c, 0x04, 0x04, 0x06, 0x0b, 0x0f, 0x16, 0x1d, 0x28, 0xbb, 0xc1, 0xc1, 0xc1, 0xc1, 0xc1, 0xc1, 0xc1, 0xc1, 0xc1, 0xc1, 0xbe, 0xbc, 0xbc, 0xba, 0xbc, 0xbc, 0xba, 0xb7, 0xb5, 0xcb, 0xcb, 0xd3, 0xaa, 0xa9, 0xa6, 0x3a, 0x3f, 0x35, 0xae, 0xac, 0xd4, 0xb0, 0xb5, 0xd1, 0xd1, 0xd1, 0xb0, 0xd4, 0xce, 0xcd, 0xcd, 0xd4, 0xd0, 0xb0, 0xd0, 0xaf, 0xb0, 0xb0, 0xd1, 0xb0, 0xd0, 0xd0, 0xce, 0xd4, 0xb0, 0xb0, 0xb0, 0xb0, 0xb0, 0xb5, 0xb0, 0xb0, 0xb0, 0xb0, 0xb5, 0xd1, 0xb0, 0xd1, 0xb0, 0xb0, 0xd3, 0xd4, 0xa3, 0xc8, 0xcb, 0xd4, 0xcb, 0xa3, 0xc7, 0xd4, 0xb5, 0xb0, 0xb0, 0xd1, 0xb0, 0xd1, 0xb5, 0xb5, 0xb7, 0xb7, 0xb0, 0xcd, 0xcb, 0xcd, 0xd3, 0xd4, 0xb0, 0xb0, 0xb0, 0xb5, 0xb7, 0xb6, 0xa8, 0xa2, 0xaa, 0xb6, 0xba, 0xb6, 0xb0, 0xa5, 0xa3, 0xa3, 0xa3, 0xa0, 0x9c, 0x9c, 0x99, 0x97, 0x99, 0x9c, 0x9c, 0x99, 0x97, 0x97, 0x99, 0x9c, 0x99, 0x97, 0x99, 0x9c, 0x9c, 0x9c, 0x9c, 0x9c, 0x9c, 0x9c, 0x9c, 0x9c, 0x9c, 0x9c, 0x9c, 0x9c, 0xa0, 0x9c, 0x99, 0x97, 0x93, 0x97, 0x97, 0x97, 0x93, 0x91, 0x90, 0x93, 0x93, 0x90, 0x91, 0x90, 0x90, 0x90, 0x8c, 0x90, 0x91, 0x93, 0x93, 0x91, 0x90, 0x91, 0x90, 0x8c, 0x91, 0x91, 0x90, 0x93, 0x93, 0x99, 0x99, 0x99, 0x9c, 0x9c, 0x9c, 0x99, 0x99, 0x99, 0x9c, 0x9c, 0x9c, 0x9c, 0x9c, 0xa0, 0x9c, 0x9c, 0x9c, 0x9c, 0xa0, 0x9c, 0x9c, 0x9c, 0x9c, 0x9c, 0x9c, 0x9c, 0x9c, 0x9c, 0x9c, 0x9c, 0x9c, 0x9c, 0x9c, 0x9c, 0x99, 0x93, 0x99, 0x9c, 0x97, 0x91, 0x90, 0x90, 0x93, 0x90, 0x89, 0x83, 0x86, 0x81, 0x7e, 0x83, 0x86, 0x83, 0x83, 0x83, 0x81, 0x83, 0x83, 0x83, 0x86, 0x83, 0x83, 0x7e, 0x7e, 0x7c, 
  0xa0, 0xa0, 0xa0, 0xa0, 0xa0, 0xa0, 0xa0, 0x9c, 0x9c, 0xa0, 0xa0, 0xa3, 0xa3, 0xa3, 0xa0, 0xa3, 0xa0, 0xa0, 0xa3, 0xa0, 0xa0, 0xa0, 0xa0, 0xa0, 0xa0, 0xa0, 0xa3, 0xa0, 0xa0, 0xa0, 0xa0, 0xa3, 0xa3, 0xa3, 0xa0, 0xa3, 0xa3, 0xa3, 0xa0, 0xa3, 0xa3, 0xa3, 0xa3, 0xa3, 0xa3, 0xa0, 0xa0, 0xa3, 0xa3, 0xa3, 0xa0, 0xa3, 0xa0, 0xa0, 0xa0, 0xa3, 0xa0, 0xa0, 0xa3, 0xa5, 0xa5, 0xa5, 0xa5, 0xa5, 0xa3, 0xa5, 0xa5, 0xa3, 0xa5, 0xa5, 0xa3, 0xa3, 0xa3, 0xa3, 0xa5, 0xa5, 0xa5, 0xa3, 0xa3, 0xa5, 0xa3, 0xa3, 0xa3, 0xa3, 0xa3, 0xa3, 0xa3, 0xa5, 0xa5, 0xa3, 0xa5, 0xa5, 0xa5, 0xa5, 0xa5, 0xa5, 0xa5, 0xa8, 0xa8, 0xa8, 0xa5, 0xcb, 0xa2, 0x8a, 0x09, 0x03, 0x73, 0x71, 0x71, 0x6c, 0x6b, 0x6c, 0x71, 0x71, 0x6b, 0x6b, 0x66, 0x66, 0x68, 0x66, 0x6c, 0x71, 0x04, 0x06, 0x0b, 0x0b, 0x14, 0x1a, 0x24, 0xb8, 0xc0, 0xc1, 0xc1, 0xc1, 0xc1, 0xc1, 0xc0, 0xc1, 0xc1, 0xc1, 0xbe, 0xbc, 0xba, 0xba, 0xba, 0xbc, 0xbc, 0xba, 0xb5, 0xd3, 0xcc, 0xcd, 0xaa, 0x35, 0xab, 0x3a, 0x39, 0xa6, 0xa9, 0xab, 0xac, 0xcf, 0xb5, 0xb5, 0xb5, 0xb5, 0xb0, 0xb0, 0xd4, 0xd4, 0xd3, 0xcb, 0xcb, 0xd3, 0xb0, 0xb0, 0xaf, 0xd0, 0xb0, 0xd4, 0xd4, 0xb0, 0xd4, 0xcd, 0xd4, 0xb0, 0xb0, 0xb0, 0xb0, 0xb0, 0xb0, 0xaf, 0xd1, 0xb0, 0xb0, 0xb0, 0xb5, 0xb5, 0xb0, 0xb0, 0xb0, 0xd4, 0xcc, 0xd3, 0xd4, 0xd4, 0xca, 0xcd, 0xcb, 0xac, 0xb0, 0xb0, 0xb0, 0xd1, 0xd1, 0xd0, 0xb0, 0xb5, 0xb5, 0xb5, 0xb5, 0xce, 0xca, 0xca, 0xd3, 0xd3, 0xd4, 0xb5, 0xb5, 0xb5, 0xb6, 0xaf, 0xa0, 0xa3, 0xb3, 0xb7, 0xb7, 0xb3, 0xaa, 0xa5, 0xa3, 0xa3, 0xa0, 0xa0, 0xa0, 0x9c, 0x99, 0x97, 0x99, 0x9c, 0x9c, 0x9c, 0x99, 0x97, 0x99, 0x9c, 0x9c, 0x99, 0x99, 0x9c, 0x99, 0x9c, 0x9c, 0x9c, 0x9c, 0x9c, 0x9c, 0x9c, 0x9c, 0x99, 0x99, 0x9c, 0xa0, 0x9c, 0x99, 0x97, 0x97, 0x97, 0x93, 0x93, 0x93, 0x93, 0x93, 0x90, 0x93, 0x90, 0x91, 0x93, 0x90, 0x91, 0x90, 0x90, 0x91, 0x93, 0x93, 0x93, 0x90, 0x90, 0x90, 0x90, 0x93, 0x91, 0x91, 0x93, 0x93, 0x97, 0x97, 0x99, 0x9c, 0x9c, 0x9c, 0x9c, 0x9c, 0x99, 0x9c, 0x9c, 0x9c, 0x9c, 0x99, 0x9c, 0x9c, 0x9c, 0x9c, 0x9c, 0x9c, 0x9c, 0x9c, 0x9c, 0x9c, 0x9c, 0x9c, 0x9c, 0x9c, 0x99, 0x9c, 0x9c, 0x9c, 0x99, 0x99, 0x99, 0x97, 0x93, 0x99, 0x9c, 0x99, 0x93, 0x90, 0x8c, 0x90, 0x91, 0x90, 0x83, 0x83, 0x83, 0x7e, 0x83, 0x83, 0x83, 0x81, 0x83, 0x83, 0x7e, 0x81, 0x7e, 0x83, 0x83, 0x81, 0x83, 0x7e, 0x7e, 
  0xa0, 0xa0, 0xa0, 0xa0, 0xa0, 0xa0, 0xa0, 0xa0, 0x9c, 0xa0, 0xa0, 0xa3, 0xa3, 0xa0, 0xa0, 0xa3, 0xa3, 0xa0, 0xa0, 0xa0, 0xa0, 0xa3, 0xa0, 0xa0, 0xa0, 0xa0, 0xa3, 0xa3, 0xa0, 0xa0, 0xa0, 0xa3, 0xa3, 0xa3, 0xa3, 0xa3, 0xa3, 0xa3, 0xa0, 0xa3, 0xa3, 0xa3, 0xa3, 0xa3, 0xa3, 0xa3, 0xa3, 0xa3, 0xa3, 0xa3, 0xa3, 0xa3, 0xa0, 0xa3, 0xa3, 0xa3, 0xa3, 0xa3, 0xa5, 0xa5, 0xa3, 0xa5, 0xa5, 0xa5, 0xa3, 0xa3, 0xa5, 0xa5, 0xa5, 0xa8, 0xa5, 0xa5, 0xa5, 0xa3, 0xa3, 0xa3, 0xa3, 0xa3, 0xa3, 0xa3, 0xa3, 0xa5, 0xa3, 0xa3, 0xa3, 0xa3, 0xa5, 0xa5, 0xa5, 0xa5, 0xa5, 0xa5, 0xa5, 0xa5, 0xa5, 0xa5, 0xa5, 0xa8, 0xa8, 0xa8, 0xa5, 0xcd, 0xa2, 0x15, 0x08, 0x08, 0x06, 0x04, 0x6c, 0x6c, 0x6c, 0x71, 0x71, 0x71, 0x6b, 0x6b, 0x00, 0x00, 0x66, 0x66, 0x6b, 0x6b, 0x04, 0x08, 0x0b, 0x0b, 0x14, 0x1a, 0x20, 0xae, 0xc0, 0xc0, 0xc1, 0xc1, 0xc1, 0xc0, 0xbe, 0xc0, 0xc1, 0xc1, 0xc0, 0xbc, 0xb7, 0xba, 0xb7, 0xb7, 0xba, 0xb9, 0xb9, 0xb5, 0xd3, 0xcb, 0xa5, 0xa6, 0xa9, 0x33, 0x3d, 0x35, 0xa9, 0x35, 0xab, 0xd4, 0xb0, 0xb5, 0xb5, 0xd1, 0xb0, 0xb0, 0xb0, 0xd4, 0xb0, 0xd3, 0xc9, 0x98, 0xd4, 0xb5, 0xb0, 0xd4, 0xb0, 0xb0, 0xb0, 0xb0, 0xd4, 0xcd, 0xd3, 0xb0, 0xb0, 0xb0, 0xb0, 0xb5, 0xd0, 0xd4, 0xb0, 0xb0, 0xb0, 0xb0, 0xb5, 0xb0, 0xb0, 0xb0, 0xd4, 0xca, 0x9e, 0xcb, 0xd4, 0xb0, 0xd3, 0xd3, 0xcd, 0xc9, 0xcc, 0xb0, 0xb0, 0xb0, 0xd1, 0xb0, 0xb0, 0xb5, 0xb5, 0xb5, 0xd2, 0xb5, 0xd3, 0xca, 0xcb, 0xd3, 0xd3, 0xd1, 0xb7, 0xb7, 0xb0, 0xa5, 0xc9, 0xac, 0xb6, 0xb7, 0xb5, 0xd4, 0xa5, 0xa5, 0xa5, 0xa3, 0xa0, 0xa0, 0xa0, 0x9c, 0x99, 0x99, 0x97, 0x99, 0x99, 0x9c, 0x99, 0x99, 0x99, 0x9c, 0x9c, 0x9c, 0x9c, 0x9c, 0x9c, 0x9c, 0x9c, 0x99, 0x9c, 0x9c, 0x99, 0x99, 0x99, 0x99, 0x99, 0x9c, 0x9c, 0x9c, 0x9c, 0x97, 0x93, 0x93, 0x93, 0x93, 0x93, 0x93, 0x91, 0x90, 0x93, 0x90, 0x91, 0x91, 0x90, 0x90, 0x8c, 0x90, 0x90, 0x91, 0x91, 0x90, 0x90, 0x90, 0x90, 0x91, 0x91, 0x93, 0x90, 0x93, 0x97, 0x97, 0x97, 0x9c, 0x9c, 0x99, 0x9c, 0x9c, 0x9c, 0x9c, 0x9c, 0x9c, 0x9c, 0x99, 0x9c, 0x9c, 0x9c, 0x9c, 0x9c, 0x9c, 0x9c, 0x9c, 0x9c, 0x9c, 0x9c, 0x9c, 0x9c, 0x9c, 0x9c, 0x9c, 0x9c, 0x99, 0x97, 0x93, 0x93, 0x93, 0x93, 0x93, 0x93, 0x97, 0x97, 0x97, 0x97, 0x91, 0x90, 0x90, 0x91, 0x89, 0x83, 0x81, 0x83, 0x83, 0x83, 0x83, 0x83, 0x83, 0x83, 0x7e, 0x7e, 0x81, 0x7e, 0x7e, 0x83, 0x83, 0x83, 0x81, 
  0xa0, 0xa0, 0xa0, 0xa0, 0xa0, 0x9c, 0x9c, 0xa0, 0xa0, 0xa3, 0xa0, 0xa3, 0xa3, 0xa0, 0xa3, 0xa3, 0xa0, 0xa3, 0xa3, 0xa0, 0xa3, 0xa3, 0xa0, 0xa0, 0xa0, 0xa0, 0xa0, 0xa3, 0xa0, 0xa0, 0xa0, 0xa3, 0xa3, 0xa3, 0xa0, 0xa3, 0xa3, 0xa3, 0xa0, 0xa3, 0xa3, 0xa3, 0xa0, 0xa3, 0xa3, 0xa3, 0xa3, 0xa3, 0xa3, 0xa3, 0xa3, 0xa3, 0xa3, 0xa0, 0xa3, 0xa3, 0xa3, 0xa3, 0xa3, 0xa3, 0xa3, 0xa3, 0xa3, 0xa3, 0xa3, 0xa3, 0xa5, 0xa5, 0xa5, 0xa5, 0xa3, 0xa3, 0xa5, 0xa5, 0xa3, 0xa3, 0xa3, 0xa3, 0xa3, 0xa3, 0xa5, 0xa5, 0xa5, 0xa3, 0xa3, 0xa5, 0xa5, 0xa5, 0xa5, 0xa5, 0xa5, 0xa5, 0xa5, 0xa5, 0xa5, 0xa5, 0xa8, 0xa8, 0xa8, 0xa8, 0xa5, 0xa5, 0x94, 0x0d, 0x0b, 0x08, 0x04, 0x04, 0x71, 0x71, 0x71, 0x04, 0x71, 0x71, 0x6b, 0x6b, 0x66, 0x00, 0x00, 0x66, 0x6b, 0x6c, 0x04, 0x06, 0x0b, 0x0f, 0x14, 0x1a, 0x20, 0x2c, 0xbe, 0xc1, 0xc1, 0xc1, 0xc0, 0xc0, 0xbe, 0xc1, 0xc0, 0xc0, 0xbf, 0xbc, 0xb7, 0xba, 0xba, 0xb7, 0xb7, 0xd2, 0xb7, 0xb7, 0xb5, 0xd3, 0xcb, 0xa7, 0xa9, 0x33, 0x3d, 0x36, 0x2e, 0x2f, 0x35, 0xd4, 0xcf, 0xb5, 0xb5, 0xb5, 0xb5, 0xb0, 0xd1, 0xb0, 0xb0, 0xac, 0xd3, 0xca, 0xcb, 0xd0, 0xd0, 0xb0, 0xd0, 0xb0, 0xb0, 0xd0, 0xd0, 0xd4, 0xd4, 0xd4, 0xb0, 0xb0, 0xb0, 0xb0, 0xb0, 0xb0, 0xb0, 0xb0, 0xb0, 0xb0, 0xb0, 0xb0, 0xb0, 0xb0, 0xd4, 0xcd, 0xcb, 0xcd, 0xd0, 0xb0, 0xd4, 0xd3, 0xd3, 0x98, 0x98, 0xaf, 0xb5, 0xb0, 0xb0, 0xd0, 0xaf, 0xb5, 0xb5, 0xb5, 0xb5, 0xb7, 0xd1, 0xcc, 0xc9, 0xcc, 0xd3, 0xd4, 0xb7, 0xb6, 0xa8, 0x9c, 0xa5, 0xb3, 0xba, 0xb7, 0xb3, 0xd3, 0xa8, 0xa8, 0xa8, 0xa5, 0xa3, 0xa3, 0xa0, 0xa0, 0x9c, 0x9c, 0x99, 0x99, 0x99, 0x9c, 0x9c, 0x9c, 0x99, 0x9c, 0x9c, 0x9c, 0x9c, 0x9c, 0x9c, 0x99, 0x99, 0x99, 0x9c, 0x9c, 0x99, 0x99, 0x99, 0x99, 0x99, 0x99, 0x9c, 0x99, 0x99, 0x97, 0x93, 0x93, 0x93, 0x93, 0x93, 0x93, 0x93, 0x90, 0x93, 0x91, 0x90, 0x90, 0x90, 0x90, 0x8c, 0x90, 0x90, 0x90, 0x90, 0x90, 0x90, 0x90, 0x90, 0x90, 0x90, 0x91, 0x90, 0x90, 0x93, 0x93, 0x97, 0x9c, 0x9c, 0x9c, 0x9c, 0x9c, 0x9c, 0x9c, 0x9c, 0x9c, 0x9c, 0x9c, 0x9c, 0x9c, 0x9c, 0x9c, 0x9c, 0x9c, 0x9c, 0x9c, 0x9c, 0x9c, 0x9c, 0x9c, 0x9c, 0x99, 0x9c, 0x99, 0x97, 0x91, 0x91, 0x90, 0x90, 0x90, 0x90, 0x90, 0x90, 0x90, 0x91, 0x93, 0x99, 0x97, 0x93, 0x8b, 0x91, 0x8c, 0x84, 0x81, 0x83, 0x83, 0x81, 0x81, 0x81, 0x7e, 0x7e, 0x7e, 0x7e, 0x81, 0x7e, 0x7e, 0x81, 0x83, 0x81, 0x7e, 
  0xa0, 0xa0, 0xa0, 0xa0, 0xa0, 0xa0, 0xa0, 0xa0, 0xa0, 0xa0, 0xa0, 0xa0, 0xa3, 0xa3, 0xa3, 0xa3, 0xa3, 0xa0, 0xa3, 0xa3, 0xa3, 0xa0, 0xa0, 0xa3, 0xa3, 0xa0, 0xa0, 0xa3, 0xa3, 0xa3, 0xa0, 0xa3, 0xa3, 0xa3, 0xa0, 0xa3, 0xa3, 0xa3, 0xa3, 0xa3, 0xa0, 0xa3, 0xa3, 0xa5, 0xa5, 0xa3, 0xa3, 0xa3, 0xa3, 0xa3, 0xa3, 0xa3, 0xa3, 0xa3, 0xa3, 0xa3, 0xa3, 0xa3, 0xa3, 0xa3, 0xa3, 0xa3, 0xa3, 0xa3, 0xa3, 0xa3, 0xa3, 0xa5, 0xa5, 0xa5, 0xa3, 0xa3, 0xa5, 0xa5, 0xa3, 0xa3, 0xa3, 0xa3, 0xa3, 0xa3, 0xa5, 0xa5, 0xa5, 0xa5, 0xa5, 0xa5, 0xa5, 0xa5, 0xa5, 0xa5, 0xa8, 0xa8, 0xa8, 0xa5, 0xa8, 0xa8, 0xa8, 0xa8, 0xa8, 0xa5, 0xa5, 0xa3, 0x8d, 0x0f, 0x0b, 0x08, 0x04, 0x04, 0x71, 0x71, 0x71, 0x71, 0x71, 0x71, 0x6b, 0x6b, 0x66, 0x66, 0x00, 0x00, 0x6b, 0x71, 0x04, 0x04, 0x0b, 0x0f, 0x14, 0x1a, 0x21, 0x2c, 0xbe, 0xc1, 0xc1, 0xc0, 0xc1, 0xc1, 0xc1, 0xbf, 0xbd, 0xbc, 0xbd, 0xbd, 0xba, 0xbd, 0xbf, 0xbc, 0xbc, 0xbb, 0xb7, 0xb9, 0xb7, 0xb0, 0xcc, 0xa8, 0xa9, 0x33, 0x3d, 0x39, 0x31, 0xa6, 0xaa, 0xd4, 0xd4, 0xd0, 0xd1, 0xb5, 0xb5, 0xb0, 0xd0, 0xb0, 0xb0, 0xd4, 0xd4, 0xaf, 0xd3, 0xd3, 0xcb, 0xcd, 0xb0, 0xb0, 0xb0, 0xd0, 0xb0, 0xd0, 0xd4, 0xcd, 0xd3, 0xb0, 0xb0, 0xb0, 0xb0, 0xb0, 0xb0, 0xb0, 0xb0, 0xb0, 0xd0, 0xb0, 0xb0, 0xb0, 0xb0, 0xb0, 0xaf, 0xd0, 0xd1, 0xb0, 0xd4, 0xca, 0xd4, 0xcb, 0xca, 0xcc, 0xb0, 0xb5, 0xb5, 0xb0, 0xb0, 0xb5, 0xb5, 0xb5, 0xb0, 0xb5, 0xb7, 0xd0, 0xca, 0xca, 0xcd, 0xd4, 0xb7, 0xaf, 0xa0, 0x9c, 0xac, 0xb7, 0xb7, 0xb6, 0xaf, 0xa8, 0xa8, 0xa8, 0xa8, 0xa8, 0xa5, 0xa3, 0xa3, 0xa0, 0xa0, 0x9c, 0x99, 0x97, 0x99, 0x99, 0x9c, 0x99, 0x9c, 0x9c, 0x9c, 0x9c, 0x9c, 0x9c, 0x99, 0x99, 0x99, 0x9c, 0x9c, 0x99, 0x99, 0x99, 0x99, 0x99, 0x99, 0x9c, 0x99, 0x97, 0x99, 0x97, 0x93, 0x93, 0x93, 0x93, 0x93, 0x93, 0x93, 0x90, 0x93, 0x91, 0x90, 0x8c, 0x90, 0x90, 0x90, 0x90, 0x8c, 0x89, 0x89, 0x8c, 0x90, 0x90, 0x90, 0x8c, 0x90, 0x90, 0x91, 0x91, 0x90, 0x91, 0x93, 0x99, 0x9c, 0x99, 0x9c, 0x9c, 0x9c, 0x9c, 0x9c, 0x9c, 0x99, 0x9c, 0x9c, 0x9c, 0x9c, 0x9c, 0x9c, 0x9c, 0x9c, 0x9c, 0x9c, 0x9c, 0x9c, 0x9c, 0x9c, 0x9c, 0x99, 0x97, 0x93, 0x91, 0x90, 0x8c, 0x8c, 0x90, 0x90, 0x90, 0x90, 0x90, 0x90, 0x90, 0x91, 0x90, 0x90, 0x90, 0x90, 0x90, 0x89, 0x83, 0x81, 0x81, 0x7e, 0x7e, 0x7e, 0x83, 0x81, 0x7e, 0x7a, 0x7e, 0x7e, 0x7e, 0x7c, 0x7e, 0x7e, 0x7e, 
  0xa0, 0xa0, 0xa0, 0xa3, 0xa3, 0xa3, 0xa0, 0x9c, 0xa0, 0xa0, 0xa0, 0xa0, 0xa3, 0xa3, 0xa3, 0xa3, 0xa3, 0xa0, 0xa3, 0xa3, 0xa0, 0xa0, 0xa0, 0xa0, 0xa3, 0xa0, 0xa0, 0xa3, 0xa3, 0xa3, 0xa3, 0xa3, 0xa3, 0xa0, 0xa0, 0xa3, 0xa3, 0xa3, 0xa3, 0xa3, 0xa0, 0xa3, 0xa3, 0xa5, 0xa5, 0xa3, 0xa5, 0xa3, 0xa3, 0xa3, 0xa3, 0xa3, 0xa3, 0xa3, 0xa3, 0xa5, 0xa5, 0xa3, 0xa3, 0xa3, 0xa3, 0xa3, 0xa3, 0xa3, 0xa3, 0xa3, 0xa3, 0xa5, 0xa5, 0xa5, 0xa5, 0xa5, 0xa5, 0xa5, 0xa5, 0xa5, 0xa3, 0xa3, 0xa5, 0xa5, 0xa5, 0xa5, 0xa3, 0xa5, 0xa5, 0xa8, 0xa5, 0xa5, 0xa5, 0xa8, 0xa8, 0xa8, 0xa8, 0xa8, 0xa8, 0xa8, 0xa8, 0xa8, 0xa8, 0xa5, 0xa5, 0x9b, 0x14, 0x0b, 0x0b, 0x06, 0x04, 0x71, 0x71, 0x71, 0x6c, 0x6c, 0x6c, 0x6c, 0x66, 0x66, 0x63, 0x66, 0x00, 0x66, 0x6b, 0x71, 0x04, 0x06, 0x0b, 0x0f, 0x14, 0x1a, 0x21, 0x2f, 0x4a, 0xc0, 0xbf, 0xbe, 0xc0, 0xbf, 0xbe, 0xbb, 0xb9, 0xba, 0xbe, 0xbe, 0xbe, 0xbe, 0xc1, 0xbe, 0xc0, 0xbf, 0xba, 0xb9, 0xb7, 0xb5, 0xcd, 0xcc, 0xa8, 0xa7, 0x35, 0xae, 0xaa, 0xac, 0xd4, 0xd4, 0xd3, 0xce, 0xb0, 0xb5, 0xb5, 0xd1, 0xd4, 0xd3, 0xd4, 0xb0, 0xb0, 0xb0, 0xb0, 0xd4, 0xc9, 0x9e, 0xd0, 0xb0, 0xd0, 0xb0, 0xb0, 0xb0, 0xd0, 0xd3, 0xcd, 0xd4, 0xb0, 0xb0, 0xb0, 0xb0, 0xb0, 0xb0, 0xb0, 0xb0, 0xd4, 0xb0, 0xb0, 0xb0, 0xb0, 0xd1, 0xb0, 0xb0, 0xb0, 0xb0, 0xd4, 0x87, 0xb0, 0xd4, 0xd3, 0xca, 0xcb, 0xb5, 0xb5, 0xb5, 0xd1, 0xb5, 0xb5, 0xb5, 0xb5, 0xb5, 0xb5, 0xb5, 0xcd, 0xc9, 0xcc, 0xb5, 0xb6, 0xa5, 0x99, 0xa3, 0xb3, 0xb7, 0xb7, 0xb5, 0xaf, 0xa8, 0xa8, 0xa8, 0xa8, 0xa8, 0xa5, 0xa2, 0xa1, 0x9f, 0x9f, 0x9d, 0x9d, 0x9c, 0x99, 0x9c, 0x9c, 0x99, 0x9c, 0x9c, 0x9c, 0x9c, 0x9c, 0x9c, 0x99, 0x99, 0x99, 0x9c, 0x9c, 0x9c, 0x99, 0x99, 0x99, 0x97, 0x99, 0x9c, 0x99, 0x97, 0x99, 0x99, 0x97, 0x93, 0x93, 0x93, 0x91, 0x91, 0x91, 0x90, 0x91, 0x8c, 0x89, 0x8c, 0x8c, 0x90, 0x90, 0x90, 0x8c, 0x89, 0x89, 0x89, 0x8c, 0x90, 0x8c, 0x8c, 0x90, 0x91, 0x90, 0x90, 0x8c, 0x90, 0x93, 0x99, 0x9c, 0x99, 0x9c, 0x9c, 0x9c, 0x9c, 0x9c, 0x9c, 0x9c, 0x9c, 0x99, 0x99, 0x9c, 0x9c, 0x9c, 0x9c, 0x9c, 0x9c, 0x9c, 0x9c, 0x9c, 0x9c, 0xa0, 0x9c, 0x99, 0x93, 0x90, 0x90, 0x8c, 0x8c, 0x8c, 0x90, 0x90, 0x90, 0x90, 0x90, 0x90, 0x90, 0x90, 0x8c, 0x89, 0x8c, 0x90, 0x8c, 0x8c, 0x81, 0x7e, 0x7e, 0x83, 0x83, 0x90, 0x97, 0x93, 0x90, 0x89, 0x90, 0x90, 0x90, 0x90, 0x90, 0x93, 0x97, 
  0xa0, 0xa3, 0xa0, 0xa0, 0xa3, 0xa3, 0xa0, 0xa0, 0xa0, 0xa0, 0xa0, 0xa3, 0xa3, 0xa3, 0xa3, 0xa0, 0xa0, 0xa0, 0xa0, 0xa0, 0xa0, 0xa0, 0xa3, 0xa0, 0xa0, 0xa0, 0xa0, 0xa0, 0xa3, 0xa3, 0xa3, 0xa3, 0xa3, 0xa3, 0xa0, 0xa3, 0xa3, 0xa3, 0xa3, 0xa3, 0xa3, 0xa3, 0xa5, 0xa3, 0xa3, 0xa3, 0xa3, 0xa3, 0xa3, 0xa3, 0xa3, 0xa5, 0xa3, 0xa3, 0xa3, 0xa5, 0xa3, 0xa3, 0xa3, 0xa3, 0xa3, 0xa3, 0xa3, 0xa5, 0xa3, 0xa3, 0xa3, 0xa3, 0xa3, 0xa5, 0xa5, 0xa5, 0xa5, 0xa5, 0xa5, 0xa5, 0xa5, 0xa5, 0xa5, 0xa5, 0xa5, 0xa5, 0xa5, 0xa5, 0xa5, 0xa5, 0xa5, 0xa5, 0xa8, 0xa8, 0xa8, 0xa5, 0xa8, 0xa8, 0xa8, 0xa8, 0xa8, 0xa8, 0xa8, 0xa5, 0xa2, 0x1c, 0x0f, 0x06, 0x06, 0x04, 0x04, 0x71, 0x71, 0x6c, 0x6c, 0x68, 0x66, 0x00, 0x66, 0x63, 0x63, 0x63, 0x63, 0x66, 0x6b, 0x71, 0x04, 0x08, 0x0b, 0x0b, 0x0f, 0x1a, 0x21, 0x2c, 0xb8, 0xbe, 0xbe, 0xbe, 0xbe, 0xba, 0xba, 0xbc, 0xbd, 0xbe, 0xc0, 0xc1, 0xc0, 0xc0, 0xc1, 0xbe, 0xc0, 0xc1, 0xbc, 0xb7, 0xb7, 0xb7, 0xaf, 0xcb, 0xcc, 0xd3, 0xd3, 0xd3, 0xd3, 0xd3, 0xce, 0xd4, 0xce, 0xd3, 0xd4, 0xb0, 0xcd, 0xcd, 0xb0, 0xd3, 0xd3, 0xcd, 0xd4, 0xb0, 0xb0, 0xb0, 0xd3, 0xcb, 0xca, 0xd0, 0xb0, 0xb0, 0xb0, 0xb0, 0xb0, 0xd0, 0xd3, 0xb0, 0xb5, 0xd0, 0xb0, 0xb5, 0xb0, 0xb0, 0xb5, 0xb0, 0xb0, 0xb0, 0xb0, 0xb0, 0xb0, 0xb0, 0xd1, 0xd4, 0xb0, 0xb0, 0xd4, 0x87, 0xb0, 0xb0, 0xaf, 0xcc, 0xca, 0xd3, 0xb5, 0xb5, 0xb5, 0xb5, 0xb5, 0xb5, 0xb5, 0xb5, 0xb5, 0xd2, 0xd0, 0xcb, 0xd3, 0xb9, 0xaf, 0x9c, 0x9c, 0xac, 0xb7, 0xb7, 0xb5, 0xb5, 0xb5, 0xac, 0xa8, 0xa8, 0xd3, 0xa4, 0x9f, 0x9a, 0x94, 0x8d, 0x1c, 0x94, 0x1e, 0x95, 0x9d, 0x9c, 0x9c, 0x9c, 0x9c, 0x9c, 0x9c, 0x9c, 0x9c, 0x9c, 0x99, 0x99, 0x9c, 0x9c, 0x99, 0x99, 0x99, 0x99, 0x97, 0x97, 0x97, 0x9c, 0x99, 0x99, 0x9c, 0x99, 0x97, 0x93, 0x91, 0x90, 0x91, 0x90, 0x91, 0x90, 0x8c, 0x89, 0x8c, 0x8c, 0x8c, 0x90, 0x8c, 0x90, 0x8c, 0x8c, 0x89, 0x8c, 0x90, 0x90, 0x90, 0x8b, 0x89, 0x90, 0x90, 0x8c, 0x8c, 0x93, 0x93, 0x97, 0x99, 0x99, 0x9c, 0x9c, 0x9c, 0x9c, 0x9c, 0x9c, 0x9c, 0xa0, 0x9c, 0x99, 0x9c, 0x9c, 0x9c, 0x9c, 0x9c, 0x9c, 0x9c, 0x9c, 0x9c, 0x9c, 0xa0, 0x9c, 0x99, 0x93, 0x90, 0x90, 0x8c, 0x89, 0x89, 0x8c, 0x90, 0x8c, 0x8c, 0x8c, 0x8c, 0x89, 0x89, 0x89, 0x89, 0x89, 0x90, 0x90, 0x90, 0x83, 0x7e, 0x83, 0x91, 0x99, 0x9c, 0xa3, 0xa3, 0xa3, 0xa3, 0xa3, 0xa0, 0xa3, 0xa3, 0xa3, 0xa3, 0xa3, 
  0xa3, 0xa0, 0xa0, 0xa3, 0xa3, 0xa0, 0x9c, 0xa0, 0xa0, 0xa0, 0xa3, 0xa3, 0xa3, 0xa3, 0xa3, 0xa0, 0xa0, 0xa0, 0xa0, 0xa0, 0xa3, 0xa0, 0xa0, 0xa0, 0xa0, 0xa0, 0xa3, 0xa3, 0xa3, 0xa3, 0xa3, 0xa0, 0xa3, 0xa3, 0xa3, 0xa3, 0xa3, 0xa5, 0xa3, 0xa3, 0xa3, 0xa3, 0xa3, 0xa3, 0xa5, 0xa3, 0xa3, 0xa3, 0xa3, 0xa3, 0xa3, 0xa5, 0xa5, 0xa3, 0xa5, 0xa3, 0xa3, 0xa3, 0xa3, 0xa3, 0xa3, 0xa3, 0xa3, 0xa5, 0xa3, 0xa3, 0xa3, 0xa5, 0xa5, 0xa5, 0xa5, 0xa5, 0xa5, 0xa5, 0xa5, 0xa5, 0xa5, 0xa5, 0xa5, 0xa5, 0xa5, 0xa5, 0xa5, 0xa5, 0xa5, 0xa3, 0xa5, 0xa8, 0xa5, 0xa8, 0xa8, 0xa5, 0xa5, 0xa8, 0xac, 0xa8, 0xa8, 0xa8, 0xa8, 0xa5, 0x9f, 0x16, 0x0b, 0x06, 0x04, 0x04, 0x04, 0x71, 0x6c, 0x6c, 0x68, 0x00, 0x61, 0x63, 0x63, 0x63, 0x63, 0x66, 0x66, 0x66, 0x6b, 0x71, 0x04, 0x08, 0x0b, 0x0b, 0x0f, 0x16, 0x21, 0x2c, 0x41, 0xbd, 0xbc, 0xb7, 0xba, 0xbc, 0xbe, 0xbf, 0xc0, 0xc1, 0xc1, 0xc1, 0xc0, 0xc1, 0xc0, 0xc0, 0xc1, 0xbf, 0xbc, 0xba, 0xba, 0xb7, 0xd2, 0xaf, 0xcb, 0xcd, 0xd3, 0xd3, 0xd3, 0xd3, 0xd3, 0xd4, 0xd3, 0xd3, 0xd4, 0xd0, 0xd4, 0xcd, 0xd4, 0xd0, 0xb0, 0xca, 0xca, 0xb5, 0xb5, 0xb0, 0xd0, 0xd4, 0xcb, 0xc9, 0xb5, 0xb0, 0xd4, 0xcd, 0xcd, 0xb0, 0xd4, 0xd4, 0xb0, 0xd1, 0xb0, 0xb0, 0xb5, 0xb0, 0xd4, 0xd4, 0xb0, 0xd4, 0xd1, 0xb0, 0xb0, 0xb0, 0xb0, 0xd4, 0xb0, 0xb0, 0xaf, 0xc9, 0xb5, 0xb0, 0xb0, 0xd4, 0xcd, 0xcc, 0xb7, 0xb5, 0xb5, 0xb5, 0xb5, 0xb0, 0xb0, 0xb5, 0xd2, 0xd2, 0xb7, 0xb0, 0xb5, 0xb5, 0xa3, 0x99, 0xa5, 0xb3, 0xb7, 0xb7, 0xb3, 0xb6, 0xba, 0xb5, 0xac, 0xaa, 0xa9, 0x22, 0x1c, 0x12, 0x11, 0x0c, 0x0f, 0x11, 0x14, 0x1a, 0x1d, 0x22, 0x9d, 0x9c, 0xa0, 0x9c, 0x99, 0x99, 0x9c, 0x9c, 0x9c, 0x9c, 0xa0, 0x9c, 0x97, 0x93, 0x97, 0x99, 0x97, 0x93, 0x97, 0x97, 0x97, 0x97, 0x97, 0x99, 0x93, 0x90, 0x90, 0x8c, 0x90, 0x90, 0x8b, 0x8c, 0x89, 0x89, 0x8c, 0x90, 0x90, 0x8c, 0x8c, 0x89, 0x8b, 0x90, 0x90, 0x90, 0x90, 0x90, 0x90, 0x90, 0x89, 0x89, 0x90, 0x90, 0x8c, 0x93, 0x97, 0x97, 0x99, 0x97, 0x97, 0x99, 0x9c, 0x9c, 0x99, 0x99, 0x99, 0x9c, 0x9c, 0x9c, 0x9c, 0x9c, 0x9c, 0x9c, 0x9c, 0x9c, 0xa0, 0xa0, 0x9c, 0x9c, 0x99, 0x97, 0x93, 0x91, 0x91, 0x90, 0x90, 0x89, 0x89, 0x89, 0x8c, 0x89, 0x86, 0x89, 0x89, 0x8c, 0x89, 0x89, 0x89, 0x89, 0x90, 0x90, 0x91, 0x91, 0x8c, 0x90, 0x93, 0x97, 0x97, 0x93, 0x93, 0x93, 0x93, 0x97, 0x97, 0x99, 0x93, 0x91, 0x93, 0x91, 
  0xa0, 0xa0, 0xa3, 0xa3, 0xa3, 0xa3, 0xa0, 0xa0, 0xa3, 0xa0, 0xa3, 0xa0, 0xa0, 0xa3, 0xa3, 0xa3, 0xa3, 0xa3, 0xa0, 0xa0, 0xa0, 0xa0, 0xa0, 0xa3, 0xa0, 0xa0, 0xa3, 0xa3, 0xa0, 0xa3, 0xa0, 0xa3, 0xa3, 0xa3, 0xa3, 0xa5, 0xa3, 0xa5, 0xa3, 0xa3, 0xa3, 0xa3, 0xa3, 0xa3, 0xa3, 0xa3, 0xa3, 0xa3, 0xa3, 0xa3, 0xa3, 0xa5, 0xa5, 0xa5, 0xa3, 0xa5, 0xa3, 0xa3, 0xa3, 0xa5, 0xa3, 0xa5, 0xa3, 0xa3, 0xa5, 0xa5, 0xa5, 0xa3, 0xa5, 0xa5, 0xa3, 0xa5, 0xa3, 0xa5, 0xa5, 0xa5, 0xa5, 0xa5, 0xa5, 0xa5, 0xa5, 0xa5, 0xa5, 0xa5, 0xa5, 0xa5, 0xa5, 0xa8, 0xa5, 0xa5, 0xa8, 0xa5, 0xa8, 0xa8, 0xa8, 0xa8, 0xa8, 0xa5, 0xcd, 0xa5, 0x9a, 0x11, 0x0b, 0x04, 0x04, 0x71, 0x6c, 0x6c, 0x6c, 0x66, 0x63, 0x61, 0x5e, 0x5e, 0x63, 0x00, 0x00, 0x66, 0x66, 0x6c, 0x6c, 0x73, 0x03, 0x08, 0x0c, 0x0c, 0x11, 0x1a, 0x21, 0x2c, 0x41, 0xbc, 0xbe, 0xbc, 0xbe, 0xbf, 0xc1, 0xc0, 0xbf, 0xc1, 0xc1, 0xc1, 0xc1, 0xc1, 0xc1, 0xc1, 0xc1, 0xbe, 0xd2, 0xbb, 0xbc, 0xb7, 0xb7, 0xb5, 0xcb, 0xca, 0xd3, 0xd3, 0xd3, 0xd3, 0xd3, 0xd4, 0xd4, 0xd3, 0xd3, 0xd4, 0xb0, 0xb0, 0xcd, 0xca, 0xd4, 0xd3, 0x98, 0xd3, 0xb7, 0xb5, 0xb0, 0xd4, 0xd0, 0xcd, 0x97, 0xb5, 0xb0, 0xd4, 0xd4, 0xb0, 0xb0, 0xaf, 0xd3, 0xd0, 0xd1, 0xd3, 0xca, 0xb0, 0xb0, 0xb0, 0xb0, 0xd4, 0xb5, 0xb0, 0xd0, 0xd0, 0xb5, 0xb0, 0xd1, 0xb0, 0xb0, 0xac, 0xb0, 0xb0, 0xb0, 0xb0, 0xd4, 0xc9, 0xc7, 0xb5, 0xb5, 0xb5, 0xb5, 0xb5, 0xd1, 0xb5, 0xb5, 0xb5, 0xb5, 0xb7, 0xb7, 0xa8, 0x99, 0xa2, 0xaf, 0xb6, 0xb7, 0xb5, 0xb0, 0xb0, 0xb7, 0xba, 0xb2, 0xa6, 0x2b, 0x21, 0x1a, 0x0f, 0x0b, 0x0b, 0x0b, 0x0b, 0x0b, 0x0f, 0x14, 0x1a, 0x1d, 0x9d, 0x9c, 0x99, 0x9c, 0x9c, 0x9c, 0x9c, 0x9c, 0x9c, 0x9c, 0x9c, 0x97, 0x97, 0x99, 0x97, 0x97, 0x97, 0x97, 0x93, 0x97, 0x97, 0x97, 0x97, 0x93, 0x91, 0x90, 0x8c, 0x8c, 0x8c, 0x90, 0x89, 0x89, 0x8c, 0x90, 0x90, 0x90, 0x8c, 0x8c, 0x8c, 0x91, 0x93, 0x90, 0x89, 0x89, 0x89, 0x89, 0x8c, 0x90, 0x8c, 0x8c, 0x90, 0x90, 0x90, 0x93, 0x97, 0x97, 0x97, 0x97, 0x99, 0x99, 0x99, 0x97, 0x9c, 0x99, 0x9c, 0xa0, 0x9c, 0x99, 0x99, 0x9c, 0x9c, 0x9c, 0x9c, 0xa0, 0xa0, 0x9c, 0x99, 0x93, 0x93, 0x90, 0x90, 0x90, 0x90, 0x8c, 0x89, 0x83, 0x89, 0x89, 0x8c, 0x89, 0x89, 0x8c, 0x8c, 0x89, 0x90, 0x89, 0x86, 0x90, 0x90, 0x93, 0x97, 0x97, 0x93, 0x90, 0x89, 0x84, 0x83, 0x83, 0x83, 0x83, 0x83, 0x84, 0x86, 0x83, 0x86, 0x89, 0x89, 
  0xa0, 0xa0, 0xa3, 0xa3, 0xa3, 0xa0, 0xa3, 0xa3, 0xa0, 0xa0, 0xa3, 0xa0, 0xa3, 0xa0, 0xa3, 0xa3, 0xa3, 0xa0, 0xa3, 0xa0, 0xa0, 0xa0, 0xa3, 0xa3, 0xa3, 0xa3, 0xa3, 0xa0, 0xa3, 0xa3, 0xa3, 0xa3, 0xa3, 0xa3, 0xa3, 0xa3, 0xa5, 0xa3, 0xa0, 0xa3, 0xa3, 0xa0, 0xa3, 0xa0, 0xa0, 0xa3, 0xa3, 0xa3, 0xa3, 0xa3, 0xa3, 0xa5, 0xa3, 0xa3, 0xa3, 0xa0, 0xa3, 0xa3, 0xa3, 0xa5, 0xa5, 0xa5, 0xa3, 0xa5, 0xa3, 0xa3, 0xa5, 0xa5, 0xa5, 0xa5, 0xa3, 0xa5, 0xa5, 0xa5, 0xa5, 0xa5, 0xa5, 0xa5, 0xa5, 0xa5, 0xa5, 0xa5, 0xa5, 0xa5, 0xa5, 0xa5, 0xa5, 0xa8, 0xa8, 0xa8, 0xa8, 0xa5, 0xa8, 0xa8, 0xa8, 0xa8, 0xa8, 0xa5, 0xa8, 0xa8, 0x9a, 0x11, 0x08, 0x03, 0x71, 0x6c, 0x6b, 0x6b, 0x66, 0x63, 0x5e, 0x5e, 0x5c, 0x5e, 0x63, 0x66, 0x66, 0x66, 0x68, 0x6c, 0x6c, 0x71, 0x03, 0x04, 0x0c, 0x0f, 0x14, 0x1a, 0x21, 0x2c, 0x41, 0xbc, 0xbc, 0xbe, 0xc1, 0xc1, 0xc0, 0xba, 0xba, 0xc1, 0xc1, 0xc1, 0xc1, 0xc1, 0xc1, 0xc1, 0xc1, 0xbe, 0xba, 0xbb, 0xbc, 0xba, 0xb7, 0xb7, 0xd4, 0xcb, 0xcd, 0xd3, 0xd3, 0xd3, 0xce, 0xae, 0xa9, 0x2a, 0x3b, 0xd4, 0xd4, 0xb0, 0xaf, 0xd3, 0xc9, 0xca, 0xcb, 0xd3, 0xd3, 0xb0, 0xb0, 0xb0, 0xd3, 0xd3, 0xc6, 0xca, 0xb5, 0xd1, 0xd0, 0xb0, 0xb0, 0xd4, 0xca, 0xcc, 0xb0, 0xb0, 0xd4, 0xb0, 0xb0, 0xb0, 0xb0, 0xd0, 0xd0, 0xd1, 0xb0, 0xd0, 0xb0, 0xb0, 0xd0, 0xb0, 0xb0, 0xd4, 0xa3, 0xb0, 0xb0, 0xb0, 0xb0, 0xd4, 0xca, 0xca, 0xb5, 0xb0, 0xd4, 0xd1, 0xb5, 0xd2, 0xb0, 0xd1, 0xb5, 0xba, 0xb5, 0xa0, 0x99, 0xa8, 0xb3, 0xb6, 0xb6, 0xb0, 0xb0, 0xb0, 0xb0, 0xba, 0xba, 0x33, 0x2b, 0x24, 0x1d, 0x14, 0x0f, 0x0b, 0x0b, 0x08, 0x08, 0x0b, 0x0f, 0x0f, 0x14, 0x1e, 0x9d, 0x9c, 0x9c, 0x9c, 0x9c, 0x9c, 0xa0, 0x9c, 0x9c, 0x9c, 0x99, 0x97, 0x9c, 0x97, 0x93, 0x93, 0x93, 0x93, 0x91, 0x90, 0x91, 0x93, 0x93, 0x93, 0x90, 0x8c, 0x89, 0x86, 0x89, 0x89, 0x8c, 0x90, 0x90, 0x90, 0x90, 0x91, 0x90, 0x90, 0x90, 0x90, 0x8c, 0x8c, 0x89, 0x89, 0x90, 0x89, 0x89, 0x90, 0x90, 0x90, 0x90, 0x90, 0x91, 0x97, 0x97, 0x99, 0x99, 0x99, 0x99, 0x99, 0x99, 0x99, 0xa0, 0x9c, 0x9c, 0x99, 0x9c, 0x9c, 0x9c, 0x9c, 0x9c, 0x9c, 0x99, 0x9c, 0x99, 0x97, 0x93, 0x91, 0x90, 0x93, 0x89, 0x90, 0x90, 0x89, 0x89, 0x89, 0x89, 0x89, 0x86, 0x86, 0x89, 0x8c, 0x89, 0x89, 0x83, 0x83, 0x84, 0x8c, 0x90, 0x93, 0x99, 0x93, 0x89, 0x83, 0x81, 0x81, 0x7e, 0x7e, 0x83, 0x83, 0x7e, 0x81, 0x7e, 0x83, 0x89, 0x89, 
  0xa3, 0xa3, 0xa0, 0xa0, 0xa3, 0xa0, 0xa3, 0xa3, 0xa3, 0xa0, 0xa3, 0xa0, 0xa3, 0xa3, 0xa3, 0xa3, 0xa3, 0xa3, 0xa0, 0xa3, 0xa3, 0xa3, 0xa0, 0xa3, 0xa3, 0xa3, 0xa5, 0xa3, 0xa3, 0xa3, 0xa3, 0xa3, 0xa3, 0xa3, 0xa5, 0xa5, 0xa3, 0xa3, 0xa3, 0xa3, 0xa3, 0xa0, 0xa0, 0xa3, 0xa3, 0xa3, 0xa3, 0xa3, 0xa3, 0xa0, 0xa3, 0xa5, 0xa5, 0xa3, 0xa3, 0xa0, 0xa3, 0xa3, 0xa3, 0xa5, 0xa3, 0xa3, 0xa3, 0xa3, 0xa3, 0xa5, 0xa5, 0xa5, 0xa5, 0xa5, 0xa5, 0xa5, 0xa5, 0xa5, 0xa5, 0xa5, 0xa5, 0xa5, 0xa5, 0xa5, 0xa5, 0xa8, 0xa8, 0xa8, 0xa8, 0xa8, 0xa8, 0xa8, 0xa5, 0xa5, 0xa5, 0xa5, 0xa8, 0xa8, 0xa8, 0xa8, 0xa8, 0xa8, 0xa8, 0xa2, 0x1c, 0x0d, 0x78, 0x73, 0x6c, 0x6c, 0x66, 0x66, 0x63, 0x61, 0x5e, 0x5e, 0x63, 0x5e, 0x63, 0x63, 0x63, 0x68, 0x68, 0x6c, 0x73, 0x73, 0x71, 0x08, 0x80, 0x11, 0x14, 0x1a, 0x21, 0x2f, 0x41, 0xbc, 0xbb, 0xbc, 0xc0, 0xc0, 0xbc, 0xba, 0xbe, 0xc1, 0xc1, 0xc1, 0xc1, 0xc1, 0xc1, 0xc1, 0xbe, 0xba, 0xbc, 0xbc, 0xbc, 0xba, 0xd2, 0xb7, 0xb0, 0xcb, 0xcb, 0xd3, 0xa8, 0xa4, 0x2f, 0x3e, 0x2f, 0x33, 0x3b, 0x35, 0xd4, 0xd0, 0xb5, 0xb3, 0xce, 0xcc, 0xca, 0xcd, 0xcb, 0xc8, 0xcb, 0xd4, 0xd4, 0xd3, 0xd3, 0xcb, 0xcb, 0xb5, 0xb0, 0xd0, 0xd0, 0xb0, 0xd4, 0xcb, 0xd3, 0xd3, 0xd4, 0xb0, 0xb0, 0xb0, 0xb0, 0xb0, 0xd4, 0xb0, 0xb0, 0xb0, 0xb5, 0xd0, 0xd3, 0xd4, 0xb0, 0xac, 0xcb, 0xd1, 0xb0, 0xb0, 0xb0, 0xb0, 0xac, 0xcd, 0xd4, 0xb5, 0xb5, 0xb5, 0xb5, 0xd1, 0xd1, 0xb5, 0xb7, 0xb8, 0xa4, 0x90, 0xa0, 0xb0, 0xb6, 0xb7, 0xb5, 0xb0, 0xb0, 0xb0, 0xaf, 0xb3, 0xbc, 0x43, 0x2f, 0x2b, 0x20, 0x1a, 0x0f, 0x0b, 0x04, 0x71, 0x71, 0x06, 0x08, 0x0b, 0x0f, 0x19, 0x1e, 0x9d, 0x9c, 0x9c, 0x9c, 0x9c, 0xa0, 0x9c, 0x9c, 0x9c, 0x99, 0x99, 0x9c, 0x99, 0x97, 0x91, 0x91, 0x90, 0x90, 0x8c, 0x90, 0x90, 0x91, 0x90, 0x90, 0x89, 0x89, 0x89, 0x89, 0x89, 0x89, 0x89, 0x90, 0x90, 0x8c, 0x90, 0x90, 0x90, 0x90, 0x8c, 0x89, 0x89, 0x89, 0x90, 0x89, 0x90, 0x90, 0x90, 0x90, 0x90, 0x90, 0x90, 0x93, 0x97, 0x99, 0x9c, 0x99, 0x9c, 0x9c, 0x9c, 0x99, 0x9c, 0xa0, 0x9c, 0xa0, 0x9c, 0xa0, 0x9c, 0x9c, 0x9c, 0x9c, 0x9c, 0x9c, 0x99, 0x97, 0x93, 0x93, 0x91, 0x90, 0x90, 0x89, 0x8c, 0x8b, 0x89, 0x89, 0x89, 0x86, 0x89, 0x89, 0x89, 0x89, 0x86, 0x83, 0x89, 0x86, 0x83, 0x8c, 0x90, 0x90, 0x93, 0x99, 0x99, 0x90, 0x89, 0x83, 0x83, 0x81, 0x86, 0x86, 0x83, 0x83, 0x89, 0x89, 0x86, 0x89, 0x86, 
  0xa3, 0xa3, 0xa0, 0xa0, 0xa0, 0xa3, 0xa3, 0xa3, 0xa3, 0xa3, 0xa3, 0xa3, 0xa3, 0xa3, 0xa3, 0xa3, 0xa3, 0xa3, 0xa3, 0xa0, 0xa0, 0xa3, 0xa3, 0xa3, 0xa3, 0xa5, 0xa3, 0xa0, 0xa3, 0xa0, 0xa3, 0xa3, 0xa3, 0xa3, 0xa5, 0xa5, 0xa0, 0xa3, 0xa3, 0xa3, 0xa3, 0xa0, 0xa0, 0xa3, 0xa0, 0xa0, 0xa0, 0xa3, 0xa3, 0xa3, 0xa3, 0xa5, 0xa3, 0xa3, 0xa3, 0xa3, 0xa3, 0xa3, 0xa5, 0xa5, 0xa5, 0xa3, 0xa3, 0xa5, 0xa3, 0xa5, 0xa5, 0xa5, 0xa5, 0xa8, 0xa5, 0xa5, 0xa5, 0xa5, 0xa5, 0xa5, 0xa5, 0xa8, 0xa5, 0xa5, 0xa5, 0xa5, 0xa8, 0xa8, 0xa8, 0xa8, 0xa8, 0xa5, 0xa8, 0xa5, 0xa5, 0xa8, 0xa8, 0xa8, 0xa8, 0xa8, 0xa8, 0xa8, 0xa8, 0xa3, 0x15, 0x09, 0x02, 0x71, 0x6c, 0x6c, 0x00, 0x00, 0x63, 0x5e, 0x5e, 0x5e, 0x63, 0x5e, 0x61, 0x61, 0x63, 0x63, 0x66, 0x6c, 0x71, 0x71, 0x04, 0x08, 0x0c, 0x11, 0x14, 0x1a, 0x21, 0x33, 0x46, 0xbc, 0xba, 0xba, 0xbe, 0xc0, 0xbe, 0xc0, 0xc1, 0xc1, 0xc0, 0xc0, 0xc1, 0xc1, 0xc1, 0xc0, 0xbc, 0xba, 0xbb, 0xbc, 0xbc, 0xbc, 0xbb, 0xb8, 0xba, 0xd1, 0xcb, 0xcd, 0xa7, 0xa6, 0xae, 0x3e, 0x37, 0x2c, 0xae, 0x33, 0xac, 0xd4, 0xb3, 0xb5, 0xb0, 0xaf, 0xd3, 0xcb, 0xcd, 0xcd, 0xc9, 0x98, 0xd0, 0xd0, 0xd4, 0xd4, 0xd3, 0xd3, 0xd4, 0xd4, 0xb0, 0xb0, 0xd4, 0xd3, 0xca, 0xcb, 0xb0, 0xb0, 0xb0, 0xb0, 0xb0, 0xb0, 0xb0, 0xd0, 0xb0, 0xb0, 0xb0, 0xb0, 0xd0, 0xd4, 0xb0, 0xaf, 0xd3, 0xb0, 0xb0, 0xd1, 0xd1, 0xb0, 0xb0, 0xd3, 0xcc, 0xb0, 0xb5, 0xb0, 0xb0, 0xb5, 0xb0, 0xb5, 0xba, 0xaf, 0x9c, 0x97, 0xac, 0xb6, 0xb7, 0xb7, 0xb0, 0xd3, 0xd4, 0xb2, 0x3b, 0xb2, 0xb3, 0xba, 0x43, 0x31, 0x24, 0x1a, 0x0f, 0x06, 0x04, 0x71, 0x71, 0x71, 0x04, 0x0b, 0x0f, 0x0f, 0x14, 0x9a, 0x9d, 0x9c, 0x9c, 0x9c, 0x9c, 0x9c, 0x9c, 0x99, 0x99, 0x9c, 0x99, 0x97, 0x93, 0x91, 0x91, 0x90, 0x8c, 0x90, 0x90, 0x90, 0x90, 0x90, 0x90, 0x8c, 0x89, 0x8c, 0x90, 0x8c, 0x89, 0x8c, 0x90, 0x8c, 0x8c, 0x8c, 0x90, 0x90, 0x91, 0x8c, 0x89, 0x89, 0x83, 0x89, 0x89, 0x84, 0x90, 0x90, 0x90, 0x90, 0x91, 0x93, 0x93, 0x99, 0x9c, 0x9c, 0x9c, 0x9c, 0xa0, 0xa0, 0x9c, 0x9c, 0xa0, 0x9c, 0x9c, 0x9c, 0x9c, 0x9c, 0x9c, 0x9c, 0x9c, 0x9c, 0x9c, 0x99, 0x93, 0x91, 0x91, 0x91, 0x93, 0x8c, 0x8c, 0x89, 0x89, 0x89, 0x86, 0x89, 0x89, 0x89, 0x83, 0x83, 0x89, 0x83, 0x83, 0x86, 0x89, 0x89, 0x89, 0x90, 0x89, 0x8c, 0x91, 0x93, 0x90, 0x84, 0x81, 0x83, 0x83, 0x84, 0x83, 0x83, 0x83, 0x89, 0x89, 0x86, 0x83, 0x83, 
  0xa0, 0xa0, 0xa0, 0xa3, 0xa3, 0xa3, 0xa3, 0xa3, 0xa3, 0xa3, 0xa0, 0xa3, 0xa3, 0xa3, 0xa3, 0xa3, 0xa3, 0xa3, 0xa0, 0xa0, 0xa3, 0xa3, 0xa3, 0xa3, 0xa3, 0xa3, 0xa3, 0xa3, 0xa3, 0xa3, 0xa3, 0xa3, 0xa3, 0xa5, 0xa5, 0xa3, 0xa3, 0xa3, 0xa3, 0xa3, 0xa3, 0xa3, 0xa3, 0xa3, 0xa0, 0xa0, 0xa0, 0xa3, 0xa3, 0xa3, 0xa3, 0xa3, 0xa3, 0xa3, 0xa5, 0xa5, 0xa3, 0xa3, 0xa5, 0xa5, 0xa3, 0xa3, 0xa3, 0xa3, 0xa3, 0xa3, 0xa3, 0xa5, 0xa5, 0xa5, 0xa3, 0xa5, 0xa5, 0xa5, 0xa5, 0xa5, 0xa5, 0xa5, 0xa5, 0xa5, 0xa5, 0xa5, 0xa5, 0xa8, 0xa8, 0xa5, 0xa5, 0xa5, 0xa5, 0xa5, 0xa5, 0xa8, 0xa8, 0xa8, 0xa8, 0xa8, 0xa8, 0xa8, 0xa3, 0x96, 0x82, 0x05, 0x73, 0x71, 0x6c, 0x6c, 0x6c, 0x66, 0x00, 0x61, 0x61, 0x5e, 0x5c, 0x5e, 0x5e, 0x63, 0x63, 0x63, 0x63, 0x68, 0x6c, 0x03, 0x04, 0x08, 0x0c, 0x11, 0x14, 0x1a, 0x24, 0x35, 0x4a, 0xbc, 0xba, 0xba, 0xbc, 0xbf, 0xc1, 0xc1, 0xc1, 0xc1, 0xc0, 0xbe, 0xc0, 0xc1, 0xc1, 0xc1, 0xbf, 0xb7, 0xba, 0xba, 0xba, 0xbb, 0xbc, 0xba, 0xba, 0xb7, 0xd3, 0xcb, 0xd3, 0x33, 0xa7, 0x33, 0x41, 0xa9, 0x3e, 0x3b, 0x35, 0xd4, 0xb0, 0xb0, 0xd0, 0xd4, 0xb0, 0xb0, 0xd4, 0xd3, 0xd4, 0xcb, 0xcd, 0xd1, 0xb0, 0xd4, 0xd4, 0xd4, 0xcd, 0xcd, 0xd0, 0xb0, 0xb0, 0xd4, 0xcb, 0x98, 0xd4, 0xd0, 0xd0, 0xd0, 0xb0, 0xb0, 0xb0, 0xd4, 0xb0, 0xb0, 0xb0, 0xb0, 0xb5, 0xcf, 0xd0, 0xb0, 0xd3, 0xd3, 0xb0, 0xb0, 0xb0, 0xb5, 0xd1, 0xd4, 0xc9, 0x98, 0xd4, 0xb5, 0xb5, 0xb5, 0xb0, 0xba, 0xb7, 0xa3, 0x96, 0xa3, 0xb0, 0xb7, 0xb7, 0xb5, 0xce, 0xcd, 0xd3, 0xaf, 0xb2, 0x41, 0xb2, 0xb6, 0xba, 0x39, 0x29, 0x1f, 0x16, 0x0b, 0x06, 0x06, 0x04, 0x6b, 0x71, 0x08, 0x0f, 0x0f, 0x0f, 0x1d, 0x9d, 0x9c, 0x9c, 0x9c, 0x9c, 0x9c, 0x9c, 0x99, 0x99, 0x99, 0x97, 0x93, 0x90, 0x91, 0x91, 0x8c, 0x90, 0x90, 0x8c, 0x89, 0x8c, 0x90, 0x91, 0x90, 0x8c, 0x8c, 0x90, 0x8c, 0x8c, 0x8c, 0x8c, 0x8c, 0x8c, 0x8c, 0x89, 0x8c, 0x90, 0x89, 0x86, 0x86, 0x83, 0x83, 0x89, 0x89, 0x89, 0x90, 0x90, 0x91, 0x93, 0x93, 0x97, 0x99, 0x9c, 0x9c, 0x9c, 0x9c, 0x9c, 0x99, 0x99, 0x97, 0x99, 0x99, 0x9c, 0x9c, 0x9c, 0x9c, 0x9c, 0x9c, 0x9c, 0x9c, 0x99, 0x99, 0x93, 0x90, 0x90, 0x91, 0x90, 0x90, 0x8c, 0x89, 0x89, 0x89, 0x89, 0x89, 0x89, 0x89, 0x89, 0x83, 0x89, 0x83, 0x83, 0x83, 0x89, 0x86, 0x89, 0x8c, 0x89, 0x89, 0x89, 0x90, 0x90, 0x89, 0x83, 0x83, 0x81, 0x81, 0x83, 0x89, 0x83, 0x83, 0x83, 0x86, 0x83, 0x83, 
  0xa3, 0xa3, 0xa0, 0xa0, 0xa0, 0xa3, 0xa3, 0xa3, 0xa3, 0xa3, 0xa3, 0xa3, 0xa5, 0xa3, 0xa3, 0xa3, 0xa3, 0xa0, 0xa3, 0xa0, 0xa3, 0xa3, 0xa3, 0xa3, 0xa3, 0xa3, 0xa3, 0xa3, 0xa3, 0xa3, 0xa3, 0xa3, 0xa3, 0xa3, 0xa3, 0xa3, 0xa3, 0xa5, 0xa3, 0xa3, 0xa3, 0xa3, 0xa3, 0xa3, 0xa3, 0xa3, 0xa3, 0xa3, 0xa3, 0xa3, 0xa3, 0xa3, 0xa3, 0xa3, 0xa5, 0xa3, 0xa5, 0xa3, 0xa3, 0xa5, 0xa3, 0xa3, 0xa3, 0xa3, 0xa3, 0xa3, 0xa3, 0xa3, 0xa3, 0xa5, 0xa5, 0xa5, 0xa5, 0xa5, 0xa5, 0xa5, 0xa5, 0xa5, 0xa5, 0xa5, 0xa5, 0xa5, 0xa5, 0xa5, 0xa5, 0xa5, 0xa8, 0xa8, 0xa5, 0xa5, 0xa5, 0xa8, 0xa8, 0xa8, 0xa8, 0xa8, 0xa8, 0xa5, 0xa3, 0x92, 0x09, 0x04, 0x03, 0x73, 0x6c, 0x6c, 0x66, 0x00, 0x63, 0x63, 0x5e, 0x5c, 0x5c, 0x5e, 0x5e, 0x61, 0x61, 0x63, 0x63, 0x66, 0x6c, 0x73, 0x04, 0x08, 0x0c, 0x11, 0x14, 0x1a, 0x24, 0x3b, 0xbe, 0xbe, 0xba, 0xba, 0xba, 0xbe, 0xc1, 0xc1, 0xc1, 0xc0, 0xc0, 0xbf, 0xc0, 0xc1, 0xc1, 0xc1, 0xc0, 0xbc, 0xb5, 0xd1, 0xb5, 0xb7, 0xba, 0xba, 0xb7, 0xb5, 0xd3, 0xcb, 0xcc, 0xa9, 0x33, 0x3a, 0x33, 0x30, 0x2f, 0x3b, 0x3b, 0xae, 0xd4, 0xb0, 0xb5, 0xb5, 0xb5, 0xd0, 0xb0, 0xd4, 0xd3, 0xcb, 0xcc, 0xc9, 0xb0, 0xd1, 0xd0, 0xd0, 0xce, 0xcb, 0xd3, 0xb0, 0xd4, 0xd4, 0xd3, 0xcb, 0x9e, 0xd4, 0xb0, 0xb0, 0xb5, 0xb0, 0xb0, 0xd3, 0xd4, 0xb0, 0xb0, 0xb0, 0xb5, 0xd0, 0xd4, 0xd4, 0xcb, 0xcc, 0xb5, 0xb0, 0xb0, 0xb0, 0xb5, 0xb0, 0xd3, 0xc9, 0xcd, 0xd1, 0xb5, 0xb5, 0xb7, 0xba, 0xd4, 0x99, 0x9c, 0xa8, 0xb5, 0xb7, 0xb7, 0xd3, 0xcb, 0xcd, 0xd3, 0xd4, 0xb2, 0x3e, 0x3e, 0x3b, 0xb7, 0x46, 0x2c, 0x20, 0x1a, 0x0b, 0x08, 0x08, 0x04, 0x04, 0x04, 0x0b, 0x0b, 0x0b, 0x0c, 0x16, 0x25, 0xa0, 0x9c, 0x9c, 0x9c, 0x9c, 0x99, 0x99, 0x9c, 0x99, 0x93, 0x93, 0x91, 0x91, 0x90, 0x90, 0x90, 0x89, 0x91, 0x90, 0x8c, 0x90, 0x90, 0x8b, 0x86, 0x89, 0x89, 0x89, 0x89, 0x89, 0x89, 0x8c, 0x8c, 0x8c, 0x8c, 0x8c, 0x89, 0x89, 0x83, 0x86, 0x89, 0x86, 0x89, 0x89, 0x89, 0x8c, 0x90, 0x93, 0x97, 0x99, 0x97, 0x97, 0x99, 0x9c, 0x99, 0x99, 0x97, 0x93, 0x99, 0x97, 0x97, 0x99, 0x99, 0x97, 0x99, 0x9c, 0xa0, 0xa0, 0x9c, 0x9c, 0x99, 0x93, 0x93, 0x93, 0x90, 0x90, 0x8c, 0x90, 0x89, 0x90, 0x8c, 0x89, 0x89, 0x89, 0x89, 0x8c, 0x89, 0x86, 0x83, 0x86, 0x83, 0x83, 0x83, 0x83, 0x86, 0x83, 0x86, 0x86, 0x89, 0x8c, 0x90, 0x8c, 0x86, 0x83, 0x83, 0x7e, 0x83, 0x89, 0x83, 0x83, 0x89, 0x86, 0x83, 0x86, 
  0xa0, 0xa0, 0xa0, 0xa0, 0xa0, 0xa3, 0xa3, 0xa5, 0xa3, 0xa5, 0xa3, 0xa0, 0xa3, 0xa3, 0xa3, 0xa3, 0xa0, 0xa0, 0xa0, 0xa3, 0xa3, 0xa3, 0xa3, 0xa5, 0xa3, 0xa3, 0xa3, 0xa5, 0xa3, 0xa5, 0xa5, 0xa3, 0xa3, 0xa3, 0xa3, 0xa3, 0xa3, 0xa3, 0xa3, 0xa3, 0xa3, 0xa3, 0xa3, 0xa5, 0xa3, 0xa3, 0xa3, 0xa3, 0xa3, 0xa3, 0xa5, 0xa5, 0xa3, 0xa5, 0xa3, 0xa5, 0xa5, 0xa3, 0xa3, 0xa3, 0xa3, 0xa3, 0xa3, 0xa5, 0xa5, 0xa3, 0xa3, 0xa0, 0xa3, 0xa8, 0xa5, 0xa3, 0xa5, 0xa5, 0xa5, 0xa5, 0xa5, 0xa5, 0xa5, 0xa5, 0xa5, 0xa5, 0xa5, 0xa8, 0xa5, 0xa8, 0xa5, 0xa8, 0xa8, 0xa5, 0xa8, 0xa8, 0xa8, 0xa8, 0xa8, 0xa8, 0xa8, 0xa8, 0xa2, 0x8a, 0x78, 0x73, 0x71, 0x6c, 0x66, 0x00, 0x63, 0x61, 0x61, 0x5e, 0x5e, 0x5e, 0x5e, 0x5c, 0x5e, 0x5e, 0x61, 0x63, 0x63, 0x66, 0x6c, 0x04, 0x08, 0x08, 0x0c, 0x11, 0x14, 0x1a, 0x25, 0x3e, 0xc0, 0xbf, 0xba, 0xba, 0xba, 0xba, 0xbf, 0xc1, 0xc0, 0xc0, 0xc0, 0xc0, 0xbf, 0xc1, 0xc1, 0xbc, 0xbe, 0xc0, 0xbc, 0xbc, 0xbc, 0xd2, 0xb7, 0xba, 0xb7, 0xb5, 0xb0, 0xcd, 0xcb, 0xcd, 0xa6, 0x35, 0x3b, 0x3c, 0x39, 0xa9, 0xa6, 0xab, 0xd4, 0xd4, 0xb0, 0xb5, 0xb5, 0xcf, 0xd4, 0xb0, 0xd4, 0xd3, 0xa3, 0xca, 0xcd, 0xd2, 0xb3, 0xb0, 0xd4, 0xca, 0xc8, 0xcd, 0xd4, 0xb0, 0xd4, 0xd3, 0xcb, 0xcd, 0xd4, 0xd4, 0xd0, 0xb0, 0xb0, 0xd4, 0xd3, 0xd4, 0xb0, 0xb0, 0xb5, 0xb0, 0xd3, 0xaf, 0xd3, 0xd3, 0xb0, 0xd1, 0xb3, 0xb0, 0xb0, 0xb0, 0xb0, 0xa8, 0xa3, 0xaf, 0xb5, 0xb5, 0xba, 0xb6, 0xa0, 0x91, 0xa3, 0xb0, 0xb5, 0xb7, 0xb5, 0xcb, 0xc9, 0xcb, 0xcd, 0xd3, 0xb0, 0x3e, 0x3e, 0x41, 0xb3, 0xb8, 0x3e, 0x26, 0x1d, 0x14, 0x08, 0x04, 0x04, 0x06, 0x0b, 0x0b, 0x0b, 0x06, 0x0b, 0x14, 0x21, 0xa3, 0xa3, 0xa3, 0xa3, 0xa0, 0xa0, 0x9c, 0x99, 0x99, 0x97, 0x93, 0x93, 0x90, 0x89, 0x8c, 0x90, 0x89, 0x90, 0x8c, 0x90, 0x90, 0x90, 0x8c, 0x86, 0x89, 0x86, 0x90, 0x90, 0x8c, 0x91, 0x90, 0x90, 0x8c, 0x89, 0x8c, 0x89, 0x86, 0x83, 0x83, 0x83, 0x86, 0x84, 0x89, 0x89, 0x91, 0x93, 0x99, 0x9c, 0x9c, 0x97, 0x97, 0x97, 0x9c, 0x9c, 0x97, 0x97, 0x93, 0x93, 0x91, 0x97, 0x93, 0x99, 0x93, 0x99, 0x99, 0x9c, 0x9c, 0x9c, 0x99, 0x93, 0x90, 0x90, 0x91, 0x91, 0x8b, 0x89, 0x90, 0x8c, 0x89, 0x86, 0x86, 0x89, 0x89, 0x89, 0x89, 0x89, 0x86, 0x84, 0x86, 0x89, 0x89, 0x83, 0x86, 0x84, 0x7e, 0x83, 0x83, 0x86, 0x89, 0x8c, 0x90, 0x8b, 0x89, 0x86, 0x81, 0x86, 0x86, 0x83, 0x86, 0x83, 0x86, 0x84, 0x89, 
  0xa3, 0xa3, 0xa0, 0xa0, 0xa0, 0xa3, 0xa3, 0xa5, 0xa3, 0xa3, 0xa3, 0xa0, 0xa0, 0xa3, 0xa3, 0xa3, 0xa3, 0xa3, 0xa3, 0xa3, 0xa3, 0xa3, 0xa3, 0xa5, 0xa3, 0xa3, 0xa5, 0xa5, 0xa5, 0xa5, 0xa5, 0xa3, 0xa3, 0xa3, 0xa3, 0xa5, 0xa5, 0xa3, 0xa3, 0xa3, 0xa3, 0xa5, 0xa3, 0xa3, 0xa3, 0xa3, 0xa3, 0xa3, 0xa3, 0xa5, 0xa5, 0xa5, 0xa5, 0xa3, 0xa5, 0xa5, 0xa5, 0xa5, 0xa5, 0xa5, 0xa5, 0xa3, 0xa5, 0xa5, 0xa5, 0xa3, 0xa3, 0xa3, 0xa5, 0xa8, 0xa5, 0xa5, 0xa5, 0xa5, 0xa5, 0xa5, 0xa3, 0xa3, 0xa5, 0xa5, 0xa5, 0xa5, 0xa5, 0xa8, 0xa5, 0xa5, 0xa8, 0xa5, 0xa8, 0xa8, 0xa8, 0xa8, 0xa8, 0xa8, 0xa8, 0xa8, 0xa8, 0xa5, 0x9b, 0x7f, 0x73, 0x6f, 0x6c, 0x6c, 0x61, 0x61, 0x61, 0x5e, 0x5e, 0x5c, 0x59, 0x5e, 0x5c, 0x5c, 0x5e, 0x59, 0x5e, 0x63, 0x66, 0x66, 0x71, 0x03, 0x08, 0x0c, 0x80, 0x11, 0x1a, 0x1e, 0x28, 0x43, 0xc0, 0xc1, 0xbe, 0xba, 0xba, 0xba, 0xbe, 0xbe, 0xbd, 0xbe, 0xbe, 0xbe, 0xbf, 0xbd, 0xbd, 0xd4, 0xbe, 0xc0, 0xc0, 0xc0, 0xc0, 0xbe, 0xbe, 0xbe, 0xba, 0xb7, 0xb7, 0xd2, 0xd3, 0xcb, 0xa8, 0x2a, 0x2c, 0x33, 0x3a, 0xae, 0xce, 0xd4, 0xd4, 0xd4, 0xb0, 0xb5, 0xb5, 0xd4, 0xd3, 0xcb, 0xcb, 0xcd, 0xac, 0xc8, 0xa5, 0xb0, 0xb3, 0xb0, 0xd4, 0xd3, 0xc8, 0x98, 0xb0, 0xb0, 0xaf, 0xd3, 0xd3, 0xcc, 0xcd, 0xd4, 0xd0, 0xd0, 0xd0, 0xd4, 0xd3, 0xd4, 0xb0, 0xb0, 0xb0, 0xb0, 0xd4, 0xb0, 0xd4, 0xd4, 0xd4, 0xb0, 0xb5, 0xb0, 0xd1, 0xd1, 0xb0, 0xd0, 0xd3, 0xd3, 0xd1, 0xb7, 0xba, 0xa8, 0x90, 0x97, 0xaa, 0xb5, 0xb7, 0xb7, 0xb5, 0xce, 0xca, 0xca, 0xcd, 0xd3, 0xd4, 0x3b, 0x41, 0x3e, 0x3e, 0xb5, 0xb8, 0xa9, 0x1d, 0x16, 0x0b, 0x06, 0x04, 0x06, 0x06, 0x06, 0x06, 0x0b, 0x0b, 0x14, 0x9a, 0xa3, 0xa3, 0xa3, 0xa3, 0xa3, 0xa3, 0xa0, 0xa0, 0x9c, 0x99, 0x97, 0x97, 0x90, 0x90, 0x90, 0x8c, 0x89, 0x8c, 0x89, 0x8c, 0x90, 0x90, 0x90, 0x90, 0x93, 0x90, 0x89, 0x89, 0x89, 0x90, 0x90, 0x90, 0x8c, 0x89, 0x89, 0x86, 0x83, 0x83, 0x83, 0x83, 0x83, 0x83, 0x89, 0x90, 0x91, 0x97, 0x9c, 0x9c, 0x9c, 0x99, 0x97, 0x99, 0x9c, 0x99, 0x93, 0x90, 0x90, 0x91, 0x90, 0x91, 0x91, 0x93, 0x93, 0x97, 0x97, 0x99, 0x99, 0x99, 0x99, 0x91, 0x8c, 0x8c, 0x8b, 0x89, 0x90, 0x90, 0x90, 0x89, 0x89, 0x89, 0x83, 0x84, 0x86, 0x89, 0x89, 0x89, 0x86, 0x83, 0x83, 0x86, 0x89, 0x83, 0x81, 0x83, 0x7e, 0x81, 0x83, 0x89, 0x89, 0x89, 0x90, 0x90, 0x89, 0x83, 0x81, 0x89, 0x83, 0x83, 0x89, 0x89, 0x89, 0x89, 0x8c, 
  0xa0, 0xa3, 0xa0, 0xa3, 0xa3, 0xa3, 0xa3, 0xa5, 0xa5, 0xa3, 0xa3, 0xa3, 0xa3, 0xa3, 0xa0, 0xa3, 0xa3, 0xa3, 0xa3, 0xa3, 0xa3, 0xa3, 0xa3, 0xa3, 0xa3, 0xa5, 0xa5, 0xa3, 0xa0, 0xa3, 0xa5, 0xa3, 0xa3, 0xa3, 0xa3, 0xa3, 0xa3, 0xa3, 0xa3, 0xa3, 0xa3, 0xa5, 0xa3, 0xa3, 0xa0, 0xa3, 0xa3, 0xa3, 0xa3, 0xa3, 0xa3, 0xa3, 0xa3, 0xa3, 0xa3, 0xa5, 0xa5, 0xa5, 0xa3, 0xa5, 0xa5, 0xa5, 0xa5, 0xa3, 0xa5, 0xa3, 0xa3, 0xa3, 0xa3, 0xa8, 0xa5, 0xa5, 0xa5, 0xa5, 0xa5, 0xa5, 0xa5, 0xa5, 0xa5, 0xa5, 0xa3, 0xa5, 0xa5, 0xa5, 0xa8, 0xa5, 0xa8, 0xa8, 0xa8, 0xa8, 0xa8, 0xa8, 0xa8, 0xa8, 0xa8, 0xa5, 0xa5, 0xa2, 0x85, 0x78, 0x73, 0x6f, 0x00, 0x61, 0x5c, 0x5c, 0x5e, 0x5c, 0x59, 0x59, 0x59, 0x59, 0x59, 0x5e, 0x59, 0x5c, 0x5e, 0x63, 0x63, 0x6c, 0x6c, 0x03, 0x07, 0x0c, 0x0c, 0x11, 0x16, 0x1e, 0x28, 0xbb, 0xc1, 0xc1, 0xbf, 0xba, 0xb7, 0xb7, 0xba, 0xbb, 0xba, 0xbe, 0xbe, 0xbc, 0xbb, 0xd2, 0xba, 0xbe, 0xc1, 0xc0, 0xbf, 0xc1, 0xc1, 0xbf, 0xc0, 0xc1, 0xbc, 0xb7, 0xd2, 0xd2, 0xd4, 0xcb, 0xcd, 0xcd, 0xd3, 0xd3, 0xd4, 0xd4, 0xd4, 0xd3, 0xce, 0xd4, 0xd0, 0xd1, 0xd1, 0xb0, 0xd0, 0xd4, 0xc8, 0xca, 0xaf, 0xcd, 0xc9, 0xcb, 0x97, 0xd4, 0xd4, 0xd4, 0xd3, 0xc8, 0x9c, 0xd4, 0xb0, 0xd4, 0xd4, 0xd3, 0xca, 0xcd, 0xb0, 0xaf, 0xb0, 0xd4, 0xd3, 0xcd, 0xd4, 0xb0, 0xb5, 0xd0, 0xb0, 0xd3, 0xb0, 0xd4, 0xd0, 0xb0, 0xb0, 0xd1, 0xb0, 0xd1, 0xd0, 0xcd, 0xd3, 0xd4, 0xb0, 0xb7, 0xb5, 0xa0, 0x89, 0xa5, 0xaf, 0xb5, 0xb7, 0xb5, 0xb3, 0xb0, 0xa8, 0xca, 0xcb, 0xcd, 0xd3, 0xd4, 0xb2, 0xb3, 0xb3, 0xb3, 0xb5, 0x41, 0x28, 0x1a, 0x14, 0x0c, 0x06, 0x06, 0x06, 0x0b, 0x0b, 0x0f, 0x0f, 0x11, 0x9a, 0xa4, 0xa3, 0xa3, 0xa3, 0xa3, 0xa3, 0xa3, 0xa3, 0xa0, 0x99, 0x93, 0x91, 0x91, 0x90, 0x90, 0x89, 0x89, 0x8c, 0x8c, 0x89, 0x8c, 0x90, 0x90, 0x91, 0x93, 0x90, 0x89, 0x8c, 0x8c, 0x8c, 0x89, 0x89, 0x89, 0x86, 0x89, 0x83, 0x83, 0x86, 0x86, 0x83, 0x83, 0x89, 0x8c, 0x91, 0x93, 0x97, 0x9c, 0x9c, 0x9c, 0x99, 0x9c, 0x9c, 0x99, 0x93, 0x90, 0x8c, 0x89, 0x89, 0x8c, 0x89, 0x90, 0x93, 0x93, 0x97, 0x97, 0x93, 0x93, 0x93, 0x93, 0x90, 0x89, 0x89, 0x89, 0x86, 0x89, 0x91, 0x90, 0x89, 0x89, 0x86, 0x86, 0x86, 0x86, 0x89, 0x89, 0x86, 0x89, 0x83, 0x83, 0x86, 0x89, 0x86, 0x83, 0x81, 0x83, 0x83, 0x83, 0x86, 0x86, 0x89, 0x8c, 0x91, 0x90, 0x84, 0x83, 0x83, 0x83, 0x83, 0x89, 0x89, 0x89, 0x8c, 0x90, 
  0xa3, 0xa3, 0xa3, 0xa3, 0xa3, 0xa3, 0xa3, 0xa3, 0xa3, 0xa3, 0xa3, 0xa3, 0xa3, 0xa3, 0xa3, 0xa3, 0xa3, 0xa3, 0xa3, 0xa3, 0xa3, 0xa3, 0xa5, 0xa3, 0xa5, 0xa5, 0xa3, 0xa3, 0xa3, 0xa5, 0xa5, 0xa5, 0xa3, 0xa3, 0xa3, 0xa3, 0xa3, 0xa5, 0xa5, 0xa5, 0xa5, 0xa3, 0xa3, 0xa3, 0xa5, 0xa3, 0xa3, 0xa3, 0xa3, 0xa3, 0xa0, 0xa3, 0xa3, 0xa3, 0xa3, 0xa3, 0xa5, 0xa3, 0xa5, 0xa5, 0xa5, 0xa5, 0xa5, 0xa3, 0xa3, 0xa5, 0xa3, 0xa5, 0xa0, 0xa5, 0xa5, 0xa8, 0xa5, 0xa5, 0xa5, 0xa5, 0xa5, 0xa5, 0xa5, 0xa5, 0xa3, 0xa5, 0xa5, 0xa5, 0xa5, 0xa5, 0xa8, 0xa8, 0xa8, 0xa8, 0xa8, 0xa8, 0xa8, 0xa8, 0xa8, 0xa5, 0xa3, 0x95, 0x7f, 0x73, 0x6c, 0x00, 0x63, 0x5e, 0x59, 0x59, 0x59, 0x59, 0x59, 0x5c, 0x59, 0x59, 0x59, 0x59, 0x5c, 0x59, 0x5e, 0x63, 0x68, 0x6c, 0x6f, 0x03, 0x07, 0x0c, 0x80, 0x12, 0x18, 0x1e, 0x2c, 0x4a, 0xc1, 0xc1, 0xc1, 0xbe, 0xba, 0xb7, 0xb8, 0xbc, 0xbe, 0xbc, 0xbe, 0xba, 0xb7, 0xbe, 0xc1, 0xc1, 0xc1, 0xc1, 0xc1, 0xc1, 0xc1, 0xbf, 0xc0, 0xbf, 0xbc, 0xba, 0xba, 0xb7, 0xb7, 0xcd, 0xcb, 0xd3, 0xd3, 0xd3, 0xd3, 0xd4, 0xce, 0xce, 0xd4, 0xd4, 0xd4, 0xb0, 0xd1, 0xb5, 0xb5, 0xd1, 0xb0, 0xd4, 0xd4, 0xcd, 0xd3, 0x87, 0x76, 0xc8, 0xca, 0xcd, 0xd4, 0xd4, 0x90, 0xc8, 0xd3, 0xb0, 0xd4, 0xd3, 0xcb, 0xca, 0xd3, 0xb0, 0xb0, 0xd0, 0xd4, 0xcd, 0xd3, 0xb0, 0xb0, 0xb0, 0xb0, 0xcd, 0xb0, 0xb0, 0xd4, 0xd0, 0xd1, 0xd1, 0xb0, 0xb0, 0xd4, 0xc9, 0xcb, 0xcf, 0xb5, 0xb6, 0xa5, 0x91, 0x99, 0xd4, 0xb5, 0xb5, 0xb5, 0xb5, 0xb5, 0xb5, 0xb5, 0xcd, 0xca, 0xcb, 0xd3, 0xd3, 0xd4, 0xb0, 0xb0, 0xb0, 0xd0, 0xb5, 0x3b, 0x24, 0x1a, 0x11, 0x0f, 0x0b, 0x0b, 0x0f, 0x0f, 0x14, 0x14, 0x16, 0x22, 0xa2, 0xa3, 0xa3, 0xa0, 0xa0, 0xa0, 0xa0, 0xa0, 0xa0, 0x9c, 0x99, 0x90, 0x8c, 0x90, 0x89, 0x8c, 0x8c, 0x8c, 0x8c, 0x8c, 0x8c, 0x90, 0x90, 0x90, 0x90, 0x8c, 0x8c, 0x89, 0x89, 0x89, 0x89, 0x89, 0x89, 0x89, 0x86, 0x89, 0x89, 0x8b, 0x8c, 0x89, 0x8c, 0x93, 0x93, 0x97, 0x9c, 0x99, 0x99, 0x9c, 0x9c, 0x9c, 0x99, 0x97, 0x97, 0x91, 0x90, 0x89, 0x89, 0x90, 0x90, 0x89, 0x90, 0x93, 0x90, 0x91, 0x93, 0x90, 0x90, 0x8c, 0x90, 0x8c, 0x83, 0x86, 0x86, 0x89, 0x89, 0x89, 0x90, 0x89, 0x83, 0x84, 0x89, 0x83, 0x86, 0x83, 0x89, 0x86, 0x83, 0x83, 0x83, 0x84, 0x86, 0x89, 0x83, 0x83, 0x83, 0x83, 0x83, 0x84, 0x86, 0x89, 0x89, 0x90, 0x91, 0x8c, 0x83, 0x83, 0x83, 0x83, 0x89, 0x86, 0x86, 0x89, 0x89, 
  0xa3, 0xa3, 0xa3, 0xa3, 0xa3, 0xa3, 0xa3, 0xa3, 0xa3, 0xa3, 0xa3, 0xa3, 0xa3, 0xa3, 0xa3, 0xa3, 0xa3, 0xa3, 0xa3, 0xa3, 0xa3, 0xa3, 0xa5, 0xa5, 0xa5, 0xa5, 0xa5, 0xa3, 0xa5, 0xa5, 0xa5, 0xa3, 0xa3, 0xa3, 0xa3, 0xa3, 0xa3, 0xa5, 0xa3, 0xa5, 0xa3, 0xa3, 0xa3, 0xa3, 0xa3, 0xa3, 0xa3, 0xa3, 0xa3, 0xa3, 0xa3, 0xa3, 0xa3, 0xa3, 0xa5, 0xa5, 0xa3, 0xa3, 0xa5, 0xa5, 0xa5, 0xa5, 0xa5, 0xa5, 0xa3, 0xa3, 0xa5, 0xa5, 0xa3, 0xa5, 0xa5, 0xa5, 0xa3, 0xa5, 0xa5, 0xa5, 0xa5, 0xa5, 0xa5, 0xa5, 0xa5, 0xa5, 0xa5, 0xa5, 0xa5, 0xa5, 0xa5, 0xa5, 0xa8, 0xa8, 0xa8, 0xa8, 0xa8, 0xa5, 0xa5, 0xa5, 0x9d, 0x0e, 0x09, 0x71, 0x6c, 0x00, 0x61, 0x5c, 0x59, 0x59, 0x59, 0x59, 0x57, 0x57, 0x59, 0x59, 0x57, 0x57, 0x59, 0x59, 0x59, 0x63, 0x68, 0x66, 0x6c, 0x02, 0x07, 0x80, 0x12, 0x12, 0x18, 0x1e, 0x33, 0xbe, 0xc1, 0xc1, 0xc1, 0xc0, 0xbc, 0xb7, 0xb7, 0xbc, 0xbc, 0xbc, 0xbd, 0xbf, 0xc1, 0xc1, 0xc1, 0xc1, 0xc1, 0xc1, 0xc1, 0xc1, 0xc1, 0xc1, 0xc0, 0xbe, 0xbc, 0xba, 0xba, 0xb5, 0xb5, 0xd0, 0xcc, 0xcb, 0xd3, 0xd3, 0xd3, 0xd3, 0xd3, 0xd4, 0xd4, 0xd3, 0xd4, 0xd0, 0xb0, 0xb5, 0xb7, 0xd2, 0xb5, 0xd1, 0xb0, 0xcc, 0x9e, 0xd4, 0xc8, 0x8e, 0x8e, 0xc9, 0xd3, 0xd4, 0xce, 0x8e, 0x98, 0xd4, 0xb0, 0xd4, 0xd3, 0xca, 0x9e, 0xd4, 0xb0, 0xd0, 0xd4, 0xd4, 0xd3, 0xd4, 0xd0, 0xb0, 0xb0, 0xac, 0xd4, 0xb0, 0xd4, 0xb0, 0xb0, 0xb0, 0xb0, 0xb0, 0xb0, 0xd1, 0xd1, 0xb5, 0xb7, 0xaf, 0x99, 0x90, 0xa3, 0xb0, 0xb5, 0xb6, 0xb5, 0xb5, 0xd1, 0xb5, 0xb5, 0xac, 0xa3, 0xca, 0xcc, 0xcd, 0xcd, 0xd4, 0xb5, 0xb0, 0xd4, 0xb0, 0xb6, 0x35, 0x24, 0x1d, 0x1a, 0x16, 0x14, 0x14, 0x19, 0x1d, 0x1a, 0x1e, 0x27, 0xa0, 0xa0, 0xa3, 0xa0, 0xa0, 0xa0, 0xa0, 0xa0, 0xa0, 0xa0, 0x9c, 0x93, 0x90, 0x89, 0x89, 0x89, 0x89, 0x91, 0x91, 0x89, 0x8c, 0x8c, 0x90, 0x90, 0x89, 0x8c, 0x8c, 0x89, 0x86, 0x89, 0x89, 0x89, 0x89, 0x89, 0x86, 0x84, 0x89, 0x8c, 0x90, 0x90, 0x90, 0x93, 0x99, 0x99, 0x9c, 0x99, 0x99, 0x9c, 0x99, 0x99, 0x97, 0x93, 0x91, 0x90, 0x90, 0x90, 0x90, 0x8c, 0x89, 0x8c, 0x89, 0x90, 0x90, 0x90, 0x91, 0x90, 0x8c, 0x89, 0x89, 0x86, 0x83, 0x86, 0x89, 0x86, 0x86, 0x89, 0x89, 0x89, 0x83, 0x83, 0x89, 0x89, 0x86, 0x83, 0x83, 0x83, 0x83, 0x83, 0x83, 0x83, 0x83, 0x83, 0x83, 0x83, 0x86, 0x86, 0x89, 0x89, 0x89, 0x89, 0x89, 0x90, 0x90, 0x90, 0x86, 0x83, 0x81, 0x83, 0x86, 0x81, 0x84, 0x83, 0x83, 
  0xa3, 0xa3, 0xa0, 0xa3, 0xa3, 0xa3, 0xa3, 0xa3, 0xa3, 0xa3, 0xa3, 0xa3, 0xa5, 0xa5, 0xa3, 0xa3, 0xa3, 0xa3, 0xa3, 0xa3, 0xa3, 0xa3, 0xa5, 0xa5, 0xa5, 0xa5, 0xa5, 0xa5, 0xa5, 0xa5, 0xa3, 0xa3, 0xa3, 0xa3, 0xa5, 0xa3, 0xa3, 0xa3, 0xa3, 0xa5, 0xa3, 0xa3, 0xa3, 0xa3, 0xa3, 0xa3, 0xa3, 0xa0, 0xa3, 0xa3, 0xa0, 0xa0, 0xa0, 0xa3, 0xa3, 0xa3, 0xa3, 0xa5, 0xa5, 0xa5, 0xa5, 0xa3, 0xa3, 0xa3, 0xa3, 0xa3, 0xa3, 0xa3, 0xa3, 0xa5, 0xa5, 0xa5, 0xa5, 0xa5, 0xa5, 0xa5, 0xa5, 0xa5, 0xa8, 0xa5, 0xa5, 0xa8, 0xa5, 0xa5, 0xa5, 0xa5, 0xa5, 0xa5, 0xa8, 0xa8, 0xa8, 0xa8, 0xa8, 0xa5, 0xcd, 0xa2, 0x15, 0x78, 0x73, 0x6c, 0x00, 0x61, 0x5e, 0x59, 0x59, 0x59, 0x57, 0x57, 0x57, 0x57, 0x57, 0x57, 0x57, 0x57, 0x57, 0x59, 0x59, 0x61, 0x00, 0x68, 0x6c, 0x73, 0x09, 0x82, 0x12, 0x13, 0x18, 0x9a, 0x41, 0xbf, 0xc1, 0xc1, 0xc1, 0xc0, 0xbe, 0xba, 0xb8, 0xba, 0xbc, 0xbf, 0xc1, 0xc1, 0xc1, 0xc1, 0xc1, 0xc1, 0xc1, 0xc1, 0xc1, 0xc1, 0xc1, 0xc1, 0xc1, 0xbe, 0xba, 0xbc, 0xba, 0xba, 0xb7, 0xb7, 0xd3, 0xca, 0xd3, 0xce, 0xce, 0xd3, 0xce, 0xd3, 0xac, 0xae, 0xae, 0xd4, 0xb0, 0xb0, 0xb5, 0xb6, 0xb7, 0xd2, 0xb5, 0xce, 0x98, 0xd4, 0xc9, 0xca, 0xc9, 0xc8, 0xc8, 0xcd, 0xd4, 0xd3, 0xc9, 0xca, 0xd4, 0xb0, 0xd4, 0xcd, 0xca, 0xcd, 0xd4, 0xd0, 0xd4, 0xd4, 0xd3, 0xd3, 0xb0, 0xb0, 0xb0, 0xd4, 0xca, 0xd3, 0xd0, 0xb0, 0xb0, 0xb0, 0xd1, 0xb0, 0xb0, 0xb0, 0xd1, 0xb6, 0xb3, 0xa3, 0x91, 0x99, 0xa8, 0xb5, 0xb7, 0xb7, 0xb5, 0xb0, 0xb0, 0xb5, 0xb5, 0xaf, 0xcd, 0xca, 0xca, 0xcb, 0xcc, 0xd3, 0xd1, 0xb5, 0xd0, 0xaf, 0xb5, 0xb6, 0xa9, 0x24, 0x20, 0x1d, 0x1d, 0x1d, 0x1d, 0x1d, 0x1d, 0x24, 0xa2, 0xa3, 0xa0, 0xa0, 0xa0, 0xa0, 0xa0, 0xa0, 0xa0, 0xa0, 0xa0, 0xa0, 0x97, 0x90, 0x8c, 0x89, 0x89, 0x90, 0x99, 0x97, 0x89, 0x89, 0x8c, 0x8b, 0x8c, 0x89, 0x89, 0x89, 0x89, 0x89, 0x8c, 0x89, 0x89, 0x89, 0x89, 0x89, 0x83, 0x86, 0x90, 0x90, 0x91, 0x93, 0x97, 0x99, 0x9c, 0xa0, 0x9c, 0x99, 0x99, 0x93, 0x91, 0x90, 0x90, 0x90, 0x90, 0x90, 0x90, 0x90, 0x84, 0x86, 0x89, 0x89, 0x90, 0x89, 0x89, 0x8b, 0x8c, 0x89, 0x86, 0x89, 0x89, 0x83, 0x83, 0x89, 0x89, 0x83, 0x83, 0x86, 0x89, 0x86, 0x83, 0x86, 0x86, 0x83, 0x83, 0x83, 0x83, 0x83, 0x81, 0x83, 0x86, 0x83, 0x86, 0x86, 0x83, 0x89, 0x86, 0x89, 0x89, 0x83, 0x83, 0x86, 0x89, 0x8c, 0x90, 0x8b, 0x86, 0x83, 0x83, 0x83, 0x81, 0x83, 0x83, 0x83, 
  0xa5, 0xa5, 0xa3, 0xa3, 0xa3, 0xa3, 0xa3, 0xa3, 0xa3, 0xa3, 0xa3, 0xa3, 0xa3, 0xa5, 0xa5, 0xa3, 0xa3, 0xa5, 0xa5, 0xa3, 0xa3, 0xa3, 0xa3, 0xa3, 0xa3, 0xa5, 0xa5, 0xa5, 0xa5, 0xa5, 0xa3, 0xa3, 0xa3, 0xa3, 0xa3, 0xa3, 0xa3, 0xa3, 0xa3, 0xa3, 0xa3, 0xa3, 0xa3, 0xa3, 0xa3, 0xa3, 0xa3, 0xa0, 0xa0, 0xa0, 0xa0, 0xa0, 0xa0, 0xa3, 0xa3, 0xa3, 0xa3, 0xa5, 0xa5, 0xa5, 0xa5, 0xa3, 0xa3, 0xa3, 0xa3, 0xa3, 0xa0, 0x9c, 0xa3, 0xa5, 0xa5, 0xa5, 0xa5, 0xa5, 0xa5, 0xa5, 0xa5, 0xa5, 0xa5, 0xa3, 0xa5, 0xa5, 0xa5, 0xa5, 0xa5, 0xa8, 0xa5, 0xa5, 0xa8, 0xa8, 0xa8, 0xa8, 0xa5, 0xa8, 0xa5, 0x94, 0x7d, 0x73, 0x6c, 0x66, 0x61, 0x61, 0x59, 0x59, 0x59, 0x59, 0x57, 0x57, 0x57, 0x57, 0x57, 0x57, 0x57, 0x57, 0x57, 0x59, 0x61, 0x00, 0x68, 0x6c, 0x6c, 0x02, 0x09, 0x12, 0x18, 0x18, 0x1c, 0x25, 0x46, 0xc0, 0xc1, 0xc1, 0xc1, 0xc1, 0xc0, 0xbc, 0xb8, 0xb7, 0xba, 0xbe, 0xc0, 0xc1, 0xc1, 0xc1, 0xc1, 0xc1, 0xc1, 0xc1, 0xc1, 0xc1, 0xc1, 0xc0, 0xbf, 0xbd, 0xbc, 0xbc, 0xbc, 0xbc, 0xba, 0xb7, 0xd4, 0xcb, 0xcc, 0xd3, 0xd4, 0xae, 0xae, 0xaa, 0x33, 0x3e, 0x3b, 0xae, 0xaf, 0xb0, 0xb0, 0xd4, 0xb0, 0xd2, 0xb5, 0xcb, 0xd4, 0xcd, 0xc9, 0xc9, 0xc9, 0xc8, 0xc8, 0xca, 0xcd, 0xd3, 0xd3, 0xca, 0xcb, 0xd4, 0xb0, 0xce, 0xd3, 0xcd, 0xca, 0xce, 0xd0, 0xd4, 0xce, 0xd3, 0xd4, 0xd3, 0xd3, 0xa0, 0xc7, 0xca, 0xb0, 0xb0, 0xb0, 0xb0, 0xb5, 0xd1, 0xb5, 0xb5, 0xd2, 0xb5, 0xa8, 0x9c, 0x9c, 0xa0, 0xb0, 0xb5, 0xb7, 0xb7, 0xb5, 0xb0, 0xb0, 0xb0, 0xb0, 0xd4, 0xd3, 0xcb, 0xca, 0xca, 0xcb, 0xcc, 0xd3, 0xb5, 0xb6, 0xb3, 0xb5, 0xb7, 0x41, 0x2f, 0x24, 0x23, 0x23, 0x23, 0x20, 0x20, 0x24, 0x2a, 0xa3, 0xa0, 0xa0, 0xa0, 0xa0, 0xa0, 0xa0, 0xa0, 0xa0, 0xa0, 0xa0, 0xa0, 0x99, 0x91, 0x8b, 0x89, 0x8c, 0x90, 0x93, 0x93, 0x90, 0x8c, 0x89, 0x89, 0x8c, 0x90, 0x8c, 0x8c, 0x89, 0x89, 0x89, 0x89, 0x86, 0x89, 0x89, 0x8c, 0x89, 0x8c, 0x90, 0x91, 0x91, 0x97, 0x97, 0x99, 0x99, 0x9c, 0x9c, 0x99, 0x99, 0x91, 0x90, 0x8c, 0x89, 0x8c, 0x8c, 0x8c, 0x8c, 0x89, 0x89, 0x89, 0x86, 0x84, 0x8c, 0x89, 0x89, 0x8c, 0x89, 0x89, 0x86, 0x89, 0x89, 0x83, 0x83, 0x83, 0x89, 0x83, 0x86, 0x89, 0x86, 0x84, 0x83, 0x83, 0x83, 0x83, 0x83, 0x83, 0x7e, 0x81, 0x81, 0x83, 0x86, 0x89, 0x89, 0x89, 0x86, 0x89, 0x86, 0x84, 0x86, 0x83, 0x83, 0x83, 0x83, 0x89, 0x8c, 0x91, 0x90, 0x83, 0x83, 0x81, 0x83, 0x86, 0x83, 0x83, 
  0xa5, 0xa5, 0xa5, 0xa5, 0xa3, 0xa3, 0xa3, 0xa3, 0xa3, 0xa0, 0xa3, 0xa3, 0xa3, 0xa5, 0xa3, 0xa3, 0xa5, 0xa5, 0xa5, 0xa3, 0xa5, 0xa3, 0xa3, 0xa3, 0xa3, 0xa5, 0xa3, 0xa3, 0xa5, 0xa5, 0xa5, 0xa5, 0xa3, 0xa3, 0xa3, 0xa3, 0xa5, 0xa3, 0xa3, 0xa3, 0xa3, 0xa3, 0xa3, 0xa3, 0xa3, 0xa3, 0xa3, 0xa0, 0xa0, 0xa3, 0xa0, 0xa0, 0xa0, 0xa3, 0xa3, 0xa5, 0xa5, 0xa5, 0xa5, 0xa5, 0xa3, 0xa3, 0xa3, 0xa5, 0xa3, 0xa3, 0xa0, 0xa0, 0xa3, 0xa5, 0xa5, 0xa5, 0xa5, 0xa5, 0xa5, 0xa5, 0xa5, 0xa5, 0xa5, 0xa5, 0xa5, 0xa5, 0xa5, 0xa5, 0xa5, 0xa8, 0xa5, 0xa5, 0xa8, 0xa8, 0xa8, 0xa8, 0xa8, 0xa5, 0x9b, 0x0e, 0x05, 0x6c, 0x00, 0x00, 0x61, 0x5e, 0x59, 0x59, 0x57, 0x57, 0x57, 0x54, 0x54, 0x54, 0x57, 0x57, 0x54, 0x57, 0x59, 0x5c, 0x61, 0x66, 0x6c, 0x6c, 0x6c, 0x73, 0x09, 0x13, 0x1c, 0x1c, 0x1e, 0x2c, 0xbb, 0xc1, 0xc1, 0xc1, 0xc1, 0xc1, 0xc0, 0xbe, 0xb9, 0xb7, 0xb7, 0xba, 0xbe, 0xc1, 0xc1, 0xc1, 0xc1, 0xc1, 0xc1, 0xbe, 0xc0, 0xc1, 0xc0, 0xc0, 0xbe, 0xbc, 0xbc, 0xbc, 0xbc, 0xbc, 0xba, 0xb7, 0xb5, 0xb0, 0xcb, 0xd3, 0xd4, 0x3e, 0x3b, 0x3b, 0x3a, 0x3d, 0x3e, 0x3b, 0xae, 0xaf, 0xb0, 0xd3, 0xcd, 0xd2, 0xba, 0xc9, 0xd4, 0xd4, 0xcd, 0xc9, 0x8e, 0x9e, 0xcd, 0xcb, 0x97, 0xcb, 0xce, 0xd3, 0xcc, 0xcb, 0xd0, 0xaf, 0xce, 0xd3, 0xca, 0xa3, 0xd4, 0xd4, 0xd4, 0xd3, 0xcd, 0x97, 0x8e, 0x86, 0x98, 0xca, 0xb5, 0xb0, 0xb0, 0xb0, 0xb0, 0xb0, 0xb5, 0xd2, 0xb7, 0xac, 0xa0, 0x9c, 0xa3, 0xa8, 0xb5, 0xb7, 0xb7, 0xb5, 0xb5, 0xd1, 0xb0, 0xb0, 0xb0, 0xb0, 0xd4, 0xcd, 0xca, 0x9e, 0xca, 0xa3, 0xcc, 0xd4, 0xb3, 0xb8, 0xbb, 0xba, 0xb8, 0x41, 0xa9, 0x26, 0x26, 0x26, 0x26, 0x28, 0x2a, 0xa5, 0xa3, 0xa0, 0xa0, 0xa0, 0xa0, 0xa0, 0xa0, 0xa0, 0xa0, 0xa0, 0xa0, 0x9c, 0x99, 0x91, 0x8c, 0x89, 0x8c, 0x8c, 0x90, 0x90, 0x90, 0x8c, 0x89, 0x89, 0x89, 0x90, 0x90, 0x8c, 0x89, 0x83, 0x89, 0x89, 0x86, 0x89, 0x89, 0x90, 0x91, 0x93, 0x93, 0x97, 0x93, 0x97, 0x97, 0x97, 0x97, 0x93, 0x97, 0x97, 0x93, 0x90, 0x90, 0x89, 0x86, 0x89, 0x8c, 0x89, 0x89, 0x8c, 0x8c, 0x8c, 0x89, 0x89, 0x89, 0x89, 0x8c, 0x8c, 0x89, 0x89, 0x89, 0x89, 0x89, 0x83, 0x83, 0x83, 0x86, 0x83, 0x89, 0x89, 0x86, 0x89, 0x83, 0x83, 0x83, 0x83, 0x83, 0x81, 0x7e, 0x83, 0x81, 0x81, 0x83, 0x84, 0x86, 0x89, 0x86, 0x89, 0x89, 0x89, 0x86, 0x83, 0x83, 0x81, 0x83, 0x86, 0x84, 0x90, 0x91, 0x89, 0x86, 0x83, 0x83, 0x83, 0x83, 0x83, 
  0xa5, 0xa3, 0xa5, 0xa5, 0xa3, 0xa3, 0xa3, 0xa3, 0xa3, 0xa0, 0xa5, 0xa3, 0xa3, 0xa3, 0xa3, 0xa3, 0xa5, 0xa3, 0xa3, 0xa3, 0xa5, 0xa3, 0xa3, 0xa3, 0xa3, 0xa5, 0xa5, 0xa3, 0xa3, 0xa5, 0xa3, 0xa5, 0xa5, 0xa5, 0xa3, 0xa0, 0xa3, 0xa3, 0xa3, 0xa3, 0xa0, 0xa3, 0xa3, 0xa0, 0xa3, 0xa3, 0xa3, 0xa0, 0xa0, 0xa3, 0xa3, 0xa0, 0xa3, 0xa3, 0xa3, 0xa3, 0xa5, 0xa5, 0xa3, 0xa5, 0xa3, 0xa5, 0xa5, 0xa3, 0xa3, 0xa3, 0xa3, 0xa3, 0xa5, 0xa5, 0xa5, 0xa5, 0xa5, 0xa5, 0xa5, 0xa5, 0xa5, 0xa5, 0xa5, 0xa5, 0xa5, 0xa5, 0xa8, 0xa8, 0xa5, 0xa5, 0xa5, 0xa8, 0xa8, 0xa8, 0xa8, 0xa8, 0xa8, 0xa2, 0x8f, 0x05, 0x02, 0x6c, 0x61, 0x61, 0x61, 0x5c, 0x59, 0x59, 0x57, 0x57, 0x57, 0x54, 0x54, 0x54, 0x57, 0x57, 0x57, 0x57, 0x57, 0x59, 0x63, 0x6c, 0x02, 0x6c, 0x73, 0x05, 0x0d, 0x18, 0x1c, 0x1e, 0x22, 0xae, 0x4a, 0xc1, 0xc1, 0xc1, 0xc1, 0xc1, 0xc1, 0xbf, 0xba, 0xb7, 0xb7, 0xb7, 0xbc, 0xc0, 0xc1, 0xc1, 0xc1, 0xc1, 0xc1, 0xbc, 0xbf, 0xc1, 0xc1, 0xc0, 0xbe, 0xbc, 0xbb, 0xba, 0xba, 0xba, 0xba, 0xb7, 0xb7, 0xb7, 0xcb, 0xcb, 0xd3, 0x3b, 0x3b, 0xb2, 0x3e, 0x3e, 0x3b, 0x3b, 0x35, 0xac, 0xd0, 0xd4, 0xcb, 0xd3, 0xd0, 0xcc, 0xb0, 0xd0, 0xd4, 0xcd, 0xca, 0xca, 0xcd, 0xd3, 0xca, 0x9e, 0xa0, 0xd4, 0xd4, 0xcb, 0xca, 0xd3, 0xd4, 0xd3, 0xcb, 0xca, 0xcd, 0xd4, 0xd4, 0xd3, 0xcb, 0x7c, 0x76, 0x87, 0xa5, 0xcc, 0xb5, 0xb0, 0xb0, 0xd1, 0xb0, 0xb0, 0xb5, 0xb5, 0xb0, 0xa3, 0x97, 0x9c, 0xcd, 0xaf, 0xb7, 0xb7, 0xb5, 0xb5, 0xb5, 0xd1, 0xb5, 0xb5, 0xb5, 0xb5, 0xb0, 0xd3, 0xcc, 0xca, 0x98, 0xa0, 0xcb, 0xcd, 0xd4, 0x41, 0x48, 0x4a, 0xb8, 0xb6, 0x41, 0x2f, 0x2b, 0x2b, 0x2c, 0xa9, 0xa7, 0xa8, 0xa5, 0xa3, 0xa0, 0xa0, 0xa0, 0xa0, 0xa0, 0xa0, 0xa0, 0xa0, 0x9c, 0x9c, 0x99, 0x91, 0x89, 0x89, 0x89, 0x89, 0x90, 0x90, 0x90, 0x89, 0x89, 0x89, 0x89, 0x90, 0x90, 0x8c, 0x89, 0x83, 0x83, 0x83, 0x89, 0x89, 0x8c, 0x90, 0x93, 0x97, 0x97, 0x97, 0x99, 0x99, 0x99, 0x97, 0x93, 0x91, 0x91, 0x91, 0x93, 0x90, 0x90, 0x90, 0x89, 0x89, 0x89, 0x89, 0x89, 0x89, 0x89, 0x90, 0x89, 0x89, 0x8c, 0x89, 0x8c, 0x89, 0x89, 0x89, 0x89, 0x89, 0x89, 0x83, 0x83, 0x86, 0x89, 0x83, 0x89, 0x89, 0x86, 0x84, 0x83, 0x83, 0x83, 0x83, 0x83, 0x83, 0x83, 0x83, 0x81, 0x83, 0x83, 0x83, 0x86, 0x89, 0x89, 0x86, 0x89, 0x89, 0x89, 0x83, 0x83, 0x83, 0x83, 0x83, 0x83, 0x86, 0x8b, 0x90, 0x89, 0x83, 0x86, 0x83, 0x83, 0x83, 
  0xa5, 0xa5, 0xa3, 0xa5, 0xa5, 0xa3, 0xa5, 0xa5, 0xa3, 0xa3, 0xa5, 0xa3, 0xa3, 0xa3, 0xa5, 0xa3, 0xa3, 0xa5, 0xa3, 0xa3, 0xa5, 0xa3, 0xa0, 0xa3, 0xa3, 0xa3, 0xa5, 0xa5, 0xa5, 0xa3, 0xa3, 0xa3, 0xa3, 0xa3, 0xa0, 0xa0, 0xa0, 0xa3, 0xa3, 0xa3, 0xa0, 0xa3, 0xa3, 0xa3, 0xa3, 0xa3, 0xa3, 0xa3, 0xa3, 0xa0, 0xa3, 0xa0, 0xa0, 0xa3, 0xa0, 0xa5, 0xa3, 0xa3, 0xa3, 0xa5, 0xa3, 0xa5, 0xa5, 0xa3, 0xa3, 0xa3, 0xcb, 0xa3, 0xa3, 0xa8, 0xa5, 0xa5, 0xa3, 0xa5, 0xa5, 0xa5, 0xa5, 0xa5, 0xa5, 0xa5, 0xa5, 0xa5, 0xa5, 0xa5, 0xa5, 0xa5, 0xa5, 0xa5, 0xa5, 0xa8, 0xa8, 0xa8, 0xa5, 0x94, 0x0d, 0x73, 0x6c, 0x66, 0x61, 0x61, 0x61, 0x5e, 0x59, 0x59, 0x57, 0x57, 0x57, 0x57, 0x57, 0x57, 0x57, 0x57, 0x54, 0x57, 0x57, 0x5a, 0x00, 0x6c, 0x04, 0x73, 0x78, 0x07, 0x0e, 0x1c, 0x21, 0x21, 0x28, 0x3e, 0xbf, 0xc1, 0xc1, 0xc1, 0xc1, 0xc1, 0xc1, 0xbf, 0xbc, 0xb7, 0xb7, 0xb7, 0xba, 0xbf, 0xc1, 0xc1, 0xc1, 0xc1, 0xc1, 0xbe, 0xc1, 0xc1, 0xc1, 0xc1, 0xbf, 0xbc, 0xb7, 0xb7, 0xd2, 0xb7, 0xb7, 0xb7, 0xb7, 0xd2, 0xcd, 0xcb, 0xcd, 0xaa, 0x33, 0xae, 0x3b, 0x42, 0x3d, 0x3a, 0x3b, 0xb2, 0xaf, 0xb0, 0xac, 0xd3, 0xcc, 0xd1, 0xb5, 0xd2, 0xb0, 0xb0, 0xd4, 0xd3, 0xd3, 0x98, 0xcb, 0xcb, 0x98, 0x8e, 0xcb, 0xd3, 0xca, 0xc6, 0x98, 0xce, 0xd3, 0xcb, 0x98, 0xcd, 0xd4, 0xd3, 0xcc, 0x8c, 0x90, 0x8c, 0x9c, 0xd3, 0xb5, 0xd4, 0xb0, 0xb5, 0xb5, 0xb0, 0xb5, 0xb5, 0xa5, 0x93, 0x99, 0xa0, 0xce, 0xb0, 0xba, 0xb7, 0xd3, 0xb3, 0xb5, 0xd0, 0xcd, 0xaf, 0xb5, 0xb5, 0xd4, 0xd3, 0xd3, 0xcb, 0x98, 0xc8, 0xcb, 0xcb, 0xd3, 0xaf, 0xb6, 0xbc, 0xba, 0xb3, 0xb6, 0x3b, 0x2f, 0x2c, 0xa9, 0xa7, 0xa8, 0xa8, 0xa3, 0xa5, 0xa3, 0xa3, 0xa0, 0xa0, 0xa0, 0xa0, 0xa0, 0xa0, 0x9c, 0x9c, 0x93, 0x8c, 0x89, 0x89, 0x8c, 0x89, 0x90, 0x91, 0x8c, 0x89, 0x89, 0x89, 0x89, 0x89, 0x90, 0x8b, 0x86, 0x83, 0x83, 0x86, 0x89, 0x90, 0x90, 0x91, 0x97, 0x97, 0x99, 0x99, 0x99, 0x99, 0x99, 0x93, 0x97, 0x90, 0x90, 0x90, 0x93, 0x90, 0x89, 0x8c, 0x90, 0x89, 0x89, 0x86, 0x83, 0x86, 0x89, 0x89, 0x86, 0x8c, 0x90, 0x89, 0x8c, 0x89, 0x89, 0x89, 0x89, 0x86, 0x86, 0x86, 0x89, 0x89, 0x8c, 0x89, 0x89, 0x89, 0x89, 0x89, 0x89, 0x83, 0x83, 0x86, 0x86, 0x83, 0x83, 0x83, 0x83, 0x83, 0x83, 0x86, 0x83, 0x89, 0x89, 0x83, 0x86, 0x89, 0x8c, 0x86, 0x83, 0x83, 0x83, 0x81, 0x81, 0x83, 0x89, 0x91, 0x90, 0x84, 0x86, 0x83, 0x83, 0x83, 
  0xa3, 0xa3, 0xa5, 0xa5, 0xa5, 0xa3, 0xa5, 0xa5, 0xa5, 0xa5, 0xa5, 0xa3, 0xa3, 0xa3, 0xa3, 0xa5, 0xa3, 0xa3, 0xa3, 0xa5, 0xa5, 0xa3, 0xa3, 0xa5, 0xa5, 0xa5, 0xa5, 0xa3, 0xa3, 0xa3, 0xa3, 0xa3, 0xa0, 0xa3, 0xa0, 0xa3, 0xa3, 0xa3, 0xa3, 0xa3, 0xa3, 0xa3, 0xa3, 0xa3, 0xa3, 0xa3, 0xa3, 0xa3, 0xa3, 0xa3, 0xa3, 0xa0, 0xa3, 0xa3, 0xa3, 0xa3, 0xa3, 0xa5, 0xa3, 0xa3, 0xa3, 0xa5, 0xa3, 0xa0, 0xa0, 0xa0, 0xa3, 0xa3, 0xa3, 0xa5, 0xa3, 0xa5, 0xa3, 0xa5, 0xa5, 0xa5, 0xa5, 0xa5, 0xa5, 0xa5, 0xa5, 0xa5, 0xa5, 0xa5, 0xa5, 0xa5, 0xa8, 0xa8, 0xa5, 0xa8, 0xa8, 0xa8, 0xa2, 0x88, 0x08, 0x71, 0x6f, 0x6c, 0x63, 0x63, 0x61, 0x61, 0x59, 0x59, 0x57, 0x57, 0x59, 0x57, 0x57, 0x57, 0x57, 0x54, 0x57, 0x57, 0x57, 0x5c, 0x00, 0x71, 0x04, 0x04, 0x07, 0x82, 0x13, 0x1c, 0x21, 0x25, 0x35, 0x4a, 0xc1, 0xc1, 0xc1, 0xc1, 0xc1, 0xc1, 0xc1, 0xc1, 0xbf, 0xba, 0xb7, 0xb7, 0xb7, 0xbc, 0xc0, 0xc0, 0xc1, 0xc1, 0xc1, 0xc1, 0xc1, 0xc1, 0xc0, 0xc1, 0xc1, 0xbc, 0xb3, 0xb7, 0xbc, 0xb7, 0xb5, 0xb5, 0xb5, 0xb0, 0xb5, 0x70, 0xcd, 0xac, 0x3b, 0x3e, 0x3b, 0x36, 0x3f, 0x3b, 0x3e, 0x3e, 0xd4, 0xd0, 0xb0, 0xb5, 0xb5, 0xd4, 0xd3, 0xd0, 0xd3, 0xb5, 0xb3, 0xb0, 0xd4, 0xcb, 0xc8, 0xcd, 0xd3, 0xc8, 0x89, 0xa5, 0xcd, 0x91, 0x9e, 0xcb, 0xd4, 0xcc, 0x98, 0xc8, 0xd3, 0xd0, 0xd4, 0xa0, 0xca, 0x81, 0xca, 0xb0, 0xd4, 0xd4, 0xb0, 0xb0, 0xb5, 0xb5, 0xd2, 0xac, 0x89, 0x83, 0x9c, 0xcb, 0xb0, 0xb5, 0xb7, 0xb0, 0xd4, 0xd4, 0xcb, 0xd3, 0xcb, 0xcd, 0xb5, 0xd3, 0xce, 0xaf, 0xce, 0xd4, 0xca, 0x8e, 0xc9, 0xa3, 0xcc, 0xd3, 0xb3, 0x48, 0x4a, 0xb8, 0xb7, 0xb7, 0x3b, 0xa9, 0xa7, 0xa8, 0xa8, 0xa8, 0xa5, 0xa5, 0xa3, 0xa3, 0xa3, 0xa3, 0xa3, 0xa3, 0xa3, 0xa3, 0x9c, 0x9c, 0x93, 0x89, 0x89, 0x83, 0x89, 0x90, 0x8c, 0x8b, 0x89, 0x89, 0x89, 0x89, 0x89, 0x89, 0x89, 0x90, 0x83, 0x83, 0x89, 0x89, 0x90, 0x90, 0x93, 0x97, 0x97, 0x99, 0x99, 0x99, 0x9c, 0x97, 0x93, 0x91, 0x91, 0x90, 0x89, 0x89, 0x8c, 0x89, 0x86, 0x83, 0x83, 0x89, 0x8c, 0x89, 0x83, 0x83, 0x83, 0x83, 0x86, 0x89, 0x90, 0x89, 0x89, 0x89, 0x89, 0x8c, 0x89, 0x86, 0x84, 0x86, 0x89, 0x89, 0x89, 0x89, 0x89, 0x8c, 0x89, 0x83, 0x83, 0x83, 0x83, 0x86, 0x83, 0x83, 0x81, 0x7e, 0x81, 0x81, 0x83, 0x83, 0x83, 0x83, 0x83, 0x83, 0x86, 0x90, 0x93, 0x90, 0x84, 0x83, 0x81, 0x81, 0x81, 0x83, 0x86, 0x90, 0x93, 0x90, 0x89, 0x83, 0x86, 0x83, 
  0xa3, 0xa3, 0xa3, 0xa5, 0xa3, 0xa5, 0xa3, 0xa5, 0xa5, 0xa3, 0xa3, 0xa3, 0xa5, 0xa3, 0xa3, 0xa3, 0xa3, 0xa5, 0xa3, 0xa5, 0xa5, 0xa5, 0xa5, 0xa5, 0xa5, 0xa5, 0xa5, 0xa3, 0xa3, 0xa3, 0xa3, 0xa3, 0xa3, 0xa3, 0xa3, 0xa3, 0xa0, 0xa3, 0xa3, 0xa3, 0xa3, 0xa3, 0xa3, 0xa3, 0xa3, 0xa3, 0xa3, 0xa3, 0xa3, 0xa3, 0xa3, 0xa3, 0xa3, 0xa5, 0xa5, 0xa3, 0xa5, 0xa3, 0xa3, 0xa3, 0xa3, 0xa5, 0xa3, 0xa3, 0xa3, 0xa3, 0xa5, 0xa5, 0xa5, 0xa5, 0xa3, 0xa5, 0xa5, 0xa5, 0xa3, 0xa5, 0xa8, 0xa5, 0xa5, 0xa8, 0xa5, 0xa5, 0xa3, 0xa5, 0xa8, 0xa5, 0xa5, 0xa8, 0xa8, 0xa8, 0xa8, 0xa5, 0x9f, 0x12, 0x04, 0x02, 0x6f, 0x6c, 0x00, 0x63, 0x61, 0x5c, 0x59, 0x57, 0x57, 0x57, 0x59, 0x59, 0x57, 0x59, 0x57, 0x57, 0x54, 0x57, 0x59, 0x5e, 0x00, 0x6c, 0x04, 0x73, 0x05, 0x09, 0x0e, 0x1c, 0x21, 0x25, 0x3b, 0xbe, 0xc1, 0xc1, 0xc1, 0xc1, 0xc1, 0xc1, 0xc1, 0xc1, 0xc1, 0xbd, 0xb7, 0xb7, 0xb7, 0xba, 0xbd, 0xbe, 0xbf, 0xbc, 0xbd, 0xc1, 0xc1, 0xc1, 0xbe, 0xb9, 0xb7, 0xbe, 0xbe, 0xbe, 0xbf, 0xbf, 0xbe, 0xba, 0xb7, 0xba, 0xb5, 0xca, 0xcc, 0x9e, 0xac, 0x35, 0x35, 0x3e, 0x3d, 0x2c, 0x39, 0xae, 0xd4, 0xd3, 0xd4, 0xb5, 0xb7, 0xd1, 0xcb, 0x8e, 0xcc, 0xcd, 0xb5, 0xb0, 0xb0, 0xd3, 0xcb, 0x97, 0xc6, 0xcb, 0x9c, 0x7c, 0xc8, 0xcc, 0xca, 0x8c, 0xc9, 0xd3, 0xcc, 0xc8, 0x8e, 0xcc, 0xd3, 0xa0, 0xcd, 0x81, 0xc9, 0x9c, 0xca, 0xd4, 0xb0, 0xb0, 0xb0, 0xd0, 0xb0, 0xa0, 0x77, 0x86, 0x9c, 0xd3, 0xb5, 0xd2, 0xb7, 0xd1, 0xb5, 0xaf, 0xc8, 0xc7, 0xce, 0xd3, 0xcd, 0xcb, 0xd4, 0xd1, 0xb0, 0xcd, 0xcd, 0x98, 0x87, 0xca, 0xcb, 0xcc, 0xd4, 0xb5, 0xb8, 0xba, 0xb7, 0xb9, 0xb6, 0xad, 0xa8, 0xa8, 0xa8, 0xa5, 0xa5, 0xa5, 0xa5, 0xa5, 0xa3, 0xa3, 0xa3, 0xa0, 0xa0, 0xa0, 0xa0, 0x9c, 0x91, 0x8c, 0x8c, 0x86, 0x8c, 0x8c, 0x89, 0x89, 0x89, 0x89, 0x89, 0x89, 0x86, 0x89, 0x89, 0x89, 0x89, 0x83, 0x89, 0x90, 0x93, 0x93, 0x99, 0x99, 0x97, 0x99, 0x99, 0x99, 0x97, 0x91, 0x89, 0x90, 0x90, 0x89, 0x89, 0x83, 0x83, 0x83, 0x86, 0x89, 0x86, 0x86, 0x83, 0x89, 0x89, 0x83, 0x7e, 0x89, 0x89, 0x86, 0x89, 0x89, 0x8c, 0x89, 0x90, 0x90, 0x8c, 0x89, 0x89, 0x86, 0x84, 0x86, 0x86, 0x8c, 0x89, 0x86, 0x86, 0x83, 0x83, 0x83, 0x83, 0x83, 0x83, 0x81, 0x7e, 0x81, 0x83, 0x81, 0x83, 0x81, 0x81, 0x83, 0x7e, 0x83, 0x84, 0x90, 0x9c, 0x97, 0x89, 0x7e, 0x7e, 0x81, 0x7e, 0x81, 0x81, 0x89, 0x90, 0x93, 0x8c, 0x83, 0x86, 0x83, 
  0xa3, 0xa3, 0xa5, 0xa5, 0xa5, 0xa3, 0xa5, 0xa5, 0xa3, 0xa5, 0xa5, 0xa5, 0xa3, 0xa3, 0xa3, 0xa3, 0xa3, 0xa5, 0xa5, 0xa3, 0xa5, 0xa5, 0xa3, 0xa3, 0xa5, 0xa3, 0xa3, 0xa5, 0xa5, 0xa3, 0xa3, 0xa3, 0xa3, 0xa3, 0xa3, 0xa3, 0xa3, 0xa3, 0xa0, 0xa3, 0xa3, 0xa3, 0xa3, 0xa3, 0xa3, 0xa3, 0xa3, 0xa3, 0xa3, 0xa3, 0xa3, 0xa3, 0xa3, 0xa3, 0xa3, 0xa5, 0xa3, 0xa0, 0xa3, 0xa3, 0xa3, 0xa3, 0xa0, 0xa3, 0xa5, 0xa5, 0xa5, 0xa5, 0xa3, 0xa5, 0xa3, 0xa5, 0xa5, 0xa5, 0xa5, 0xa5, 0xa5, 0xa5, 0xa5, 0xa5, 0xa5, 0xa5, 0xa5, 0xa5, 0xa5, 0xa8, 0xa8, 0xa5, 0xa5, 0xa8, 0xa8, 0xa2, 0x94, 0x7d, 0x04, 0x71, 0x6c, 0x66, 0x63, 0x5e, 0x5e, 0x5c, 0x5e, 0x59, 0x57, 0x59, 0x57, 0x57, 0x57, 0x59, 0x57, 0x57, 0x57, 0x59, 0x59, 0x63, 0x66, 0x6b, 0x73, 0x71, 0x08, 0x78, 0x09, 0x15, 0x24, 0x28, 0x3e, 0xbe, 0xc1, 0xc1, 0xc1, 0xc1, 0xc1, 0xc1, 0xc1, 0xc1, 0xc1, 0xc1, 0xbc, 0xd2, 0xd2, 0xb7, 0xbb, 0xbc, 0xbd, 0xba, 0xbe, 0xc1, 0xbe, 0xba, 0xb5, 0xba, 0xbe, 0xc1, 0xc1, 0xc1, 0xc1, 0xc1, 0xc1, 0xc0, 0xba, 0xd2, 0xd0, 0xb0, 0x8e, 0xcc, 0xd3, 0xac, 0x35, 0x35, 0x3b, 0xaf, 0xaf, 0xd4, 0xd4, 0xd4, 0xd4, 0xd1, 0xcf, 0xb7, 0xd4, 0xd3, 0xcb, 0xa0, 0xcb, 0xd0, 0xb0, 0xce, 0xd4, 0xd3, 0x89, 0x7c, 0xa3, 0xcb, 0x87, 0x98, 0x8e, 0x8e, 0x97, 0x9c, 0xcb, 0xcb, 0xc6, 0x8c, 0xcb, 0xcd, 0xd3, 0xa3, 0x97, 0x81, 0xca, 0xd3, 0xb0, 0xb0, 0xb0, 0xb0, 0xcd, 0x7b, 0x6d, 0x91, 0xcb, 0xaf, 0xb5, 0xb7, 0xb5, 0xb5, 0xd1, 0xd0, 0xcc, 0xca, 0xd3, 0xb0, 0xb0, 0xb0, 0xb5, 0xb0, 0xb0, 0xd4, 0xd3, 0xcd, 0xc8, 0xc8, 0xcb, 0xcb, 0xd3, 0xd0, 0xb0, 0xb0, 0xb0, 0xb0, 0xb7, 0xb5, 0xd3, 0xa8, 0xa8, 0xa5, 0xa5, 0xa5, 0xa5, 0xa5, 0xa5, 0xa3, 0xa3, 0xa0, 0xa0, 0xa0, 0x9c, 0x97, 0x91, 0x90, 0x90, 0x8b, 0x89, 0x86, 0x86, 0x86, 0x86, 0x86, 0x89, 0x89, 0x89, 0x90, 0x8c, 0x89, 0x8c, 0x90, 0x90, 0x91, 0x93, 0x9c, 0x9c, 0x99, 0x99, 0x97, 0x99, 0x99, 0x97, 0x90, 0x89, 0x8c, 0x89, 0x89, 0x83, 0x86, 0x89, 0x89, 0x86, 0x86, 0x83, 0x84, 0x83, 0x89, 0x86, 0x83, 0x8c, 0x86, 0x89, 0x86, 0x89, 0x86, 0x83, 0x89, 0x89, 0x89, 0x8c, 0x86, 0x89, 0x89, 0x86, 0x86, 0x8b, 0x89, 0x89, 0x83, 0x84, 0x89, 0x89, 0x83, 0x83, 0x83, 0x83, 0x83, 0x83, 0x83, 0x83, 0x86, 0x84, 0x89, 0x83, 0x83, 0x81, 0x86, 0x89, 0x8c, 0x9c, 0xa0, 0x91, 0x83, 0x81, 0x7e, 0x7e, 0x7e, 0x83, 0x83, 0x86, 0x93, 0x91, 0x89, 0x83, 0x83, 
  0xa5, 0xa5, 0xa5, 0xa5, 0xa3, 0xa3, 0xa5, 0xa5, 0xa5, 0xa5, 0xa3, 0xa3, 0xa3, 0xa3, 0xa0, 0xa3, 0xa3, 0xa3, 0xa3, 0xa3, 0xa5, 0xa3, 0xa3, 0xa3, 0xa3, 0xa3, 0xa3, 0xa3, 0xa5, 0xcd, 0xa3, 0xa3, 0xa3, 0xa5, 0xa3, 0xa5, 0xa5, 0xa3, 0xa3, 0xa3, 0xa3, 0xa3, 0xa3, 0xa3, 0xa3, 0xa3, 0xa3, 0xa3, 0xa3, 0xa3, 0xa3, 0xa3, 0xa0, 0xa3, 0xa3, 0xa3, 0xa3, 0xa3, 0xa0, 0xa3, 0xa3, 0xa0, 0xa0, 0xa3, 0xa3, 0xa5, 0xa5, 0xa5, 0xa5, 0xa5, 0xa5, 0xa5, 0xa3, 0xa5, 0xa5, 0xa8, 0xa8, 0xa5, 0xa8, 0xa5, 0xa5, 0xa5, 0xa5, 0xa5, 0xa5, 0xa5, 0xa8, 0xa8, 0xa8, 0xa8, 0xa8, 0xa1, 0x15, 0x07, 0x04, 0x71, 0x6b, 0x6c, 0x66, 0x63, 0x63, 0x63, 0x59, 0x57, 0x59, 0x57, 0x57, 0x59, 0x5c, 0x5e, 0x57, 0x57, 0x59, 0x59, 0x5c, 0x63, 0x6b, 0x6c, 0x73, 0x71, 0x04, 0x78, 0x79, 0x0e, 0x22, 0xa9, 0x43, 0xbf, 0xc1, 0xc1, 0xc1, 0xc1, 0xc1, 0xc1, 0xc1, 0xc1, 0xc1, 0xc1, 0xbe, 0xb7, 0xd2, 0xb5, 0xb7, 0xbd, 0xbe, 0xbe, 0xbf, 0xb9, 0xba, 0xb9, 0xc0, 0xc1, 0xc1, 0xc1, 0xc1, 0xc1, 0xc1, 0xc1, 0xc1, 0xc0, 0xbc, 0xba, 0xbd, 0xb5, 0xb7, 0xcd, 0xcb, 0xd3, 0xd3, 0xd4, 0xce, 0xd4, 0xd3, 0xd4, 0xd4, 0xd4, 0xd4, 0xd0, 0xb5, 0xb5, 0xd3, 0xaf, 0xd3, 0xcb, 0x99, 0xa3, 0xac, 0xaf, 0xd4, 0xd4, 0xcd, 0xc9, 0x8c, 0xc5, 0x8e, 0x89, 0xc7, 0x87, 0xc8, 0x89, 0x98, 0xca, 0xca, 0xc8, 0xca, 0xcd, 0xa5, 0xca, 0x8e, 0xc5, 0xcb, 0xd3, 0xb0, 0xb5, 0xb5, 0xaf, 0x8e, 0x62, 0x7c, 0xa0, 0xd4, 0xb5, 0xb7, 0xb7, 0xd1, 0xd0, 0xd0, 0xd0, 0xb0, 0xb0, 0xb0, 0xb0, 0xb0, 0xb5, 0xd4, 0xcb, 0xcd, 0xa8, 0xd3, 0xd3, 0xcb, 0x9e, 0xcb, 0xcd, 0xd3, 0xd4, 0xd0, 0xd0, 0xd4, 0xd4, 0xb5, 0xb7, 0xb0, 0xac, 0xac, 0xa8, 0xa5, 0xa8, 0xa5, 0xa5, 0xa5, 0xa5, 0xa3, 0xa3, 0xa0, 0x9c, 0x97, 0x91, 0x91, 0x90, 0x90, 0x91, 0x90, 0x89, 0x8b, 0x89, 0x8b, 0x89, 0x89, 0x86, 0x86, 0x89, 0x8c, 0x8c, 0x91, 0x93, 0x93, 0x91, 0x99, 0x99, 0x97, 0x99, 0x97, 0x97, 0x97, 0x91, 0x91, 0x91, 0x90, 0x8c, 0x89, 0x86, 0x83, 0x89, 0x8c, 0x89, 0x86, 0x84, 0x86, 0x89, 0x83, 0x89, 0x86, 0x83, 0x8b, 0x90, 0x89, 0x89, 0x81, 0x83, 0x83, 0x89, 0x83, 0x86, 0x89, 0x89, 0x89, 0x89, 0x84, 0x86, 0x90, 0x90, 0x83, 0x89, 0x89, 0x89, 0x89, 0x89, 0x83, 0x83, 0x83, 0x83, 0x83, 0x83, 0x83, 0x89, 0x89, 0x89, 0x89, 0x86, 0x84, 0x83, 0x89, 0x86, 0x89, 0x91, 0x91, 0x83, 0x7e, 0x7e, 0x7e, 0x7e, 0x7a, 0x81, 0x86, 0x8b, 0x97, 0x90, 0x89, 0x89, 
  0xa3, 0xa3, 0xa3, 0xa5, 0xa5, 0xa5, 0xa5, 0xa5, 0xa5, 0xa5, 0xa3, 0xa5, 0xa5, 0xa3, 0xa3, 0xa3, 0xa3, 0xa3, 0xa5, 0xa3, 0xa3, 0xa3, 0xa5, 0xa3, 0xa3, 0xa3, 0xa3, 0xa3, 0xa5, 0xa3, 0xa3, 0xa3, 0xa5, 0xa5, 0xa3, 0xa3, 0xa3, 0xa3, 0xa3, 0xa3, 0xa3, 0xa3, 0xa3, 0xa3, 0xa3, 0xa3, 0xa0, 0xa3, 0xa0, 0xa3, 0xa3, 0xa3, 0xa3, 0xa0, 0xa5, 0xa5, 0xa3, 0xa3, 0xa3, 0xa3, 0xa3, 0xa0, 0xa3, 0xa5, 0xa5, 0xa3, 0xa3, 0xa5, 0xa5, 0xa5, 0xa5, 0xa5, 0xa5, 0xa5, 0xa5, 0xa5, 0xa5, 0xa5, 0xa5, 0xa5, 0xa5, 0xa5, 0xa5, 0xa8, 0xa5, 0xa8, 0xa8, 0xa5, 0xa8, 0xa8, 0xa8, 0xa2, 0x8a, 0x78, 0x02, 0x71, 0x6c, 0x6c, 0x6c, 0x6c, 0x63, 0x5e, 0x59, 0x57, 0x57, 0x54, 0x57, 0x57, 0x57, 0x59, 0x57, 0x57, 0x59, 0x59, 0x5c, 0x00, 0x68, 0x02, 0x03, 0x04, 0x78, 0x04, 0x02, 0x05, 0x1c, 0x2c, 0x43, 0xbf, 0xc1, 0xc1, 0xc1, 0xc1, 0xc1, 0xc1, 0xc1, 0xc1, 0xc1, 0xc1, 0xbf, 0xbc, 0xb7, 0xb7, 0xb5, 0xba, 0xbc, 0xb5, 0xbc, 0xd0, 0xc1, 0xc1, 0xc1, 0xc1, 0xc1, 0xc1, 0xc1, 0xc1, 0xc1, 0xc1, 0xc1, 0xc1, 0xc0, 0xbc, 0xbc, 0xb7, 0xb7, 0xb7, 0xcb, 0xcc, 0xd3, 0xce, 0xd4, 0xd4, 0xd4, 0xd3, 0xd4, 0xd4, 0xd4, 0xd4, 0xd1, 0xd1, 0xd3, 0xcb, 0xcd, 0xd0, 0xb0, 0xcd, 0x97, 0xc8, 0xcc, 0xd3, 0xd3, 0xd3, 0xcd, 0x98, 0x83, 0x7e, 0x90, 0x81, 0xc8, 0xcb, 0x98, 0xca, 0xcd, 0xa0, 0xc8, 0xcb, 0x9c, 0xca, 0x9e, 0x7b, 0x7b, 0xc8, 0xca, 0xd4, 0xb5, 0xa3, 0x69, 0x62, 0x8c, 0xcb, 0xaf, 0xd2, 0xd2, 0xcd, 0xa5, 0xd3, 0xb0, 0xb0, 0xb0, 0xb5, 0xb5, 0xb5, 0xb5, 0xb5, 0xb0, 0xd4, 0xd4, 0x97, 0x87, 0xca, 0xb0, 0xd3, 0xcb, 0xcb, 0xcd, 0xd3, 0xd4, 0xd0, 0xb0, 0xd4, 0xd0, 0xd1, 0xb7, 0xb3, 0xac, 0xa8, 0xa8, 0xa8, 0xa5, 0xa8, 0xa8, 0xa5, 0xa3, 0xa3, 0xa0, 0x9c, 0x91, 0x93, 0x91, 0x90, 0x90, 0x90, 0x90, 0x89, 0x89, 0x83, 0x86, 0x89, 0x89, 0x83, 0x84, 0x86, 0x8c, 0x90, 0x93, 0x97, 0x97, 0x93, 0x99, 0x99, 0x99, 0x99, 0x97, 0x93, 0x91, 0x90, 0x8b, 0x90, 0x89, 0x89, 0x83, 0x86, 0x84, 0x89, 0x90, 0x8c, 0x89, 0x89, 0x83, 0x83, 0x83, 0x89, 0x89, 0x89, 0x89, 0x86, 0x89, 0x89, 0x7e, 0x83, 0x83, 0x83, 0x83, 0x83, 0x83, 0x86, 0x89, 0x86, 0x86, 0x86, 0x89, 0x89, 0x83, 0x86, 0x86, 0x83, 0x83, 0x89, 0x83, 0x83, 0x83, 0x83, 0x83, 0x83, 0x81, 0x83, 0x83, 0x81, 0x83, 0x86, 0x81, 0x83, 0x83, 0x86, 0x83, 0x83, 0x89, 0x86, 0x83, 0x86, 0x81, 0x7e, 0x7e, 0x83, 0x83, 0x89, 0x90, 0x91, 0x8c, 0x86, 
  0xa3, 0xa5, 0xa3, 0xa5, 0xa3, 0xa5, 0xa5, 0xa5, 0xa5, 0xa3, 0xa5, 0xa3, 0xa5, 0xa5, 0xa3, 0xa3, 0xa3, 0xa3, 0xa3, 0xa3, 0xa5, 0xa3, 0xa3, 0xa3, 0xa3, 0xa3, 0xa3, 0xa3, 0xa3, 0xa3, 0xa3, 0xa3, 0xa5, 0xa5, 0xa3, 0xa3, 0xa3, 0xa3, 0xa3, 0xa5, 0xa3, 0xa3, 0xa3, 0xa3, 0xa3, 0xa3, 0xa3, 0xa3, 0xa0, 0xa0, 0xa3, 0xa3, 0xa3, 0xa3, 0xa3, 0xa5, 0xa5, 0xa5, 0xa3, 0xa3, 0xa3, 0xa3, 0xa5, 0xa5, 0xa5, 0xa5, 0xa3, 0xa5, 0xa5, 0xa5, 0xa5, 0xa5, 0xa5, 0xa5, 0xa5, 0xa5, 0xa5, 0xa5, 0xa5, 0xa5, 0xa5, 0xa5, 0xa5, 0xa5, 0xa8, 0xa8, 0xa8, 0xa5, 0xa8, 0xa8, 0xa8, 0xa2, 0x8f, 0x09, 0x73, 0x71, 0x6c, 0x6c, 0x6c, 0x63, 0x5e, 0x59, 0x59, 0x57, 0x57, 0x57, 0x54, 0x57, 0x57, 0x57, 0x57, 0x59, 0x59, 0x59, 0x5e, 0x63, 0x66, 0x6c, 0x73, 0x78, 0x05, 0x04, 0x6c, 0x6e, 0x0e, 0x27, 0x3e, 0xbe, 0xc1, 0xc1, 0xc1, 0xc1, 0xc1, 0xc1, 0xc1, 0xc1, 0xc1, 0xc1, 0xc1, 0xbe, 0xba, 0xb7, 0xb5, 0xb7, 0xbc, 0xb5, 0xbe, 0xc1, 0xc1, 0xc1, 0xc1, 0xc1, 0xc1, 0xc1, 0xc1, 0xc1, 0xc1, 0xc1, 0xc1, 0xc0, 0xbd, 0xbc, 0xbc, 0xba, 0xb7, 0xb7, 0xd0, 0xcd, 0xcd, 0xd3, 0xce, 0xd4, 0xd4, 0xd4, 0xd4, 0xd4, 0xd4, 0xd4, 0xd0, 0xd1, 0xd3, 0xac, 0xcd, 0xd4, 0xd4, 0xd4, 0xcd, 0x98, 0xa0, 0xc9, 0xd3, 0xcc, 0xcd, 0xd3, 0xcc, 0x87, 0xc6, 0x7a, 0x77, 0x97, 0x83, 0x89, 0xca, 0xca, 0xc9, 0x87, 0xcb, 0xcd, 0xc8, 0x7a, 0x7c, 0x8e, 0x93, 0xcb, 0xd3, 0x7e, 0x62, 0x7e, 0x9c, 0xd3, 0xb0, 0xb7, 0xb5, 0xcb, 0xcb, 0xd3, 0xd1, 0xb0, 0xb0, 0xd1, 0xb5, 0xb5, 0xb5, 0xb5, 0xd0, 0xd4, 0xb0, 0xa8, 0xc8, 0xcd, 0xcb, 0xaf, 0xd3, 0xcb, 0xcc, 0xd3, 0xd3, 0xd4, 0xd0, 0xd0, 0xd0, 0xb0, 0xb6, 0xb5, 0xd3, 0xa8, 0xa8, 0xa8, 0xa8, 0xa8, 0xa8, 0xa5, 0xa3, 0xa3, 0xa1, 0x92, 0x8a, 0x8a, 0x8b, 0x89, 0x93, 0x90, 0x90, 0x90, 0x90, 0x89, 0x83, 0x83, 0x83, 0x86, 0x89, 0x89, 0x93, 0x91, 0x97, 0x97, 0x97, 0x97, 0x99, 0x99, 0x97, 0x97, 0x93, 0x90, 0x90, 0x89, 0x89, 0x89, 0x89, 0x89, 0x83, 0x83, 0x83, 0x84, 0x86, 0x89, 0x83, 0x86, 0x83, 0x83, 0x83, 0x83, 0x89, 0x90, 0x90, 0x89, 0x89, 0x89, 0x89, 0x89, 0x86, 0x83, 0x83, 0x83, 0x83, 0x86, 0x83, 0x83, 0x83, 0x83, 0x83, 0x83, 0x83, 0x8b, 0x86, 0x83, 0x83, 0x89, 0x83, 0x7e, 0x7e, 0x83, 0x83, 0x83, 0x81, 0x83, 0x83, 0x83, 0x83, 0x81, 0x83, 0x83, 0x81, 0x83, 0x83, 0x86, 0x83, 0x83, 0x83, 0x83, 0x83, 0x83, 0x83, 0x81, 0x83, 0x83, 0x89, 0x90, 0x93, 0x8c, 
  0xa3, 0xa3, 0xa3, 0xa3, 0xa3, 0xa3, 0xa3, 0xa5, 0xa5, 0xa3, 0xa5, 0xa5, 0xa5, 0xa5, 0xa5, 0xa3, 0xa3, 0xa3, 0xa3, 0xa0, 0xa3, 0xa3, 0xa3, 0xa3, 0xa3, 0xa3, 0xa3, 0xa0, 0xa0, 0xa3, 0xa3, 0xa3, 0xa5, 0xa5, 0xa5, 0xa5, 0xa5, 0xa5, 0xa3, 0xa3, 0xa3, 0xa3, 0xa3, 0xa0, 0xa3, 0xa0, 0xa0, 0xa3, 0xa0, 0xa3, 0xa3, 0xa3, 0xa0, 0xa3, 0xa3, 0xa3, 0xa5, 0xa5, 0xa3, 0xa3, 0xa5, 0xa5, 0xa3, 0xa3, 0xa5, 0xa5, 0xa3, 0xa3, 0xa3, 0xa3, 0xa5, 0xa5, 0xa5, 0xa8, 0xa8, 0xa5, 0xa5, 0xa8, 0xa5, 0xa5, 0xa5, 0xa5, 0xa5, 0xa5, 0xa8, 0xa8, 0xa8, 0xa5, 0xa5, 0xa8, 0xa8, 0xa2, 0x8f, 0x7d, 0x78, 0x71, 0x6c, 0x6c, 0x66, 0x63, 0x5e, 0x59, 0x59, 0x57, 0x57, 0x54, 0x54, 0x57, 0x57, 0x57, 0x57, 0x59, 0x5c, 0x61, 0x5e, 0x63, 0x68, 0x6c, 0x73, 0x78, 0x05, 0x03, 0x6c, 0x6e, 0x7f, 0x9b, 0x41, 0xbe, 0xc1, 0xc1, 0xc1, 0xc1, 0xc1, 0xc1, 0xc1, 0xc1, 0xc1, 0xc1, 0xc1, 0xc0, 0xbe, 0xb9, 0xd2, 0xb7, 0xbc, 0xbf, 0xc1, 0xc1, 0xc1, 0xc1, 0xc1, 0xc1, 0xc1, 0xc1, 0xc1, 0xc1, 0xc1, 0xc1, 0xc1, 0xc0, 0xbd, 0xbc, 0xbc, 0xba, 0xb7, 0xb7, 0xb7, 0xd4, 0xcc, 0xd3, 0xd3, 0xd3, 0xd4, 0xac, 0xac, 0xae, 0xac, 0xaa, 0xd4, 0xd0, 0xd0, 0xcb, 0xb0, 0xaf, 0xcd, 0xca, 0xcd, 0xd4, 0xd3, 0xc9, 0xcb, 0xc8, 0xcc, 0xd3, 0xd3, 0xcd, 0x9e, 0x8e, 0xc8, 0x81, 0x6d, 0x77, 0xc6, 0xc6, 0x98, 0xc6, 0x7b, 0xca, 0xcb, 0x87, 0x87, 0xc7, 0xd3, 0xce, 0x97, 0x62, 0x6d, 0x97, 0xa5, 0xaf, 0xb5, 0xb7, 0xb3, 0xd0, 0xaf, 0xcc, 0xb0, 0xb0, 0xd4, 0xcd, 0xb0, 0xd1, 0xd1, 0xd1, 0xb5, 0xb0, 0xaf, 0xb0, 0xd4, 0xa5, 0x8e, 0xcb, 0xd4, 0xcd, 0xcc, 0xd3, 0xd3, 0xd4, 0xd0, 0xb0, 0xb0, 0xd0, 0xb0, 0xd1, 0xcf, 0xa8, 0xa8, 0xa8, 0xa5, 0xa8, 0xa8, 0xa3, 0x9f, 0x9a, 0x1c, 0x12, 0x0d, 0x09, 0x08, 0x09, 0x15, 0x8a, 0x90, 0x89, 0x91, 0x89, 0x86, 0x83, 0x83, 0x89, 0x90, 0x90, 0x97, 0x97, 0x97, 0x97, 0x9c, 0x9c, 0x99, 0x99, 0x93, 0x93, 0x90, 0x89, 0x8b, 0x8c, 0x89, 0x89, 0x89, 0x89, 0x86, 0x83, 0x83, 0x86, 0x83, 0x83, 0x81, 0x83, 0x83, 0x83, 0x83, 0x86, 0x89, 0x8c, 0x90, 0x90, 0x89, 0x83, 0x89, 0x89, 0x86, 0x84, 0x89, 0x83, 0x83, 0x86, 0x7e, 0x7e, 0x86, 0x89, 0x86, 0x83, 0x83, 0x89, 0x86, 0x83, 0x83, 0x83, 0x83, 0x83, 0x81, 0x83, 0x83, 0x83, 0x81, 0x81, 0x81, 0x7e, 0x83, 0x81, 0x83, 0x83, 0x81, 0x83, 0x81, 0x81, 0x81, 0x81, 0x83, 0x83, 0x81, 0x83, 0x83, 0x81, 0x83, 0x83, 0x83, 0x86, 0x91, 0x90, 
  0xa3, 0xa5, 0xa5, 0xa5, 0xa5, 0xa5, 0xa3, 0xa5, 0xa8, 0xa5, 0xa5, 0xa3, 0xa5, 0xa5, 0xa5, 0xa3, 0xa3, 0xa3, 0xa3, 0xa0, 0xa3, 0xa3, 0xa3, 0xa3, 0xa3, 0xa3, 0xa3, 0xa3, 0xa3, 0xa3, 0xa3, 0xa3, 0xa3, 0xa3, 0xa3, 0xa3, 0xa5, 0xa5, 0xa3, 0xa3, 0xa3, 0xa3, 0xa3, 0xa0, 0xa0, 0xa3, 0xa3, 0xa3, 0xa0, 0xa3, 0xa3, 0xa3, 0xa3, 0xa3, 0xa3, 0xa3, 0xa3, 0xa3, 0xa3, 0xa3, 0xa5, 0xa3, 0xa3, 0xa3, 0xa3, 0xa5, 0xa3, 0xa3, 0xa3, 0xa5, 0xa5, 0xa5, 0xa5, 0xa5, 0xa5, 0xa5, 0xa5, 0xa8, 0xa5, 0xa5, 0xa5, 0xa5, 0xa8, 0xa5, 0xa5, 0xa8, 0xa8, 0xa8, 0xa8, 0xa8, 0xa8, 0xa2, 0x94, 0x82, 0x78, 0x73, 0x73, 0x04, 0x6c, 0x63, 0x5e, 0x59, 0x57, 0x57, 0x54, 0x54, 0x54, 0x54, 0x57, 0x57, 0x57, 0x59, 0x59, 0x5e, 0x5e, 0x63, 0x66, 0x6c, 0x73, 0x04, 0x08, 0x03, 0x6e, 0x01, 0x79, 0x94, 0xb2, 0xbe, 0xc1, 0xc1, 0xc1, 0xc1, 0xc1, 0xc1, 0xc1, 0xc1, 0xc1, 0xc0, 0xbf, 0xc0, 0xbf, 0xba, 0xb7, 0xb5, 0xb7, 0xbe, 0xc1, 0xc1, 0xc1, 0xc1, 0xc1, 0xc1, 0xc0, 0xc0, 0xc1, 0xc1, 0xc1, 0xc1, 0xbf, 0xbd, 0xbc, 0xbc, 0xbc, 0xba, 0xb7, 0xb7, 0xb5, 0xb0, 0xcb, 0xcc, 0xd3, 0xac, 0x3b, 0xa9, 0x33, 0x3e, 0x3b, 0xa9, 0xae, 0xd4, 0xd0, 0xd3, 0xb0, 0xd4, 0xd4, 0xd3, 0xce, 0xcd, 0xcd, 0xcc, 0xd3, 0xca, 0xc8, 0xcb, 0xcd, 0xcd, 0xcb, 0xc9, 0xc9, 0x98, 0x77, 0x70, 0x76, 0x6d, 0x76, 0x7a, 0x55, 0x77, 0xcb, 0x97, 0x89, 0x98, 0xd3, 0xcb, 0x6d, 0x58, 0x7c, 0xa0, 0xd3, 0xb0, 0xb5, 0xb5, 0xb5, 0xd4, 0xb0, 0xd3, 0xb0, 0xb0, 0xd4, 0xd3, 0xd4, 0xd4, 0xd3, 0xd4, 0xb0, 0xb0, 0xd3, 0xd4, 0xb0, 0xa8, 0xc8, 0xcb, 0xcb, 0xd3, 0xcc, 0xcd, 0xd3, 0xd3, 0xd4, 0xb0, 0xb0, 0xd0, 0xd0, 0xd0, 0xb5, 0xaf, 0xa8, 0xa8, 0xa8, 0xa8, 0xa5, 0x9f, 0x94, 0x16, 0x0b, 0x08, 0x04, 0x04, 0x71, 0x71, 0x04, 0x08, 0x0e, 0x85, 0x92, 0x89, 0x86, 0x89, 0x89, 0x8c, 0x90, 0x93, 0x9c, 0x9c, 0x9c, 0x9c, 0xa0, 0x9c, 0x99, 0x97, 0x93, 0x90, 0x8c, 0x89, 0x89, 0x89, 0x89, 0x89, 0x89, 0x89, 0x89, 0x83, 0x83, 0x86, 0x83, 0x83, 0x83, 0x84, 0x86, 0x83, 0x83, 0x86, 0x89, 0x86, 0x89, 0x8c, 0x81, 0x7e, 0x83, 0x8c, 0x89, 0x89, 0x86, 0x83, 0x83, 0x86, 0x84, 0x81, 0x81, 0x83, 0x83, 0x89, 0x83, 0x83, 0x83, 0x83, 0x83, 0x83, 0x7e, 0x7e, 0x83, 0x83, 0x83, 0x83, 0x83, 0x7e, 0x7e, 0x81, 0x83, 0x83, 0x83, 0x81, 0x81, 0x83, 0x83, 0x83, 0x83, 0x83, 0x83, 0x81, 0x81, 0x83, 0x7e, 0x81, 0x7e, 0x81, 0x7e, 0x83, 0x89, 0x90, 
  0xa5, 0xa5, 0xa5, 0xa3, 0xa3, 0xa5, 0xa3, 0xa5, 0xa5, 0xa5, 0xa5, 0xa5, 0xa5, 0xa3, 0xa3, 0xa3, 0xa3, 0xa3, 0xa0, 0xa3, 0xa5, 0xa3, 0xa3, 0xa3, 0xa3, 0xa3, 0xa5, 0xa3, 0xa3, 0xa3, 0xa3, 0xa3, 0xa3, 0xa3, 0xa3, 0xa3, 0xa3, 0xa3, 0xa3, 0xa5, 0xa3, 0xa3, 0xa3, 0xa0, 0xa3, 0xa3, 0xa3, 0xa3, 0xa0, 0xa3, 0xa0, 0xa3, 0xa3, 0xa3, 0xa3, 0xa3, 0xa3, 0xa3, 0xa3, 0xa3, 0xa3, 0xa3, 0xa3, 0xa5, 0xa5, 0xa5, 0xa5, 0xa5, 0xa5, 0xa5, 0xa8, 0xa5, 0xa5, 0xa5, 0xa5, 0xa5, 0xa5, 0xa8, 0xa5, 0xa5, 0xa5, 0xa5, 0xa5, 0xa5, 0xa5, 0xa8, 0xa5, 0xa5, 0xa8, 0xa8, 0xa8, 0xa5, 0x9f, 0x88, 0x78, 0x73, 0x73, 0x6c, 0x00, 0x61, 0x5c, 0x59, 0x57, 0x54, 0x54, 0x54, 0x54, 0x54, 0x57, 0x57, 0x57, 0x59, 0x59, 0x5e, 0x61, 0x63, 0x66, 0x6c, 0x71, 0x04, 0x08, 0x05, 0x02, 0x6e, 0x74, 0x92, 0xb2, 0xbe, 0xc1, 0xc1, 0xc1, 0xc1, 0xc1, 0xc1, 0xc1, 0xc1, 0xc1, 0xc1, 0xc0, 0xc1, 0xc0, 0xbc, 0xb7, 0xb5, 0xb7, 0xba, 0xc0, 0xc1, 0xc1, 0xc1, 0xc1, 0xc1, 0xbe, 0xbc, 0xbf, 0xc1, 0xc1, 0xc1, 0xbd, 0xb8, 0xba, 0xba, 0xba, 0xba, 0xb7, 0xb7, 0xb5, 0xb5, 0xd4, 0xcd, 0xd3, 0x33, 0x3a, 0xae, 0x33, 0x3c, 0x39, 0x3b, 0x3e, 0xaf, 0xd4, 0xb0, 0xb0, 0xcd, 0xcb, 0xd3, 0xd4, 0xd4, 0xd4, 0xca, 0xd4, 0xd3, 0xd4, 0xcd, 0x98, 0xcb, 0xcb, 0x9e, 0x97, 0xc9, 0x8e, 0x7b, 0x65, 0x76, 0x70, 0x62, 0x6d, 0x86, 0xc8, 0xca, 0xcd, 0xcd, 0xcd, 0x83, 0x55, 0x62, 0x8c, 0xa3, 0xac, 0xb0, 0xd0, 0xd4, 0xb0, 0xb0, 0xb0, 0xd3, 0xd4, 0xcf, 0xcf, 0xb0, 0xb0, 0xb0, 0xb0, 0xaf, 0xaf, 0xd3, 0xd4, 0xb0, 0xb3, 0xd4, 0xd3, 0xaf, 0xcc, 0xcb, 0xcb, 0xcb, 0xcc, 0xd3, 0xd3, 0xd4, 0xb0, 0xb0, 0xb0, 0xd4, 0xb0, 0xb7, 0xad, 0xa8, 0xa8, 0xa8, 0x2a, 0x21, 0x1a, 0x0f, 0x08, 0x04, 0x73, 0x6c, 0x66, 0x6c, 0x71, 0x71, 0x08, 0x0c, 0x82, 0x8a, 0x84, 0x89, 0x8c, 0x90, 0x91, 0x97, 0x9c, 0xa0, 0x9c, 0xa0, 0xa0, 0x9c, 0x97, 0x93, 0x90, 0x89, 0x89, 0x89, 0x89, 0x8c, 0x8c, 0x8c, 0x89, 0x89, 0x8c, 0x83, 0x86, 0x83, 0x83, 0x81, 0x81, 0x86, 0x86, 0x83, 0x83, 0x86, 0x84, 0x83, 0x83, 0x83, 0x83, 0x86, 0x86, 0x89, 0x89, 0x89, 0x83, 0x86, 0x89, 0x86, 0x89, 0x89, 0x83, 0x83, 0x83, 0x8c, 0x89, 0x89, 0x83, 0x86, 0x83, 0x83, 0x83, 0x83, 0x83, 0x86, 0x83, 0x83, 0x83, 0x81, 0x83, 0x83, 0x7e, 0x7e, 0x81, 0x81, 0x83, 0x83, 0x86, 0x89, 0x86, 0x83, 0x83, 0x81, 0x83, 0x83, 0x83, 0x83, 0x83, 0x81, 0x7e, 0x81, 0x84, 0x90, 
  0xa3, 0xa3, 0xa3, 0xa5, 0xa5, 0xa5, 0xa3, 0xa3, 0xa5, 0xa3, 0xa3, 0xa5, 0xa5, 0xa5, 0xa3, 0xa3, 0xa3, 0xa3, 0xa0, 0xa0, 0xa3, 0xa3, 0xa3, 0xa3, 0xa3, 0xa5, 0xa3, 0xa3, 0xa3, 0xa3, 0xa3, 0xa3, 0xa3, 0xa3, 0xa3, 0xa5, 0xa3, 0xa3, 0xa3, 0xa3, 0xa3, 0xa3, 0xa3, 0xa0, 0xa3, 0xa3, 0xa3, 0xa0, 0xa3, 0xa3, 0xa3, 0xa3, 0xa3, 0xa3, 0xa0, 0xa0, 0xa3, 0xa0, 0xa3, 0xa5, 0xa3, 0xa3, 0xa3, 0xa3, 0xa3, 0xa5, 0xa5, 0xa5, 0xa8, 0xa8, 0xa5, 0xa5, 0xa5, 0xa5, 0xa5, 0xa5, 0xa5, 0xa5, 0xa5, 0xa5, 0xa5, 0xa8, 0xa8, 0xa5, 0xa5, 0xa5, 0xa5, 0xa5, 0xa8, 0xa8, 0xa8, 0xa8, 0xa0, 0x8a, 0x78, 0x71, 0x6c, 0x66, 0x63, 0x61, 0x59, 0x57, 0x54, 0x57, 0x54, 0x54, 0x54, 0x57, 0x57, 0x57, 0x57, 0x59, 0x59, 0x5c, 0x61, 0x63, 0x66, 0x6c, 0x6c, 0x03, 0x08, 0x78, 0x02, 0x68, 0x02, 0x85, 0xae, 0xbe, 0xc1, 0xc1, 0xc1, 0xc1, 0xc0, 0xc1, 0xc1, 0xc1, 0xc1, 0xc1, 0xc1, 0xc1, 0xc0, 0xbe, 0xba, 0xb7, 0xb5, 0xb7, 0xbe, 0xc1, 0xc1, 0xc1, 0xc1, 0xc1, 0xbf, 0xbd, 0xbf, 0xc1, 0xc1, 0xc1, 0xbe, 0xba, 0xb8, 0xba, 0xb9, 0xb7, 0xb7, 0xb9, 0xb7, 0xb7, 0xb0, 0xcd, 0xcc, 0xaa, 0x33, 0x33, 0x2c, 0x31, 0x33, 0x3a, 0xab, 0xa7, 0xd4, 0xd0, 0xb0, 0xb0, 0xd4, 0xd3, 0xd4, 0xb0, 0xd4, 0xd3, 0xd3, 0xcb, 0xd4, 0xca, 0xcb, 0xcd, 0x98, 0x87, 0xca, 0xcd, 0xca, 0x87, 0x77, 0x7b, 0x5f, 0x58, 0x7b, 0x8c, 0x98, 0xa3, 0xd3, 0xd3, 0x9c, 0x5b, 0x56, 0x7e, 0x97, 0xa5, 0xaf, 0xb0, 0xa3, 0xca, 0xac, 0xd1, 0xce, 0xcb, 0xd3, 0xd0, 0xb0, 0xb0, 0xb0, 0xb5, 0xd0, 0xce, 0xd4, 0xcb, 0xcc, 0xb0, 0xb0, 0xd0, 0xd3, 0xd0, 0xd4, 0xd3, 0xcd, 0xcb, 0xca, 0xcb, 0xcd, 0xd3, 0xd4, 0xb0, 0xaf, 0xae, 0xd4, 0xb5, 0xb4, 0xac, 0xa8, 0x2c, 0x24, 0x1d, 0x14, 0x0c, 0x08, 0x04, 0x71, 0x6c, 0x66, 0x00, 0x6c, 0x6c, 0x04, 0x06, 0x0b, 0x82, 0x8a, 0x8b, 0x90, 0x90, 0x93, 0x93, 0x99, 0x9c, 0xa0, 0x9c, 0x9c, 0x99, 0x93, 0x90, 0x8c, 0x89, 0x86, 0x89, 0x89, 0x89, 0x8c, 0x89, 0x86, 0x83, 0x86, 0x86, 0x83, 0x81, 0x81, 0x81, 0x81, 0x83, 0x83, 0x83, 0x86, 0x83, 0x83, 0x83, 0x83, 0x83, 0x86, 0x89, 0x83, 0x84, 0x86, 0x83, 0x83, 0x86, 0x89, 0x89, 0x89, 0x89, 0x86, 0x83, 0x83, 0x89, 0x89, 0x93, 0x90, 0x89, 0x89, 0x83, 0x83, 0x83, 0x83, 0x83, 0x83, 0x83, 0x83, 0x83, 0x86, 0x83, 0x81, 0x7e, 0x83, 0x81, 0x83, 0x83, 0x83, 0x83, 0x86, 0x83, 0x81, 0x81, 0x81, 0x83, 0x83, 0x81, 0x81, 0x83, 0x7e, 0x81, 0x83, 0x8c, 
  0xa3, 0xa3, 0xa3, 0xa5, 0xa5, 0xa3, 0xa3, 0xa3, 0xa3, 0xa3, 0xa3, 0xa3, 0xa3, 0xa5, 0xa5, 0xa3, 0xa3, 0xa0, 0xa3, 0xa3, 0xa0, 0xa3, 0xa3, 0xa3, 0xa3, 0xa3, 0xa3, 0xa3, 0xa3, 0xa5, 0xa5, 0xa3, 0xa3, 0xa3, 0xa3, 0xa3, 0xa3, 0xa3, 0xa3, 0xa3, 0xa0, 0xa3, 0xa3, 0xa3, 0xa3, 0xa3, 0xa3, 0xa3, 0xa3, 0xa3, 0xa3, 0xa3, 0xa5, 0xa3, 0xa3, 0xa3, 0xa3, 0xa3, 0xa3, 0xa5, 0xa3, 0xa3, 0xa3, 0xa3, 0xa5, 0xa5, 0xa5, 0xa5, 0xa5, 0xa5, 0xa5, 0xa5, 0xa5, 0xa5, 0xa5, 0xa5, 0xa5, 0xa8, 0xa5, 0xa5, 0xa8, 0xa8, 0xa8, 0xa8, 0xa5, 0xa5, 0xa5, 0xa8, 0xa8, 0xa5, 0xa8, 0xa8, 0xa1, 0x8a, 0x08, 0x73, 0x6c, 0x66, 0x63, 0x5e, 0x59, 0x57, 0x57, 0x57, 0x54, 0x54, 0x54, 0x57, 0x57, 0x57, 0x57, 0x57, 0x59, 0x61, 0x63, 0x63, 0x00, 0x6c, 0x6f, 0x71, 0x08, 0x7d, 0x74, 0x6e, 0x6e, 0x7f, 0xa9, 0xbe, 0xc1, 0xc1, 0xc1, 0xc1, 0xc1, 0xc1, 0xc1, 0xc1, 0xc1, 0xc1, 0xc1, 0xc1, 0xc1, 0xc1, 0xbd, 0xb7, 0xb5, 0xb5, 0xb8, 0xc1, 0xc1, 0xc1, 0xc1, 0xc1, 0xc1, 0xc1, 0xc1, 0xc1, 0xc1, 0xc1, 0xc1, 0xbc, 0xb7, 0xb5, 0xb5, 0xb5, 0xb8, 0xb7, 0xb7, 0xb7, 0xb5, 0xd4, 0xcb, 0xcd, 0xa6, 0xae, 0xae, 0xae, 0x33, 0x31, 0xae, 0x33, 0xac, 0xd0, 0xb0, 0xb5, 0xd2, 0xd2, 0xb5, 0xaf, 0xd3, 0xce, 0xb0, 0xd0, 0xcc, 0x98, 0xc9, 0xa0, 0xca, 0x87, 0x98, 0xcd, 0xcb, 0xcb, 0xc9, 0xc5, 0x64, 0x62, 0x64, 0x65, 0xc5, 0x97, 0xcb, 0xa3, 0x7a, 0x53, 0x65, 0x89, 0xa0, 0xce, 0xd4, 0xca, 0x97, 0xca, 0xcd, 0xd4, 0xd4, 0xd4, 0xd0, 0xb0, 0xb0, 0xb0, 0xd3, 0xce, 0xd4, 0xcb, 0xd3, 0xd4, 0xd4, 0xd1, 0xd1, 0xb5, 0xcd, 0xd4, 0xb0, 0xd0, 0xce, 0xcb, 0xc9, 0xca, 0xcc, 0xd3, 0xd3, 0xd4, 0xae, 0x3b, 0x3b, 0xb3, 0xb7, 0xb5, 0xa7, 0x28, 0x20, 0x1a, 0x14, 0x0b, 0x06, 0x04, 0x04, 0x6c, 0x6c, 0x66, 0x00, 0x6c, 0x04, 0x06, 0x0b, 0x0f, 0x18, 0x92, 0x93, 0x97, 0x99, 0x99, 0x9c, 0x9c, 0x9c, 0x99, 0x97, 0x93, 0x8c, 0x89, 0x89, 0x86, 0x83, 0x86, 0x86, 0x86, 0x89, 0x89, 0x86, 0x84, 0x86, 0x84, 0x89, 0x83, 0x83, 0x83, 0x83, 0x83, 0x83, 0x83, 0x86, 0x83, 0x83, 0x83, 0x86, 0x84, 0x83, 0x89, 0x83, 0x86, 0x83, 0x83, 0x86, 0x89, 0x89, 0x89, 0x86, 0x84, 0x83, 0x83, 0x83, 0x89, 0x8c, 0x99, 0x99, 0x91, 0x89, 0x86, 0x83, 0x86, 0x83, 0x83, 0x83, 0x83, 0x83, 0x83, 0x83, 0x83, 0x83, 0x7e, 0x83, 0x81, 0x83, 0x81, 0x83, 0x81, 0x83, 0x83, 0x81, 0x83, 0x83, 0x86, 0x83, 0x7e, 0x7e, 0x83, 0x83, 0x81, 0x83, 0x83, 
  0xa5, 0xa3, 0xa3, 0xa5, 0xa5, 0xa3, 0xa5, 0xa3, 0xa0, 0xa3, 0xa3, 0xa3, 0xa3, 0xa3, 0xa3, 0xa3, 0xa0, 0xa0, 0xa0, 0xa0, 0xa0, 0xa3, 0xa3, 0xa3, 0xa0, 0xa3, 0xa0, 0xa0, 0xa3, 0xa8, 0xa8, 0xa5, 0xa3, 0xa3, 0xa3, 0xa3, 0xa3, 0xa3, 0xa3, 0xa3, 0xa3, 0xa3, 0xa3, 0xa3, 0xa3, 0xa5, 0xa3, 0xa3, 0xa3, 0xa3, 0xa3, 0xa3, 0xa3, 0xa3, 0xa3, 0xa3, 0xa3, 0xa3, 0xa5, 0xa5, 0xa3, 0xa3, 0xa3, 0xa3, 0xa5, 0xa5, 0xa5, 0xa5, 0xa5, 0xa5, 0xa5, 0xa5, 0xa5, 0xa5, 0xa8, 0xa8, 0xa5, 0xa5, 0xa5, 0xa8, 0xa8, 0xa8, 0xa8, 0xa8, 0xa8, 0xa5, 0xa8, 0xa8, 0xa8, 0xa8, 0xa8, 0xa8, 0xa1, 0x94, 0x82, 0x73, 0x6c, 0x66, 0x63, 0x5e, 0x5a, 0x57, 0x57, 0x57, 0x54, 0x54, 0x54, 0x57, 0x57, 0x57, 0x57, 0x57, 0x59, 0x5c, 0x5e, 0x63, 0x00, 0x6c, 0x6c, 0x71, 0x08, 0x0d, 0x05, 0x6e, 0x6e, 0x79, 0xa4, 0xbc, 0xc1, 0xc1, 0xc1, 0xc1, 0xc1, 0xc1, 0xc1, 0xc1, 0xc1, 0xc1, 0xc1, 0xc1, 0xc1, 0xc1, 0xbe, 0xba, 0xb7, 0xb5, 0xb7, 0xbe, 0xc1, 0xc1, 0xc0, 0xc0, 0xc1, 0xc1, 0xc1, 0xc1, 0xc1, 0xc0, 0xbe, 0xbd, 0xb7, 0xb5, 0xba, 0xd2, 0xb5, 0xb5, 0xb5, 0xb5, 0xd2, 0xb5, 0xd3, 0xcc, 0xac, 0x3a, 0x35, 0x2f, 0x31, 0x31, 0x3b, 0x3e, 0x3b, 0xcf, 0xd0, 0xb0, 0xd0, 0xb0, 0xd1, 0xb0, 0xaf, 0xd4, 0xb0, 0xcf, 0xd0, 0xd4, 0xcc, 0xa0, 0xcc, 0xca, 0xd3, 0xcb, 0xcb, 0xcb, 0xcb, 0x97, 0x7b, 0x65, 0x72, 0x6d, 0x7c, 0x8c, 0xca, 0x93, 0x58, 0x55, 0x75, 0x90, 0xa5, 0xd4, 0xa8, 0x91, 0x8e, 0x98, 0x9c, 0x9e, 0xd4, 0xd0, 0xd4, 0xd3, 0xd4, 0xce, 0xa0, 0xca, 0xa8, 0xcb, 0xd3, 0xb0, 0xd1, 0xd1, 0xb5, 0xb5, 0xb5, 0xb5, 0xb5, 0xb0, 0xd4, 0xcd, 0xca, 0x9e, 0xca, 0xcd, 0xd3, 0xd3, 0x3b, 0x41, 0x41, 0xb9, 0xb6, 0xb8, 0xae, 0x2c, 0x24, 0x1d, 0x14, 0x0b, 0x06, 0x06, 0x06, 0x04, 0x71, 0x6b, 0x6b, 0x6c, 0x71, 0x04, 0x0b, 0x0b, 0x11, 0x1c, 0x96, 0x9c, 0x9c, 0x9c, 0x9c, 0x9c, 0x99, 0x97, 0x93, 0x90, 0x8c, 0x89, 0x89, 0x89, 0x83, 0x83, 0x83, 0x83, 0x86, 0x89, 0x86, 0x86, 0x86, 0x89, 0x89, 0x83, 0x83, 0x89, 0x86, 0x86, 0x86, 0x86, 0x83, 0x83, 0x83, 0x83, 0x86, 0x86, 0x89, 0x86, 0x86, 0x83, 0x84, 0x86, 0x89, 0x89, 0x89, 0x89, 0x89, 0x89, 0x86, 0x86, 0x83, 0x89, 0x89, 0x90, 0x90, 0x90, 0x89, 0x84, 0x86, 0x89, 0x86, 0x83, 0x86, 0x86, 0x83, 0x83, 0x83, 0x83, 0x83, 0x83, 0x83, 0x7e, 0x83, 0x83, 0x83, 0x81, 0x7e, 0x81, 0x7e, 0x83, 0x86, 0x89, 0x84, 0x81, 0x7e, 0x7e, 0x83, 0x81, 0x83, 0x83, 
  0xa5, 0xa3, 0xa3, 0xa3, 0xa3, 0xa3, 0xa3, 0xa3, 0xa3, 0xa3, 0xa3, 0xa3, 0xa5, 0xa5, 0xa3, 0xa3, 0xa3, 0xa3, 0xa3, 0xa0, 0xa0, 0xa3, 0xa0, 0xa0, 0xa3, 0xa0, 0xa0, 0xa0, 0xa3, 0xa5, 0xa5, 0xa5, 0xa3, 0xa3, 0xa3, 0xa3, 0xa3, 0xa3, 0xa3, 0xa3, 0xa3, 0xa3, 0xa3, 0xa3, 0xa3, 0xa5, 0xa5, 0xa5, 0xa5, 0xa3, 0xa3, 0xa3, 0xa0, 0xa3, 0xa3, 0xa3, 0xa3, 0xa5, 0xa5, 0xa5, 0xa3, 0xa3, 0xa3, 0xa5, 0xa5, 0xa5, 0xa5, 0xa5, 0xa5, 0xa5, 0xa8, 0xa5, 0xa5, 0xa8, 0xa8, 0xa8, 0xa8, 0xa8, 0xa8, 0xa8, 0xa8, 0xa8, 0xa8, 0xa5, 0xa8, 0xa8, 0xa8, 0xa5, 0xa5, 0xa8, 0xa8, 0xa8, 0xa5, 0x9b, 0x82, 0x04, 0x6c, 0x66, 0x63, 0x5e, 0x59, 0x57, 0x57, 0x54, 0x54, 0x57, 0x57, 0x57, 0x54, 0x57, 0x57, 0x59, 0x59, 0x59, 0x59, 0x5e, 0x63, 0x68, 0x6c, 0x6c, 0x78, 0x12, 0x09, 0x02, 0x6e, 0x79, 0x9f, 0xba, 0xbf, 0xc1, 0xc1, 0xc1, 0xc1, 0xc1, 0xc1, 0xc1, 0xc1, 0xc1, 0xc1, 0xc1, 0xc1, 0xc1, 0xc1, 0xbc, 0xb7, 0xd2, 0xb5, 0xba, 0xbf, 0xc1, 0xbf, 0xbe, 0xc0, 0xc1, 0xc1, 0xc0, 0xbf, 0xbc, 0xba, 0xbc, 0xbc, 0xbc, 0xc0, 0xbe, 0xb7, 0xba, 0xba, 0xb7, 0xd2, 0xb7, 0xd0, 0xcc, 0xd3, 0x35, 0x33, 0x2f, 0x39, 0x39, 0xa9, 0x3a, 0xae, 0xd4, 0xd4, 0xb0, 0xd0, 0xd4, 0xd0, 0xb0, 0xb0, 0xb5, 0xb5, 0xb0, 0xb0, 0xb0, 0xd4, 0xd4, 0xcd, 0xcd, 0xd3, 0xcb, 0xcb, 0xcb, 0xcb, 0xca, 0x98, 0x76, 0xc6, 0x7c, 0x7a, 0x81, 0xc9, 0x7e, 0x55, 0x5d, 0x7a, 0x99, 0xcd, 0xac, 0xac, 0xc9, 0xc8, 0x8e, 0x91, 0x9e, 0xd3, 0xd3, 0xd4, 0xd4, 0xd4, 0xd4, 0xcd, 0xcd, 0xca, 0xcd, 0xb3, 0xb0, 0xb0, 0xb5, 0xb5, 0xb0, 0xb5, 0xb5, 0xb5, 0xb0, 0xd0, 0xd4, 0xcd, 0xc9, 0x9e, 0xcb, 0xcd, 0xd3, 0xaf, 0x41, 0x43, 0x4a, 0xbb, 0xb7, 0xb6, 0x35, 0x28, 0x21, 0x1a, 0x14, 0x0b, 0x06, 0x06, 0x04, 0x04, 0x71, 0x71, 0x6b, 0x6c, 0x04, 0x0b, 0x0b, 0x0b, 0x16, 0x95, 0x9c, 0x9c, 0x9c, 0x9c, 0x99, 0x99, 0x91, 0x90, 0x8c, 0x8c, 0x89, 0x86, 0x89, 0x83, 0x83, 0x83, 0x86, 0x89, 0x89, 0x89, 0x83, 0x83, 0x89, 0x86, 0x81, 0x83, 0x86, 0x84, 0x83, 0x84, 0x86, 0x83, 0x83, 0x83, 0x86, 0x89, 0x89, 0x8c, 0x83, 0x84, 0x83, 0x89, 0x89, 0x86, 0x83, 0x89, 0x89, 0x89, 0x86, 0x89, 0x8b, 0x89, 0x86, 0x89, 0x89, 0x84, 0x89, 0x86, 0x86, 0x86, 0x84, 0x86, 0x83, 0x86, 0x84, 0x83, 0x83, 0x83, 0x83, 0x83, 0x83, 0x83, 0x7e, 0x83, 0x83, 0x83, 0x83, 0x83, 0x7e, 0x81, 0x83, 0x86, 0x89, 0x86, 0x83, 0x81, 0x81, 0x7e, 0x7e, 0x81, 0x7e, 
  0xa3, 0xa3, 0xa3, 0xa3, 0xa3, 0xa3, 0xa3, 0xa3, 0xa3, 0xa3, 0xa3, 0xa3, 0xa3, 0xa3, 0xa3, 0xa3, 0xa3, 0xa0, 0xa0, 0xa0, 0xa0, 0xa0, 0xa0, 0xa0, 0xa0, 0xa0, 0xa0, 0xa0, 0xa3, 0xa3, 0xa3, 0xa3, 0xa3, 0xa3, 0xa3, 0xa3, 0xa3, 0xa3, 0xa3, 0xa3, 0xa3, 0xa3, 0xa3, 0xa3, 0xa3, 0xa3, 0xa3, 0xa3, 0xa5, 0xa5, 0xa3, 0xa3, 0xa0, 0xa3, 0xa3, 0xa3, 0xa3, 0xa3, 0xa3, 0xa3, 0xa3, 0xa5, 0xa5, 0xa5, 0xa5, 0xa5, 0xa5, 0xa5, 0xa5, 0xa5, 0xa5, 0xa5, 0xa8, 0xa8, 0xa8, 0xa8, 0xa8, 0xa8, 0xa8, 0xa8, 0xa5, 0xa5, 0xa5, 0xa5, 0xa8, 0xa8, 0xa8, 0xa8, 0xa5, 0xa5, 0xa8, 0xa8, 0xa5, 0x9f, 0x13, 0x78, 0x6c, 0x63, 0x5e, 0x5e, 0x59, 0x57, 0x57, 0x57, 0x54, 0x54, 0x54, 0x57, 0x57, 0x57, 0x59, 0x59, 0x59, 0x59, 0x59, 0x5e, 0x61, 0x68, 0x6c, 0x6c, 0x05, 0x0e, 0x7d, 0x74, 0x6e, 0x74, 0x95, 0xb6, 0xc0, 0xc1, 0xc1, 0xc1, 0xc1, 0xc1, 0xc1, 0xc1, 0xc1, 0xc1, 0xc1, 0xc1, 0xc1, 0xc1, 0xc1, 0xbe, 0xba, 0xd2, 0xb5, 0xb5, 0xbc, 0xc0, 0xbe, 0xbe, 0xbf, 0xc0, 0xbe, 0xbc, 0xbb, 0xba, 0xbc, 0xbe, 0xc1, 0xc0, 0xc1, 0xc1, 0xbe, 0xc1, 0xbe, 0xba, 0xb7, 0xb7, 0xd2, 0xd3, 0xcb, 0xce, 0x35, 0xa9, 0x3b, 0x3b, 0xa7, 0xa8, 0xd4, 0xd4, 0xd4, 0xb0, 0xb0, 0xd0, 0xd0, 0xd4, 0xb0, 0xd4, 0xd0, 0xb5, 0xb5, 0xb0, 0xd4, 0xd4, 0xd3, 0xd3, 0xd3, 0xcb, 0xcb, 0xcb, 0xca, 0xca, 0xc7, 0x87, 0xc8, 0x7c, 0x6d, 0x6d, 0xc5, 0x69, 0x55, 0x69, 0x7e, 0x9c, 0xa5, 0xac, 0xb0, 0xd4, 0xa8, 0x98, 0x98, 0xca, 0xcc, 0xd3, 0xb0, 0xb3, 0xb0, 0xd4, 0xd3, 0xd3, 0xca, 0xd3, 0xb0, 0xcf, 0xd0, 0xb0, 0xb0, 0xcd, 0xb0, 0xb0, 0xd1, 0xb0, 0xd0, 0xb0, 0xd0, 0xcc, 0xc9, 0xca, 0xcc, 0xd3, 0xd4, 0xb3, 0xb8, 0xbe, 0xbe, 0xb7, 0xb6, 0x41, 0x35, 0x2b, 0x20, 0x19, 0x0b, 0x0b, 0x06, 0x06, 0x06, 0x04, 0x71, 0x6c, 0x6c, 0x71, 0x06, 0x0b, 0x0b, 0x14, 0x94, 0x9d, 0x9c, 0x9c, 0x9c, 0x97, 0x93, 0x90, 0x89, 0x86, 0x8c, 0x89, 0x89, 0x89, 0x86, 0x83, 0x83, 0x86, 0x89, 0x89, 0x89, 0x83, 0x83, 0x89, 0x83, 0x7e, 0x81, 0x83, 0x83, 0x86, 0x89, 0x89, 0x84, 0x86, 0x89, 0x86, 0x89, 0x89, 0x89, 0x86, 0x89, 0x86, 0x83, 0x86, 0x89, 0x89, 0x89, 0x8c, 0x89, 0x83, 0x83, 0x89, 0x89, 0x89, 0x89, 0x89, 0x86, 0x89, 0x86, 0x84, 0x89, 0x89, 0x84, 0x86, 0x89, 0x86, 0x86, 0x83, 0x83, 0x83, 0x83, 0x83, 0x83, 0x83, 0x83, 0x81, 0x83, 0x83, 0x83, 0x83, 0x83, 0x81, 0x83, 0x86, 0x84, 0x86, 0x83, 0x7e, 0x7e, 0x7e, 0x81, 0x7e, 
  0xa3, 0xa3, 0xa3, 0xa3, 0xa3, 0xa3, 0xa3, 0xa3, 0xa0, 0xa0, 0xa0, 0xa3, 0xa3, 0xa3, 0xa3, 0xa3, 0xa3, 0xa0, 0xa0, 0xa0, 0xa0, 0xa3, 0xa3, 0xa0, 0xa0, 0xa0, 0xa0, 0xa3, 0xa0, 0xa3, 0xa3, 0xa3, 0xa3, 0xa3, 0xa3, 0xa0, 0xa3, 0xa3, 0xa3, 0xa3, 0xa3, 0xa3, 0xa3, 0xa3, 0xa3, 0xa3, 0xa3, 0xa3, 0xa5, 0xa5, 0xa5, 0xa3, 0xa3, 0xa3, 0xa5, 0xa5, 0xa3, 0xa3, 0xa3, 0xa3, 0xa3, 0xa5, 0xa5, 0xa5, 0xa5, 0xa5, 0xa5, 0xa5, 0xa5, 0xa5, 0xa8, 0xa5, 0xa5, 0xa8, 0xa8, 0xa8, 0xa8, 0xa8, 0xa8, 0xa8, 0xa5, 0xa5, 0xa5, 0xa8, 0xa8, 0xa5, 0xa5, 0xa5, 0xa8, 0xa8, 0xa8, 0xa8, 0xa8, 0xa1, 0x8d, 0x78, 0x6c, 0x63, 0x63, 0x5e, 0x5c, 0x59, 0x57, 0x54, 0x54, 0x54, 0x54, 0x57, 0x57, 0x57, 0x59, 0x5c, 0x59, 0x59, 0x59, 0x5c, 0x61, 0x00, 0x6c, 0x6c, 0x05, 0x0e, 0x0e, 0x78, 0x6f, 0x74, 0x8a, 0xb3, 0xbf, 0xc1, 0xc1, 0xc1, 0xc1, 0xc1, 0xc1, 0xc1, 0xc1, 0xc1, 0xc1, 0xc1, 0xc1, 0xc1, 0xc0, 0xbf, 0xbc, 0xd2, 0xb7, 0xb5, 0xb9, 0xbd, 0xbc, 0xbd, 0xbe, 0xbc, 0xba, 0xba, 0xbc, 0xbe, 0xbf, 0xc1, 0xc1, 0xc1, 0xc1, 0xc1, 0xc1, 0xc0, 0xbe, 0xbc, 0xb8, 0xb6, 0xb7, 0xd1, 0xcc, 0xcd, 0xce, 0xaa, 0xac, 0xd4, 0xce, 0xd3, 0xd4, 0xd4, 0xd4, 0xd4, 0xb0, 0xb0, 0xb0, 0xb5, 0xb5, 0xd3, 0xd4, 0xb0, 0xd0, 0xd4, 0xd4, 0xd4, 0xd4, 0xd4, 0xd3, 0xcd, 0xcc, 0xcb, 0xcb, 0xca, 0x8e, 0xc8, 0x98, 0x7b, 0x5d, 0x55, 0x56, 0x5b, 0x65, 0x6d, 0x83, 0x9c, 0xa3, 0xa5, 0xcd, 0xcb, 0xca, 0xc9, 0xc9, 0xcb, 0xa5, 0xcb, 0xd4, 0xaf, 0xd4, 0xd3, 0xcc, 0xca, 0xca, 0xd4, 0xb0, 0xb0, 0xb0, 0xb0, 0xb0, 0xd4, 0xb0, 0xb5, 0xb5, 0xd1, 0xd4, 0xd3, 0xb0, 0xb0, 0xcb, 0xc9, 0xcb, 0xd3, 0xd3, 0xd4, 0xb3, 0xbc, 0xbe, 0xbb, 0xb3, 0xb8, 0x43, 0x3d, 0x29, 0x1d, 0x14, 0x0b, 0x0b, 0x08, 0x06, 0x04, 0x71, 0x71, 0x6c, 0x71, 0x04, 0x06, 0x0b, 0x0f, 0x1a, 0x9b, 0x9c, 0x9c, 0x9c, 0x99, 0x97, 0x91, 0x8b, 0x89, 0x89, 0x89, 0x89, 0x86, 0x84, 0x86, 0x83, 0x86, 0x84, 0x89, 0x89, 0x89, 0x83, 0x83, 0x86, 0x81, 0x81, 0x83, 0x83, 0x89, 0x89, 0x89, 0x86, 0x86, 0x89, 0x89, 0x89, 0x8c, 0x89, 0x89, 0x89, 0x86, 0x83, 0x86, 0x89, 0x89, 0x89, 0x89, 0x86, 0x83, 0x86, 0x86, 0x89, 0x8c, 0x8c, 0x89, 0x89, 0x89, 0x86, 0x86, 0x86, 0x86, 0x83, 0x89, 0x8c, 0x8c, 0x89, 0x83, 0x83, 0x81, 0x86, 0x89, 0x89, 0x83, 0x83, 0x81, 0x81, 0x83, 0x83, 0x83, 0x83, 0x81, 0x81, 0x83, 0x86, 0x86, 0x7e, 0x7e, 0x7e, 0x7e, 0x7e, 0x7e, 
  0xa3, 0xa3, 0xa3, 0xa3, 0xa3, 0xa3, 0xa3, 0xa3, 0xa3, 0xa0, 0xa3, 0xa0, 0xa3, 0xa3, 0xa3, 0xa3, 0xa3, 0xa0, 0xa0, 0xa0, 0xa0, 0xa0, 0xa0, 0xa3, 0xa3, 0xa0, 0xa0, 0xa0, 0xa0, 0xa0, 0xa3, 0xa3, 0xa3, 0xa3, 0xa3, 0xa3, 0xa3, 0xcd, 0xa5, 0xa3, 0xa3, 0xa3, 0xa3, 0xa3, 0xa3, 0xa3, 0xa3, 0xa5, 0xa5, 0xa3, 0xa5, 0xa5, 0xa5, 0xa3, 0xa5, 0xa3, 0xa3, 0xa5, 0xa3, 0xa5, 0xa5, 0xa3, 0xa5, 0xa5, 0xa5, 0xa5, 0xa5, 0xa5, 0xa5, 0xa5, 0xa8, 0xa8, 0xcd, 0xa8, 0xa8, 0xa8, 0xa8, 0xa5, 0xa8, 0xa8, 0xa5, 0xa5, 0xa8, 0xa8, 0xa8, 0xa5, 0xa5, 0xa5, 0xa8, 0xa8, 0xa8, 0xa8, 0xa8, 0xa2, 0x94, 0x78, 0x6c, 0x66, 0x00, 0x5e, 0x5a, 0x59, 0x54, 0x54, 0x52, 0x54, 0x54, 0x54, 0x54, 0x54, 0x57, 0x59, 0x59, 0x59, 0x59, 0x59, 0x5e, 0x63, 0x66, 0x6c, 0x02, 0x09, 0x0e, 0x0e, 0x74, 0x74, 0x15, 0xae, 0xbe, 0xc1, 0xc1, 0xc1, 0xc1, 0xc1, 0xc1, 0xc1, 0xc1, 0xc1, 0xc1, 0xc1, 0xc1, 0xc1, 0xc1, 0xc0, 0xbe, 0xb7, 0xd2, 0xb7, 0xb5, 0xba, 0xba, 0xd2, 0xba, 0xbb, 0xbc, 0xbe, 0xc0, 0xc1, 0xc1, 0xc1, 0xc1, 0xc1, 0xc0, 0xc1, 0xc0, 0xc0, 0xbf, 0xbe, 0xba, 0xb7, 0xb9, 0xb7, 0xd4, 0xcb, 0xcd, 0xd4, 0xce, 0xd4, 0xd4, 0xd4, 0xd4, 0xd4, 0xce, 0xd4, 0xd4, 0xd0, 0xb0, 0xb0, 0xb5, 0xb0, 0xb5, 0xd1, 0xd4, 0xd4, 0xb0, 0xd4, 0xcd, 0xa8, 0xd4, 0xd3, 0xd3, 0xcc, 0xcc, 0xcb, 0xca, 0xca, 0x9e, 0x7c, 0xc4, 0x4e, 0xc3, 0x56, 0x6d, 0x72, 0x83, 0x93, 0x90, 0x91, 0x9c, 0x86, 0x7e, 0x87, 0xc5, 0xd3, 0xd3, 0xcd, 0xd4, 0xd0, 0xd4, 0xd4, 0xd4, 0xcd, 0xcd, 0xd4, 0xd0, 0xd4, 0xb0, 0xb0, 0xb0, 0xb5, 0xb5, 0xb5, 0xb5, 0xb5, 0xd4, 0xcc, 0xb0, 0xb7, 0xd4, 0xcb, 0xca, 0xcc, 0xd3, 0xce, 0xd4, 0xb7, 0xbc, 0xbe, 0xb7, 0xb5, 0xb8, 0x43, 0x39, 0x23, 0x1a, 0x0f, 0x0b, 0x08, 0x06, 0x04, 0x04, 0x71, 0x71, 0x06, 0x06, 0x0b, 0x0b, 0x0b, 0x16, 0x95, 0xa0, 0xa0, 0xa0, 0x9c, 0x9c, 0x99, 0x93, 0x91, 0x90, 0x90, 0x89, 0x86, 0x89, 0x89, 0x83, 0x83, 0x86, 0x86, 0x89, 0x86, 0x89, 0x89, 0x89, 0x83, 0x83, 0x83, 0x83, 0x86, 0x86, 0x86, 0x84, 0x86, 0x89, 0x8c, 0x86, 0x89, 0x89, 0x83, 0x89, 0x83, 0x83, 0x86, 0x83, 0x83, 0x86, 0x84, 0x86, 0x89, 0x8b, 0x89, 0x89, 0x89, 0x89, 0x89, 0x89, 0x89, 0x89, 0x83, 0x83, 0x81, 0x83, 0x83, 0x89, 0x89, 0x86, 0x83, 0x86, 0x83, 0x89, 0x90, 0x86, 0x83, 0x83, 0x81, 0x83, 0x86, 0x83, 0x83, 0x81, 0x81, 0x83, 0x83, 0x84, 0x86, 0x83, 0x83, 0x7e, 0x7e, 0x7e, 0x7e, 
  0xa3, 0xa0, 0xa0, 0xa3, 0xa3, 0xa3, 0xa3, 0xa3, 0xa0, 0xa0, 0xa0, 0xa0, 0xa3, 0xa3, 0xa3, 0xa3, 0xa0, 0xa3, 0xa3, 0xa0, 0xa0, 0xa0, 0xa3, 0xa3, 0xa3, 0xa0, 0xa0, 0xa3, 0xa0, 0xa0, 0xa0, 0xa3, 0xa3, 0xa3, 0xa3, 0xa5, 0xa5, 0xa5, 0xa5, 0xa3, 0xa3, 0xa3, 0xa3, 0xa3, 0xa3, 0xa3, 0xa3, 0xa3, 0xa5, 0xa5, 0xa5, 0xa5, 0xa5, 0xa5, 0xa5, 0xa5, 0xa5, 0xa5, 0xa5, 0xa5, 0xa3, 0xa3, 0xa3, 0xa5, 0xa5, 0xa5, 0xa5, 0xa5, 0xa3, 0xa5, 0xa5, 0xa5, 0xa8, 0xa8, 0xa5, 0xa5, 0xa5, 0xa8, 0xa8, 0xa8, 0xa8, 0xa8, 0xa8, 0xa8, 0xa5, 0xa8, 0xa5, 0xa8, 0xa8, 0xa8, 0xa8, 0xa8, 0xa8, 0xa3, 0x95, 0x09, 0x02, 0x6c, 0x00, 0x63, 0x5a, 0x57, 0x54, 0x54, 0x52, 0x54, 0x54, 0x54, 0x54, 0x57, 0x54, 0x57, 0x59, 0x5c, 0x5c, 0x5e, 0x63, 0x63, 0x00, 0x66, 0x6c, 0x74, 0x7f, 0x0e, 0x05, 0x74, 0x0e, 0xa6, 0x4a, 0xc1, 0xc1, 0xc0, 0xbf, 0xc1, 0xc1, 0xc1, 0xc1, 0xc1, 0xc1, 0xc1, 0xc1, 0xc1, 0xc1, 0xc0, 0xbf, 0xbd, 0xb7, 0xb5, 0xb5, 0xb7, 0xbc, 0xbb, 0xbd, 0xbf, 0xc0, 0xc0, 0xc1, 0xc1, 0xc1, 0xc1, 0xc1, 0xc1, 0xc1, 0xc1, 0xc1, 0xc0, 0xbd, 0xba, 0xba, 0xba, 0xd2, 0xb7, 0xb9, 0xd3, 0xcc, 0xd3, 0xd3, 0xce, 0xd4, 0xd3, 0xd4, 0xd4, 0xd4, 0xd4, 0xd3, 0xd4, 0xb3, 0xd1, 0xd3, 0xcd, 0xd1, 0xb0, 0xb5, 0xb5, 0xb5, 0xb0, 0xd4, 0xcc, 0xce, 0xce, 0xcd, 0xcd, 0x9e, 0xc7, 0x8e, 0xc8, 0x89, 0x64, 0x55, 0x53, 0x53, 0xc3, 0x62, 0x6d, 0x75, 0x6d, 0x69, 0x77, 0x97, 0x83, 0x65, 0xc6, 0x90, 0xd3, 0xaf, 0xd3, 0xd4, 0xd4, 0xd0, 0xb0, 0xb0, 0xd4, 0xd4, 0xd4, 0xd4, 0xd3, 0xd3, 0xd4, 0xd4, 0xd0, 0xd4, 0xb0, 0xb0, 0xb0, 0xd3, 0xd3, 0xb5, 0xd2, 0xb0, 0xd3, 0xcb, 0xca, 0xcd, 0xd3, 0xd4, 0xb0, 0xb7, 0xba, 0xd2, 0xb3, 0xb6, 0x48, 0x43, 0x31, 0x1f, 0x14, 0x0b, 0x0b, 0x06, 0x04, 0x04, 0x06, 0x08, 0x06, 0x0a, 0x0b, 0x0b, 0x0f, 0x16, 0x9a, 0xa1, 0x9c, 0xa0, 0x9c, 0x9c, 0x9c, 0x9c, 0x99, 0x93, 0x93, 0x90, 0x89, 0x89, 0x83, 0x83, 0x83, 0x89, 0x89, 0x86, 0x84, 0x86, 0x86, 0x83, 0x83, 0x83, 0x83, 0x83, 0x83, 0x83, 0x86, 0x86, 0x86, 0x89, 0x90, 0x89, 0x86, 0x89, 0x86, 0x81, 0x83, 0x89, 0x89, 0x86, 0x83, 0x86, 0x89, 0x89, 0x89, 0x89, 0x89, 0x86, 0x89, 0x89, 0x8c, 0x89, 0x89, 0x89, 0x8c, 0x89, 0x83, 0x83, 0x83, 0x86, 0x89, 0x83, 0x89, 0x89, 0x89, 0x8c, 0x89, 0x89, 0x81, 0x81, 0x83, 0x83, 0x83, 0x83, 0x81, 0x7e, 0x83, 0x86, 0x83, 0x83, 0x86, 0x83, 0x86, 0x83, 0x83, 0x7e, 0x7a, 
  0xa3, 0xa3, 0xa3, 0xa3, 0xa3, 0xa5, 0xa3, 0xa5, 0xa3, 0xa3, 0xa3, 0xa0, 0xa3, 0xa3, 0xa0, 0xa3, 0xa0, 0xa3, 0xa5, 0xa0, 0xa3, 0xa0, 0xa3, 0xa3, 0xa3, 0xa3, 0xa0, 0xa0, 0xa0, 0xa3, 0xa0, 0xa0, 0xa3, 0xa3, 0xa3, 0xa3, 0xa3, 0xa3, 0xa3, 0xa3, 0xa0, 0xa3, 0xa5, 0xa5, 0xa3, 0xa3, 0xa3, 0xa3, 0xa3, 0xa5, 0xa5, 0xa5, 0xa5, 0xa3, 0xa5, 0xa5, 0xa3, 0xa3, 0xa3, 0xa5, 0xa5, 0xa3, 0xa3, 0xa3, 0xa3, 0xa5, 0xa3, 0xa5, 0xa3, 0xa5, 0xa5, 0xa5, 0xa5, 0xa8, 0xa5, 0xa5, 0xa8, 0xa8, 0xa8, 0xa8, 0xa5, 0xa8, 0xa8, 0xa8, 0xa8, 0xa5, 0xa8, 0xa8, 0xa5, 0xa8, 0xa8, 0xa8, 0xa8, 0xa8, 0x9f, 0x7f, 0x6f, 0x68, 0x68, 0x63, 0x5e, 0x57, 0x54, 0x57, 0x52, 0x54, 0x54, 0x52, 0x54, 0x54, 0x57, 0x59, 0x59, 0x59, 0x5c, 0x5e, 0x61, 0x00, 0x00, 0x66, 0x6c, 0x73, 0x07, 0x0e, 0x79, 0x74, 0x7f, 0x22, 0xb8, 0xc0, 0xc1, 0xbf, 0xbd, 0xc1, 0xc1, 0xc1, 0xc1, 0xc1, 0xc1, 0xc1, 0xc1, 0xc1, 0xc1, 0xc1, 0xc0, 0xc0, 0xbc, 0xb7, 0xb5, 0xd2, 0xbc, 0xbe, 0xc1, 0xc1, 0xc1, 0xc1, 0xc1, 0xc1, 0xc1, 0xc1, 0xc1, 0xc1, 0xc1, 0xc1, 0xc1, 0xc1, 0xbe, 0xba, 0xb8, 0xba, 0xb7, 0xd2, 0xbb, 0xd4, 0xcb, 0xd3, 0xd4, 0xd4, 0xd3, 0xd4, 0xd3, 0xd4, 0xd4, 0xd4, 0xd4, 0xd4, 0xb0, 0xb5, 0xb0, 0xaf, 0xcd, 0xaf, 0xb5, 0xcd, 0xcd, 0xd4, 0xd3, 0xcd, 0xd3, 0xd3, 0xd3, 0xd3, 0xcb, 0x8e, 0x87, 0x87, 0x75, 0x56, 0xc3, 0xc3, 0x55, 0x56, 0x70, 0x65, 0x55, 0x55, 0x58, 0x62, 0x81, 0xc8, 0x8c, 0xc6, 0x5b, 0xa3, 0xd3, 0xcd, 0xcd, 0xca, 0xca, 0xd4, 0xb0, 0xb0, 0xb0, 0xd4, 0xd3, 0xcb, 0xca, 0xcc, 0xcf, 0xb0, 0xb0, 0xd1, 0xb0, 0xb0, 0xb0, 0xb0, 0xb5, 0xb5, 0xd0, 0xd3, 0xcb, 0xca, 0xcb, 0xd3, 0xd4, 0xd4, 0xb0, 0xb0, 0xb0, 0xb0, 0xb5, 0xba, 0x48, 0x3e, 0x29, 0x1d, 0x0b, 0x0b, 0x0b, 0x08, 0x06, 0x06, 0x06, 0x0b, 0x0f, 0x0f, 0x0b, 0x0b, 0x19, 0x21, 0xa1, 0x9c, 0x9c, 0x99, 0x9c, 0x9c, 0x9c, 0x9c, 0x9c, 0x9c, 0x93, 0x90, 0x89, 0x83, 0x83, 0x83, 0x89, 0x89, 0x83, 0x83, 0x84, 0x86, 0x83, 0x83, 0x86, 0x83, 0x86, 0x89, 0x83, 0x86, 0x84, 0x89, 0x89, 0x86, 0x89, 0x90, 0x83, 0x89, 0x89, 0x89, 0x83, 0x86, 0x89, 0x89, 0x84, 0x81, 0x81, 0x83, 0x86, 0x86, 0x83, 0x83, 0x83, 0x8c, 0x86, 0x89, 0x83, 0x89, 0x8c, 0x86, 0x83, 0x84, 0x86, 0x83, 0x83, 0x83, 0x86, 0x89, 0x89, 0x86, 0x83, 0x81, 0x81, 0x83, 0x83, 0x83, 0x83, 0x83, 0x83, 0x83, 0x81, 0x81, 0x7e, 0x83, 0x83, 0x83, 0x7a, 0x7a, 0x7a, 0x7e, 
  0xa3, 0xa3, 0xa3, 0xa3, 0xa5, 0xa3, 0xa3, 0xa3, 0xa0, 0xa3, 0xa0, 0xa3, 0xa5, 0xa3, 0xa3, 0xa0, 0xa0, 0xa0, 0xa3, 0xa0, 0xa3, 0xa0, 0xa0, 0xa0, 0xa0, 0xa3, 0xa0, 0xa0, 0xa0, 0xa3, 0xa3, 0xa3, 0xa3, 0xa0, 0xa3, 0xa0, 0xa3, 0xa3, 0xa3, 0xa3, 0xa3, 0xa3, 0xa3, 0xa5, 0xa3, 0xa5, 0xa3, 0xa3, 0xa3, 0xa5, 0xa3, 0xa5, 0xa5, 0xa3, 0xa5, 0xa5, 0xa3, 0xa5, 0xa5, 0xa5, 0xa5, 0xa3, 0xa3, 0xa3, 0xa5, 0xa5, 0xa5, 0xa5, 0xa5, 0xa5, 0xa5, 0xa8, 0xa5, 0xa5, 0xa8, 0xa8, 0xa8, 0xa8, 0xa5, 0xa8, 0xa8, 0xa5, 0xa5, 0xa5, 0xa8, 0xa5, 0xa8, 0xa8, 0xa8, 0xa8, 0xa8, 0xa8, 0xa8, 0xa5, 0x95, 0x7f, 0x73, 0x6c, 0x68, 0x63, 0x5c, 0x57, 0x54, 0x54, 0x52, 0x54, 0x52, 0x54, 0x54, 0x57, 0x57, 0x57, 0x59, 0x59, 0x5c, 0x61, 0x63, 0x63, 0x6c, 0x6c, 0x6c, 0x73, 0x78, 0x7d, 0x09, 0x05, 0x09, 0x94, 0x3e, 0xbf, 0xc1, 0xc1, 0xc1, 0xc0, 0xc1, 0xc1, 0xc1, 0xc1, 0xc1, 0xc1, 0xc1, 0xc1, 0xc1, 0xc1, 0xc0, 0xc0, 0xbe, 0xb5, 0xd2, 0xd1, 0xd2, 0xbe, 0xc1, 0xc1, 0xc1, 0xc1, 0xc1, 0xc1, 0xc1, 0xc1, 0xc1, 0xc1, 0xc1, 0xc1, 0xc1, 0xc1, 0xbe, 0xbc, 0xba, 0xba, 0xba, 0xb7, 0xb7, 0xba, 0xce, 0xcb, 0xd3, 0xd4, 0xd4, 0xd3, 0xd4, 0xd0, 0xd4, 0xd4, 0xd0, 0xd4, 0xcf, 0xd1, 0xd4, 0xd3, 0xd4, 0xd4, 0xd4, 0xcb, 0x98, 0xcd, 0xd3, 0xcb, 0xcb, 0xce, 0xd3, 0xd3, 0xcd, 0xcb, 0x97, 0x7e, 0x5d, 0x53, 0x53, 0xc4, 0x7b, 0x67, 0x58, 0x5b, 0x58, 0x53, 0xc3, 0x56, 0x7b, 0xcb, 0xd3, 0xcd, 0xa0, 0xc9, 0xaf, 0xaf, 0xd4, 0xcd, 0x98, 0xd3, 0xb0, 0xd0, 0xd0, 0xb0, 0xd3, 0x98, 0x90, 0x9c, 0xd3, 0xd1, 0xd1, 0xb5, 0xb5, 0xd1, 0xb5, 0xb5, 0xb5, 0xb5, 0xb5, 0xb0, 0xcd, 0xcc, 0xcb, 0xcd, 0xd4, 0xd4, 0xd4, 0xb0, 0xb0, 0xb0, 0xb0, 0xb5, 0xbb, 0x46, 0x39, 0x26, 0x1a, 0x0b, 0x0b, 0x0b, 0x0b, 0x0b, 0x0b, 0x0b, 0x0b, 0x0b, 0x0f, 0x0f, 0x19, 0x1e, 0xa1, 0xa0, 0x9c, 0x9c, 0x9c, 0x9c, 0x9c, 0x99, 0x99, 0x9c, 0x9c, 0x91, 0x89, 0x86, 0x83, 0x83, 0x83, 0x86, 0x86, 0x81, 0x83, 0x89, 0x89, 0x89, 0x8c, 0x86, 0x84, 0x83, 0x86, 0x89, 0x89, 0x89, 0x89, 0x89, 0x90, 0x93, 0x89, 0x91, 0x83, 0x89, 0x89, 0x81, 0x83, 0x86, 0x83, 0x83, 0x83, 0x83, 0x86, 0x83, 0x83, 0x89, 0x83, 0x8c, 0x81, 0x83, 0x83, 0x89, 0x86, 0x89, 0x89, 0x89, 0x83, 0x89, 0x83, 0x7e, 0x83, 0x86, 0x89, 0x89, 0x86, 0x83, 0x83, 0x7e, 0x7e, 0x83, 0x83, 0x83, 0x81, 0x7c, 0x7e, 0x7e, 0x7a, 0x7a, 0x81, 0x83, 0x83, 0x7e, 0x77, 0x7a, 
  0xa3, 0xa3, 0xa3, 0xa5, 0xac, 0xac, 0xa8, 0xa5, 0xa3, 0xa3, 0xa0, 0xa3, 0xa3, 0xa3, 0xa0, 0xa0, 0xa0, 0xa3, 0xa3, 0xa0, 0xa3, 0xa0, 0xa0, 0xa3, 0xa0, 0xa0, 0xa0, 0xa0, 0xa0, 0xa3, 0xa5, 0xa3, 0xa3, 0xa3, 0xa3, 0xa3, 0xa3, 0xa5, 0xa3, 0xa3, 0xa3, 0xa3, 0xa3, 0xa5, 0xa5, 0xa5, 0xa5, 0xa3, 0xa5, 0xa5, 0xa5, 0xa3, 0xa8, 0xa8, 0xa5, 0xa5, 0xa3, 0xa3, 0xa5, 0xa5, 0xa3, 0xa5, 0xa5, 0xa5, 0xa5, 0xa5, 0xa5, 0xa8, 0xa5, 0xa8, 0xa5, 0xa5, 0xa5, 0xa5, 0xa5, 0xa5, 0xa5, 0xa5, 0xa8, 0xa8, 0xa5, 0xa8, 0xa8, 0xa8, 0xa5, 0xa8, 0xa8, 0xa8, 0xa5, 0xa8, 0xa8, 0xa8, 0xa8, 0xa5, 0x9d, 0x0e, 0x73, 0x6c, 0x66, 0x61, 0x5c, 0x59, 0x57, 0x54, 0x54, 0x52, 0x52, 0x54, 0x54, 0x54, 0x57, 0x59, 0x59, 0x59, 0x5c, 0x5e, 0x61, 0x66, 0x66, 0x66, 0x6c, 0x6c, 0x02, 0x05, 0x79, 0x79, 0x09, 0x8f, 0xa4, 0x4a, 0xc1, 0xc1, 0xc0, 0xc0, 0xc1, 0xc1, 0xc1, 0xc1, 0xc1, 0xc1, 0xc1, 0xc1, 0xc1, 0xbf, 0xc0, 0xc0, 0xbf, 0xbc, 0xb7, 0xd2, 0xb7, 0xba, 0xbf, 0xc1, 0xc1, 0xc1, 0xc1, 0xc1, 0xbf, 0xbc, 0xbe, 0xc1, 0xc1, 0xc1, 0xc1, 0xbe, 0xba, 0xba, 0xba, 0xba, 0xba, 0xb8, 0xb0, 0xb5, 0xb5, 0xd3, 0xcd, 0xd3, 0xd4, 0xd3, 0xd4, 0xd4, 0xd4, 0xd4, 0xcf, 0xd4, 0xd4, 0xd0, 0xb0, 0xb7, 0xb5, 0xb5, 0xd0, 0xcd, 0xcb, 0xcd, 0xd3, 0xd4, 0xd3, 0xcd, 0xcd, 0xcb, 0xc9, 0x97, 0x7e, 0x5d, 0x55, 0x58, 0x65, 0x81, 0x83, 0x75, 0x67, 0x62, 0x55, 0x55, 0x58, 0x62, 0x77, 0xc9, 0xa5, 0xa5, 0xa0, 0x76, 0x9e, 0xd3, 0xd3, 0xaf, 0xd0, 0xb0, 0xb0, 0xd1, 0xb0, 0xd4, 0xd0, 0xd4, 0xd4, 0xd3, 0xb0, 0xb5, 0xd2, 0xd1, 0xb5, 0xd1, 0xaf, 0xcc, 0xd4, 0xd4, 0xd3, 0xd0, 0xd4, 0xaf, 0xcd, 0xcb, 0xd3, 0xd4, 0xd4, 0xd4, 0xb5, 0xb6, 0xb3, 0xb0, 0xb6, 0xbc, 0x46, 0x2f, 0x1d, 0x0f, 0x0b, 0x08, 0x06, 0x0b, 0x14, 0x14, 0x14, 0x10, 0x14, 0x14, 0x1c, 0x9b, 0x9d, 0x9c, 0x9c, 0x9c, 0xa0, 0x9c, 0x9c, 0x9c, 0x9c, 0x9c, 0x99, 0x97, 0x90, 0x89, 0x83, 0x86, 0x89, 0x83, 0x89, 0x83, 0x89, 0x8c, 0x89, 0x89, 0x89, 0x89, 0x83, 0x83, 0x83, 0x89, 0x89, 0x89, 0x86, 0x86, 0x89, 0x89, 0x89, 0x7e, 0x83, 0x89, 0x8c, 0x89, 0x8c, 0x89, 0x86, 0x89, 0x89, 0x89, 0x89, 0x89, 0x89, 0x89, 0x89, 0x83, 0x83, 0x83, 0x83, 0x89, 0x89, 0x89, 0x89, 0x89, 0x83, 0x83, 0x89, 0x86, 0x86, 0x84, 0x86, 0x7e, 0x89, 0x84, 0x81, 0x7e, 0x81, 0x83, 0x83, 0x81, 0x7e, 0x83, 0x7e, 0x7a, 0x7a, 0x7e, 0x7e, 0x81, 0x89, 0x86, 0x83, 0x7e, 
  0xa3, 0xa3, 0xa5, 0xa5, 0xa8, 0xd4, 0xa8, 0xa5, 0xa3, 0xa3, 0xa5, 0xa3, 0xa3, 0xa0, 0xa3, 0xa3, 0xa0, 0xa0, 0xa0, 0xa0, 0xa0, 0xa0, 0xa0, 0xa3, 0xa0, 0xa0, 0xa0, 0xa0, 0xa0, 0xa0, 0xa3, 0xa3, 0xa3, 0xa3, 0xa3, 0xa3, 0xa0, 0xa5, 0xa3, 0xa3, 0xa3, 0xa3, 0xa3, 0xa5, 0xa3, 0xa3, 0xa3, 0xa3, 0xa5, 0xa5, 0xa5, 0xa3, 0xa5, 0xa5, 0xa5, 0xa5, 0xa5, 0xa3, 0xa5, 0xa3, 0xa3, 0xa3, 0xa3, 0xa3, 0xa5, 0xa5, 0xa5, 0xa5, 0xa5, 0xa5, 0xa5, 0xa8, 0xa5, 0xa5, 0xa5, 0xa5, 0xa5, 0xa5, 0xa8, 0xa5, 0xa5, 0xa8, 0xa5, 0xa8, 0xa5, 0xa5, 0xa8, 0xa5, 0xa8, 0xa5, 0xa8, 0xa8, 0xa8, 0xa8, 0xa1, 0x88, 0x78, 0x6c, 0x68, 0x63, 0x5e, 0x59, 0x57, 0x57, 0x52, 0x52, 0x52, 0x52, 0x52, 0x54, 0x57, 0x59, 0x59, 0x59, 0x59, 0x5e, 0x5e, 0x63, 0x6c, 0x66, 0x6c, 0x6c, 0x6f, 0x05, 0x0e, 0x0e, 0x7f, 0x13, 0x25, 0x4a, 0xc1, 0xc1, 0xc1, 0xbf, 0xbf, 0xc1, 0xc1, 0xc1, 0xc1, 0xc1, 0xc1, 0xc1, 0xc1, 0xc1, 0xc0, 0xc0, 0xc0, 0xbe, 0xb5, 0xd2, 0xb5, 0xb9, 0xbe, 0xc1, 0xc1, 0xc1, 0xc1, 0xc1, 0xc0, 0xbd, 0xbe, 0xc1, 0xc1, 0xc1, 0xc0, 0xbc, 0xb7, 0xba, 0xba, 0xba, 0xba, 0xba, 0xb7, 0xd2, 0xba, 0xd4, 0xcb, 0xd3, 0xd3, 0xd3, 0xd4, 0xd4, 0xd3, 0xce, 0xd3, 0xd4, 0xd4, 0xd4, 0xb0, 0xb6, 0xd0, 0xd1, 0xd4, 0xd4, 0xd4, 0xd3, 0xd4, 0xd4, 0xd3, 0xcd, 0xd3, 0xcb, 0xc8, 0x7c, 0x69, 0x5d, 0x62, 0x6d, 0x89, 0xc8, 0x87, 0x8e, 0x97, 0x89, 0x77, 0x65, 0x75, 0x72, 0x81, 0xc7, 0xca, 0xca, 0xcd, 0xd3, 0xcd, 0xcd, 0xc7, 0xca, 0xce, 0xd4, 0xaf, 0xb0, 0xb0, 0xb0, 0xb0, 0xb0, 0xd0, 0xb0, 0xb5, 0xd1, 0xb5, 0xd1, 0xd1, 0xb5, 0xb0, 0xd4, 0xd0, 0xd4, 0xd4, 0xd1, 0xb7, 0xb5, 0xd4, 0xcb, 0xcb, 0xd3, 0xd3, 0xd4, 0xb0, 0x41, 0x43, 0x41, 0xb8, 0xbc, 0x48, 0x42, 0x26, 0x1a, 0x0b, 0x0b, 0x0b, 0x0f, 0x14, 0x17, 0x14, 0x14, 0x0f, 0x19, 0x1e, 0x9b, 0x9c, 0x9c, 0xa0, 0xa0, 0x9c, 0x9c, 0x9c, 0x9c, 0x9c, 0x99, 0x9c, 0x9c, 0x91, 0x8c, 0x86, 0x83, 0x86, 0x83, 0x86, 0x83, 0x86, 0x89, 0x83, 0x89, 0x89, 0x89, 0x83, 0x83, 0x83, 0x89, 0x89, 0x89, 0x86, 0x84, 0x83, 0x8c, 0x8c, 0x83, 0x83, 0x89, 0x89, 0x89, 0x8c, 0x89, 0x89, 0x91, 0x93, 0x93, 0x91, 0x8c, 0x89, 0x89, 0x86, 0x83, 0x89, 0x89, 0x89, 0x89, 0x89, 0x89, 0x89, 0x86, 0x86, 0x83, 0x83, 0x83, 0x83, 0x86, 0x89, 0x83, 0x83, 0x81, 0x81, 0x7e, 0x7c, 0x7e, 0x81, 0x7e, 0x7e, 0x83, 0x7e, 0x81, 0x7e, 0x7e, 0x83, 0x86, 0x83, 0x83, 0x89, 0x83, 
  0xa3, 0xa3, 0xa5, 0xa5, 0xa5, 0xa5, 0xa3, 0xa3, 0xa5, 0xa3, 0xa3, 0xa3, 0xa3, 0xa3, 0xa3, 0xa0, 0xa0, 0x9c, 0xa0, 0xa0, 0xa0, 0xa0, 0xa3, 0xa3, 0xa0, 0xa0, 0xa0, 0xa3, 0xa0, 0xa3, 0xa3, 0xa3, 0xa3, 0xa3, 0xa3, 0xa3, 0xa0, 0xa3, 0xa3, 0xa3, 0xa3, 0xa3, 0xa3, 0xa3, 0xa3, 0xa0, 0xa3, 0xa3, 0xa5, 0xa3, 0xa3, 0xa3, 0xa5, 0xa5, 0xa3, 0xa3, 0xa3, 0xa3, 0xa5, 0xa3, 0xa3, 0xa5, 0xa3, 0xa3, 0xa5, 0xa3, 0xa3, 0xa5, 0xa3, 0xa5, 0xa5, 0xa5, 0xa3, 0xa5, 0xa5, 0xa5, 0xa5, 0xa5, 0xa8, 0xa8, 0xa5, 0xa5, 0xa5, 0xa8, 0xa8, 0xa8, 0xa8, 0xa8, 0xa8, 0xa8, 0xa8, 0xa8, 0xa8, 0xa8, 0xa5, 0x1c, 0x08, 0x71, 0x68, 0x66, 0x5e, 0x59, 0x57, 0x57, 0x54, 0x52, 0x52, 0x52, 0x52, 0x54, 0x54, 0x57, 0x57, 0x59, 0x5c, 0x5c, 0x5e, 0x63, 0x66, 0x66, 0x6c, 0x6c, 0x6f, 0x05, 0x0e, 0x13, 0x0e, 0x13, 0x9b, 0x46, 0xc1, 0xc1, 0xc1, 0xc1, 0xbf, 0xc0, 0xc1, 0xc1, 0xc1, 0xc1, 0xc1, 0xc1, 0xc1, 0xc1, 0xc1, 0xc0, 0xc0, 0xbf, 0xbc, 0xd2, 0xb7, 0xd2, 0xba, 0xbe, 0xc1, 0xc1, 0xc0, 0xc1, 0xc0, 0xc1, 0xc1, 0xc1, 0xc1, 0xc0, 0xbe, 0xbc, 0xba, 0xba, 0xba, 0xba, 0xba, 0xba, 0xb7, 0xd2, 0xb7, 0xd2, 0xd3, 0xcd, 0xd3, 0xd3, 0xd3, 0xd3, 0xd4, 0xd3, 0xce, 0xce, 0xce, 0xd3, 0xd4, 0xb5, 0xb5, 0xd1, 0xb5, 0xb5, 0xd4, 0xd3, 0xd0, 0xd4, 0xce, 0xcc, 0xcc, 0x97, 0x7a, 0x62, 0x5b, 0x62, 0x75, 0x93, 0xa0, 0xa0, 0xca, 0x86, 0x8e, 0x8e, 0xc6, 0x7c, 0x89, 0x7a, 0x83, 0x8e, 0x8c, 0xc6, 0xca, 0xcb, 0xd3, 0xcb, 0xcc, 0xcf, 0xb0, 0xb0, 0xb0, 0xb0, 0xb0, 0xb0, 0xb0, 0xb0, 0xaf, 0xb0, 0xb0, 0xb0, 0xb5, 0xb0, 0xb5, 0xb5, 0xd1, 0xb0, 0xb0, 0xd4, 0xd4, 0xd1, 0xb0, 0xb5, 0xb3, 0xcd, 0xca, 0xcc, 0xd3, 0xd3, 0xd3, 0xaf, 0xb6, 0xba, 0xbb, 0xbc, 0x4a, 0x48, 0x35, 0x20, 0x14, 0x0b, 0x0b, 0x14, 0x19, 0x14, 0x19, 0x14, 0x1a, 0x1d, 0x24, 0x9f, 0x9c, 0x9c, 0xa0, 0xa0, 0x9c, 0x9c, 0x9c, 0x9c, 0x9c, 0x99, 0x9c, 0x9c, 0x97, 0x90, 0x86, 0x83, 0x83, 0x83, 0x83, 0x86, 0x83, 0x86, 0x83, 0x86, 0x86, 0x83, 0x83, 0x83, 0x86, 0x89, 0x89, 0x89, 0x86, 0x86, 0x86, 0x8c, 0x89, 0x8c, 0x90, 0x8c, 0x89, 0x89, 0x89, 0x89, 0x8c, 0x93, 0x99, 0x99, 0x97, 0x90, 0x89, 0x86, 0x83, 0x89, 0x89, 0x89, 0x8c, 0x8c, 0x89, 0x86, 0x89, 0x89, 0x86, 0x89, 0x89, 0x83, 0x83, 0x83, 0x89, 0x83, 0x83, 0x83, 0x83, 0x83, 0x81, 0x7e, 0x81, 0x81, 0x81, 0x81, 0x83, 0x81, 0x7e, 0x7e, 0x86, 0x89, 0x89, 0x83, 0x83, 0x81, 
  0xa0, 0xa3, 0xa3, 0xa3, 0xa3, 0xa3, 0xa3, 0xa3, 0xa5, 0xa3, 0xa0, 0xa3, 0xa3, 0xa3, 0xa0, 0xa0, 0x9c, 0xa0, 0xa0, 0xa0, 0xa3, 0xa3, 0xa3, 0xa3, 0xa3, 0xa0, 0xa3, 0xa3, 0xa3, 0xa3, 0xa3, 0xa3, 0xa3, 0xa3, 0xa0, 0xa0, 0xa0, 0xa3, 0xa3, 0xa3, 0xa3, 0xa3, 0xa3, 0xa3, 0xa3, 0xa0, 0xa3, 0xa3, 0xa3, 0xa3, 0xa3, 0xa3, 0xa5, 0xa3, 0xa3, 0xa3, 0xa3, 0xa3, 0xa3, 0xa3, 0xa3, 0xa5, 0xa5, 0xa5, 0xa3, 0xa3, 0xa3, 0xa3, 0xa3, 0xa3, 0xa3, 0xa5, 0xa3, 0xa5, 0xa5, 0xa5, 0xa5, 0xa5, 0xa5, 0xa5, 0xa5, 0xa5, 0xa5, 0xa5, 0xa5, 0xa5, 0xa8, 0xa8, 0xa8, 0xa8, 0xa8, 0xa8, 0xa8, 0xa8, 0xa5, 0x9a, 0x07, 0x02, 0x6c, 0x00, 0x5e, 0x59, 0x57, 0x57, 0x54, 0x52, 0x52, 0x52, 0x52, 0x54, 0x54, 0x57, 0x57, 0x57, 0x59, 0x5c, 0x5c, 0x61, 0x66, 0x68, 0x6c, 0x6c, 0x6c, 0x02, 0x7f, 0x13, 0x0e, 0x13, 0x9a, 0x3b, 0xc0, 0xc1, 0xc1, 0xc1, 0xbf, 0xc0, 0xc0, 0xc1, 0xc1, 0xc1, 0xc1, 0xc1, 0xc1, 0xc1, 0xc1, 0xc0, 0xbf, 0xc0, 0xbe, 0xb9, 0xb5, 0xb5, 0xb7, 0xbc, 0xc0, 0xbf, 0xc0, 0xc0, 0xc1, 0xc1, 0xc1, 0xc0, 0xbf, 0xbd, 0xba, 0xb7, 0xba, 0xba, 0xba, 0xba, 0xbc, 0xba, 0xba, 0xba, 0xb5, 0xb7, 0xd4, 0xcb, 0xcd, 0xd3, 0xd3, 0xd3, 0xd4, 0xd3, 0xac, 0xac, 0xd4, 0xac, 0xd4, 0xb0, 0xb0, 0xd3, 0xb0, 0xb0, 0xd4, 0xd4, 0xd0, 0xd4, 0xcc, 0xa0, 0x99, 0x83, 0x6d, 0x5d, 0x62, 0x75, 0xc8, 0xa0, 0x98, 0xcb, 0xcb, 0x9e, 0x91, 0x8e, 0xc8, 0xc8, 0x98, 0x98, 0x91, 0xc8, 0x97, 0x97, 0x8e, 0xca, 0xca, 0x8e, 0xc9, 0xd4, 0xd0, 0xb0, 0xb0, 0xb0, 0xb0, 0xb0, 0xb0, 0xb0, 0xb0, 0xb5, 0xb5, 0xb0, 0xd1, 0xb5, 0xb5, 0xb5, 0xb5, 0xb5, 0xd1, 0xb0, 0xb0, 0xb5, 0xb5, 0xb0, 0xb0, 0xd4, 0xcb, 0xca, 0xcd, 0xd3, 0xd3, 0xd4, 0xb0, 0xb7, 0xbc, 0xbd, 0xbc, 0xbb, 0x43, 0x2c, 0x1d, 0x14, 0x0f, 0x14, 0x1a, 0x1a, 0x1a, 0x1d, 0x20, 0x24, 0x27, 0x9c, 0x9c, 0x9c, 0x9c, 0xa0, 0x9c, 0x9c, 0x9c, 0x9c, 0x97, 0x9c, 0xa0, 0x9c, 0x99, 0x93, 0x89, 0x83, 0x83, 0x83, 0x83, 0x89, 0x86, 0x84, 0x83, 0x83, 0x83, 0x83, 0x81, 0x83, 0x86, 0x83, 0x89, 0x89, 0x89, 0x89, 0x8b, 0x89, 0x89, 0x89, 0x8c, 0x89, 0x89, 0x89, 0x90, 0x91, 0x97, 0x99, 0x97, 0x97, 0x97, 0x91, 0x89, 0x83, 0x86, 0x90, 0x90, 0x89, 0x89, 0x89, 0x86, 0x83, 0x86, 0x89, 0x89, 0x89, 0x89, 0x86, 0x89, 0x83, 0x86, 0x86, 0x83, 0x83, 0x86, 0x83, 0x83, 0x7e, 0x81, 0x81, 0x83, 0x83, 0x83, 0x83, 0x81, 0x81, 0x83, 0x83, 0x86, 0x86, 0x83, 0x7e, 
  0xa0, 0xa3, 0xa3, 0xa3, 0xa3, 0xa3, 0xa3, 0xa3, 0xa3, 0xa0, 0xa0, 0xa3, 0xa0, 0xa0, 0xa0, 0xa0, 0xa0, 0xa0, 0xa0, 0xa0, 0xa3, 0xa0, 0xa3, 0xa3, 0xa3, 0xa3, 0xa3, 0xa3, 0xa3, 0xa3, 0xa3, 0xa3, 0xa3, 0xa3, 0xa0, 0xa0, 0xa3, 0xa3, 0xa3, 0xa3, 0xa3, 0xa3, 0xa3, 0xa3, 0xa3, 0xa3, 0xa3, 0xa3, 0xa3, 0xa3, 0xa3, 0xa3, 0xa5, 0xa5, 0xa5, 0xa5, 0xa3, 0xa3, 0xa3, 0xa3, 0xa3, 0xa5, 0xa5, 0xa3, 0xa3, 0xa3, 0xa3, 0xa3, 0xa3, 0xa3, 0xa3, 0xa3, 0xa3, 0xa5, 0xa5, 0xa5, 0xa5, 0xa5, 0xa5, 0xa5, 0xa5, 0xa8, 0xa5, 0xa5, 0xa5, 0xa5, 0xa8, 0xa8, 0xa8, 0xa5, 0xa8, 0xa8, 0xa8, 0xa8, 0xa5, 0x9a, 0x7d, 0x73, 0x02, 0x66, 0x61, 0x5e, 0x59, 0x57, 0x52, 0x52, 0x52, 0x52, 0x52, 0x54, 0x54, 0x54, 0x54, 0x57, 0x59, 0x59, 0x59, 0x63, 0x00, 0x6c, 0x6c, 0x6c, 0x6f, 0x02, 0x09, 0x0e, 0x0e, 0x13, 0x94, 0x2c, 0xbe, 0xc1, 0xc1, 0xc1, 0xc1, 0xc1, 0xc1, 0xc1, 0xc1, 0xc1, 0xc1, 0xc1, 0xc1, 0xc1, 0xc1, 0xc1, 0xc0, 0xc0, 0xbe, 0xbc, 0xb7, 0xb5, 0xb5, 0xba, 0xbe, 0xc0, 0xc0, 0xc1, 0xc1, 0xc0, 0xbf, 0xbc, 0xba, 0xb9, 0xb7, 0xb7, 0xb7, 0xba, 0xba, 0xba, 0xba, 0xba, 0xba, 0xb7, 0xd1, 0xb5, 0xb5, 0xcd, 0xcc, 0xce, 0xd3, 0xcd, 0xa8, 0xab, 0xa9, 0x33, 0x3b, 0xae, 0xac, 0xd0, 0xb0, 0xd4, 0xd4, 0xcb, 0xcb, 0xb0, 0xd4, 0xd3, 0xcb, 0x91, 0x7e, 0x6d, 0x65, 0x6d, 0x7e, 0x90, 0xcb, 0xcb, 0xc9, 0xcb, 0xcb, 0xcd, 0xa3, 0x90, 0x9c, 0xc9, 0xc8, 0x9e, 0xc9, 0x97, 0x97, 0x93, 0x89, 0xc9, 0xc8, 0x98, 0x91, 0xc7, 0xca, 0xd4, 0xd0, 0xb0, 0xb0, 0xb0, 0xb0, 0xb0, 0xb0, 0xb0, 0xb5, 0xd1, 0xb0, 0xb5, 0xd1, 0xd1, 0xb5, 0xb5, 0xb5, 0xb5, 0xb5, 0xd2, 0xb5, 0xd1, 0xb0, 0xd4, 0xcc, 0xca, 0xc9, 0xcd, 0xd3, 0xd3, 0xaf, 0xb2, 0xb6, 0xbd, 0xbc, 0xba, 0xbb, 0x3b, 0x24, 0x1d, 0x14, 0x1a, 0x1d, 0x1d, 0x1d, 0x20, 0x28, 0x27, 0xa1, 0xa0, 0x9c, 0x9c, 0x9c, 0x9c, 0x9c, 0x9c, 0x9c, 0x97, 0x93, 0x9c, 0xa3, 0xa0, 0x9c, 0x97, 0x90, 0x86, 0x83, 0x83, 0x83, 0x83, 0x83, 0x83, 0x83, 0x83, 0x83, 0x83, 0x83, 0x83, 0x83, 0x83, 0x83, 0x86, 0x86, 0x89, 0x89, 0x89, 0x86, 0x89, 0x8b, 0x86, 0x86, 0x89, 0x90, 0x91, 0x97, 0x97, 0x93, 0x90, 0x91, 0x93, 0x89, 0x89, 0x83, 0x89, 0x90, 0x89, 0x89, 0x89, 0x89, 0x83, 0x83, 0x86, 0x89, 0x86, 0x83, 0x86, 0x89, 0x89, 0x83, 0x86, 0x83, 0x83, 0x83, 0x83, 0x81, 0x83, 0x81, 0x83, 0x83, 0x83, 0x81, 0x81, 0x81, 0x81, 0x81, 0x83, 0x89, 0x89, 0x86, 0x83, 
  0xa3, 0xa0, 0xa3, 0xa3, 0xa3, 0xa3, 0xa3, 0xa3, 0xa3, 0xa3, 0xa0, 0xa3, 0xa0, 0xa0, 0xa0, 0xa0, 0xa0, 0xa0, 0xa0, 0xa3, 0xa3, 0xa3, 0xa3, 0xa3, 0xa3, 0xa3, 0xa3, 0xa3, 0xa3, 0xa3, 0xa3, 0xa3, 0xa3, 0xa3, 0xa3, 0xa3, 0xa0, 0xa3, 0xa3, 0xa3, 0xa3, 0xa3, 0xa3, 0xa3, 0xa3, 0xa3, 0xa3, 0xa3, 0xa3, 0xa3, 0xa3, 0xa3, 0xa3, 0xa5, 0xa3, 0xa5, 0xa5, 0xa5, 0xa5, 0xa3, 0xa3, 0xa5, 0xa5, 0xa5, 0xa3, 0xa3, 0xa3, 0xa5, 0xa3, 0xa5, 0xa3, 0xa5, 0xa3, 0xa5, 0xa5, 0xa5, 0xa5, 0xa5, 0xa5, 0xa5, 0xa5, 0xa8, 0xa5, 0xa5, 0xa8, 0xa5, 0xa8, 0xa8, 0xa8, 0xa8, 0xa8, 0xa8, 0xa8, 0xa8, 0xa8, 0x9a, 0x7d, 0x04, 0x73, 0x68, 0x63, 0x5c, 0x59, 0x57, 0x54, 0x52, 0x52, 0x52, 0x52, 0x54, 0x54, 0x54, 0x54, 0x57, 0x57, 0x57, 0x5a, 0x63, 0x00, 0x6c, 0x6c, 0x6c, 0x6f, 0x02, 0x79, 0x0e, 0x15, 0x0e, 0x8f, 0x2c, 0x48, 0xc1, 0xc1, 0xc1, 0xc1, 0xc0, 0xc0, 0xc1, 0xc1, 0xc1, 0xc1, 0xc1, 0xc1, 0xc1, 0xc1, 0xc1, 0xc1, 0xbf, 0xbf, 0xbe, 0xba, 0xb5, 0xb5, 0xb7, 0xbc, 0xbf, 0xbf, 0xbf, 0xbe, 0xbc, 0xba, 0xb7, 0xb5, 0xd2, 0xb7, 0xb7, 0xb7, 0xba, 0xba, 0xba, 0xba, 0xba, 0xba, 0xba, 0xb7, 0xd1, 0xb5, 0xb5, 0xcb, 0xcd, 0xd3, 0xa5, 0x2c, 0x35, 0x35, 0x31, 0x33, 0x35, 0x3b, 0xd4, 0xd0, 0xb0, 0xb0, 0xd3, 0xd3, 0xd0, 0xd3, 0xcc, 0xc9, 0x81, 0x6d, 0x69, 0x6d, 0x7e, 0x91, 0x9e, 0xcc, 0xcd, 0xcb, 0xc9, 0xcb, 0xcd, 0xa3, 0x98, 0x90, 0xca, 0x98, 0xc9, 0xc9, 0x97, 0x91, 0xc5, 0xc6, 0xc7, 0xc9, 0xcb, 0x97, 0xc7, 0xca, 0xd4, 0xb0, 0xb0, 0xd4, 0xd0, 0xb0, 0xb0, 0xd0, 0xd0, 0xb0, 0xb0, 0xb5, 0xd1, 0xd1, 0xb5, 0xb5, 0xb5, 0xb5, 0xb5, 0xb0, 0xb5, 0xb5, 0xb5, 0xb5, 0xd4, 0xd3, 0xcd, 0x98, 0xca, 0xcc, 0xcd, 0xd3, 0xaf, 0x41, 0xbb, 0x48, 0xb6, 0xba, 0xb8, 0x2c, 0x21, 0x1d, 0x20, 0x20, 0x20, 0x24, 0x26, 0x2a, 0xa2, 0x9c, 0xa0, 0x9c, 0x9c, 0x9c, 0x9c, 0x9c, 0x9c, 0x97, 0x93, 0x91, 0x90, 0x9c, 0xa0, 0x9c, 0x97, 0x90, 0x84, 0x83, 0x83, 0x83, 0x7e, 0x83, 0x83, 0x86, 0x83, 0x7e, 0x7e, 0x83, 0x83, 0x83, 0x83, 0x83, 0x83, 0x89, 0x89, 0x86, 0x89, 0x89, 0x89, 0x8c, 0x86, 0x83, 0x86, 0x89, 0x90, 0x90, 0x90, 0x90, 0x8c, 0x8b, 0x90, 0x89, 0x89, 0x86, 0x83, 0x89, 0x8c, 0x89, 0x86, 0x86, 0x86, 0x83, 0x86, 0x89, 0x86, 0x83, 0x86, 0x89, 0x89, 0x89, 0x86, 0x83, 0x81, 0x81, 0x7e, 0x7e, 0x83, 0x83, 0x83, 0x81, 0x83, 0x81, 0x81, 0x83, 0x83, 0x83, 0x83, 0x89, 0x89, 0x89, 0x89, 
  0xa3, 0xa3, 0xa3, 0xa5, 0xa3, 0xa0, 0xa3, 0xa3, 0xa0, 0xa0, 0xa3, 0xa3, 0xa3, 0xa0, 0xa0, 0xa0, 0xa0, 0xa0, 0xa0, 0xa3, 0xa3, 0xa3, 0xa3, 0xa3, 0xa3, 0xa3, 0xa3, 0xa3, 0xa3, 0xa3, 0xa3, 0xa3, 0xa0, 0xa3, 0xa3, 0xa0, 0xa3, 0xa5, 0xa3, 0xa5, 0xa3, 0xa3, 0xa3, 0xa3, 0xa3, 0xa3, 0xa3, 0xa3, 0xa3, 0xa3, 0xa3, 0xa3, 0xa3, 0xa3, 0xa0, 0xa3, 0xa3, 0xa5, 0xa5, 0xa3, 0xa5, 0xa5, 0xa5, 0xa5, 0xa5, 0xa3, 0xa3, 0xa3, 0xa5, 0xa5, 0xa5, 0xa3, 0xa3, 0xa3, 0xa5, 0xa5, 0xa5, 0xa5, 0xa8, 0xa8, 0xa8, 0xa8, 0xa5, 0xa5, 0xa8, 0xa8, 0xa8, 0xa8, 0xa8, 0xa8, 0xa8, 0xa8, 0xa8, 0xa8, 0xa8, 0x9b, 0x82, 0x08, 0x73, 0x6c, 0x63, 0x5e, 0x59, 0x57, 0x54, 0x52, 0x52, 0x52, 0x52, 0x52, 0x52, 0x54, 0x54, 0x54, 0x57, 0x59, 0x59, 0x5e, 0x00, 0x68, 0x6f, 0x6c, 0x6f, 0x02, 0x05, 0x7f, 0x15, 0x15, 0x94, 0x28, 0x41, 0xc1, 0xc1, 0xc1, 0xc1, 0xc0, 0xc0, 0xc1, 0xc1, 0xc1, 0xc1, 0xc1, 0xc1, 0xc1, 0xc1, 0xc1, 0xc0, 0xc1, 0xc0, 0xc0, 0xbe, 0xb7, 0xd2, 0xb5, 0xb7, 0xbe, 0xbe, 0xbb, 0xb7, 0xb7, 0xd2, 0xb5, 0xb5, 0xd2, 0xb7, 0xb7, 0xb7, 0xb7, 0xba, 0xba, 0xba, 0xb8, 0xba, 0xba, 0xb7, 0xb5, 0xb5, 0xba, 0xd4, 0xcb, 0xd3, 0xaa, 0xa9, 0xb2, 0x3d, 0x31, 0x2f, 0xaa, 0x35, 0xae, 0xac, 0xaf, 0xb5, 0xb0, 0xcf, 0xcb, 0xcc, 0xa0, 0x8c, 0x75, 0x69, 0x6d, 0x7c, 0xc8, 0xcb, 0xcd, 0xd3, 0xcd, 0xd3, 0xcc, 0xcd, 0xcc, 0xc9, 0xca, 0x98, 0xca, 0xca, 0xcc, 0x98, 0x90, 0x9c, 0xc6, 0xc5, 0x87, 0x9e, 0xd3, 0xcd, 0xcb, 0xcb, 0xd3, 0xd4, 0xd4, 0xb0, 0xb0, 0xb0, 0xb0, 0xd4, 0xd0, 0xb0, 0xb0, 0xb0, 0xb0, 0xd4, 0xd0, 0xd0, 0xd0, 0xd0, 0xd1, 0xd4, 0xb0, 0xb0, 0xb0, 0xd1, 0xb0, 0xb0, 0xb0, 0xcb, 0x98, 0xca, 0xcc, 0xcd, 0xd4, 0xae, 0x41, 0x41, 0xb3, 0xd1, 0xb8, 0x3b, 0x28, 0x25, 0x24, 0x24, 0x25, 0x2c, 0x2a, 0xa2, 0xa0, 0x9c, 0x9c, 0x9c, 0x9c, 0x9c, 0x9c, 0x9c, 0x99, 0x97, 0x97, 0x90, 0x83, 0x8c, 0x9c, 0x99, 0x97, 0x90, 0x83, 0x83, 0x83, 0x81, 0x81, 0x86, 0x84, 0x86, 0x83, 0x81, 0x81, 0x83, 0x83, 0x83, 0x83, 0x83, 0x83, 0x89, 0x8b, 0x86, 0x89, 0x89, 0x8c, 0x8c, 0x89, 0x84, 0x86, 0x89, 0x89, 0x89, 0x90, 0x90, 0x90, 0x8c, 0x89, 0x83, 0x86, 0x89, 0x84, 0x86, 0x89, 0x86, 0x83, 0x83, 0x83, 0x83, 0x86, 0x84, 0x86, 0x89, 0x89, 0x89, 0x89, 0x8c, 0x89, 0x89, 0x83, 0x83, 0x81, 0x7e, 0x83, 0x86, 0x86, 0x83, 0x83, 0x83, 0x81, 0x83, 0x83, 0x83, 0x86, 0x83, 0x86, 0x89, 0x8c, 
  0xa0, 0xa3, 0xa3, 0xa3, 0xa3, 0xa3, 0xa3, 0xa3, 0xa0, 0xa0, 0xa3, 0xa3, 0xa0, 0xa0, 0xa0, 0xa0, 0xa3, 0xa3, 0xa3, 0xa5, 0xa5, 0xa3, 0xa3, 0xa0, 0xa0, 0xa3, 0xa3, 0xa3, 0xa3, 0xa3, 0xa3, 0xa3, 0xa3, 0xa5, 0xa3, 0xa3, 0xa3, 0xa3, 0xa3, 0xa3, 0xa3, 0xa3, 0xa3, 0xa3, 0xa3, 0xa3, 0xa0, 0xa0, 0xa0, 0xa3, 0xa3, 0xa3, 0xa3, 0xa3, 0xa3, 0xa3, 0xa0, 0xa3, 0xa5, 0xa5, 0xa5, 0xa3, 0xa3, 0xa5, 0xa5, 0xa5, 0xa5, 0xa3, 0xa3, 0xa3, 0xa3, 0xa3, 0xa3, 0xa5, 0xa5, 0xa5, 0xa5, 0xa5, 0xa8, 0xa8, 0xa8, 0xa5, 0xa8, 0xa8, 0xa8, 0xa5, 0xa8, 0xa8, 0xa8, 0xa8, 0xa8, 0xa8, 0xa8, 0xa8, 0xa8, 0x27, 0x88, 0x08, 0x04, 0x6c, 0x00, 0x5e, 0x59, 0x54, 0x54, 0x54, 0x52, 0x52, 0x52, 0x52, 0x52, 0x52, 0x54, 0x54, 0x57, 0x57, 0x59, 0x5c, 0x61, 0x66, 0x6f, 0x6f, 0x6c, 0x73, 0x05, 0x7f, 0x15, 0x18, 0x9a, 0x28, 0x3b, 0xc0, 0xc1, 0xc1, 0xc1, 0xc1, 0xc1, 0xc0, 0xc1, 0xc1, 0xc1, 0xc1, 0xc1, 0xc1, 0xc1, 0xc1, 0xc1, 0xc1, 0xc0, 0xbf, 0xbe, 0xba, 0xb7, 0xb5, 0xb5, 0xba, 0xb7, 0xb0, 0xb0, 0xb5, 0xb5, 0xd2, 0xd2, 0xb7, 0xb5, 0xd2, 0xb5, 0xd1, 0xd1, 0xb3, 0xb7, 0xb7, 0xd2, 0xb7, 0xb9, 0xb8, 0xb0, 0xb0, 0xb5, 0xcd, 0xcc, 0xac, 0x35, 0x3b, 0x3b, 0x3d, 0x31, 0xa6, 0x35, 0xa9, 0xaa, 0xd4, 0xaf, 0xb5, 0xd4, 0xa0, 0xa0, 0x84, 0x77, 0x75, 0x77, 0x81, 0x91, 0xca, 0xd3, 0xd3, 0xca, 0xcd, 0xd4, 0xd3, 0xd3, 0xcd, 0xcb, 0xcd, 0xca, 0xc8, 0x98, 0xca, 0x9c, 0x97, 0x98, 0xc9, 0x87, 0xc5, 0xc8, 0x98, 0x98, 0xca, 0xca, 0xcc, 0xd3, 0xd3, 0xd3, 0xb0, 0xd4, 0xd3, 0xb0, 0xb5, 0xb0, 0xb5, 0xd0, 0xaf, 0xd3, 0xd4, 0xcd, 0xca, 0xd3, 0xd0, 0xd0, 0xb0, 0xd3, 0xd3, 0xd4, 0xb0, 0xb5, 0xce, 0xd3, 0xca, 0x98, 0xca, 0xcd, 0xcd, 0xd3, 0xb0, 0xb0, 0xb0, 0xb0, 0xb5, 0xb8, 0x3a, 0x2c, 0x2c, 0x2c, 0x2c, 0xa7, 0xa4, 0xa3, 0xa0, 0xa0, 0x9c, 0x9c, 0x9c, 0x9c, 0x9c, 0x9c, 0x99, 0x97, 0x97, 0x93, 0x8c, 0x8c, 0x97, 0x97, 0x93, 0x89, 0x83, 0x83, 0x81, 0x83, 0x83, 0x83, 0x83, 0x83, 0x86, 0x84, 0x83, 0x89, 0x83, 0x86, 0x89, 0x89, 0x89, 0x8c, 0x8c, 0x89, 0x89, 0x90, 0x8c, 0x90, 0x8c, 0x8c, 0x89, 0x89, 0x86, 0x84, 0x89, 0x89, 0x90, 0x90, 0x89, 0x86, 0x89, 0x86, 0x86, 0x83, 0x89, 0x89, 0x86, 0x86, 0x86, 0x83, 0x83, 0x83, 0x89, 0x89, 0x89, 0x89, 0x89, 0x89, 0x89, 0x90, 0x89, 0x89, 0x83, 0x83, 0x83, 0x83, 0x84, 0x86, 0x86, 0x84, 0x83, 0x83, 0x83, 0x86, 0x84, 0x89, 0x83, 0x83, 0x86, 
  0xa3, 0xa0, 0xa3, 0xa5, 0xa5, 0xa3, 0xa3, 0xa5, 0xa3, 0xa0, 0xa3, 0xa3, 0xa3, 0xa3, 0xa3, 0xa3, 0xa3, 0xa3, 0xa3, 0xa3, 0xa3, 0xa0, 0xa3, 0xa3, 0xa3, 0xa3, 0xa3, 0xa3, 0xa3, 0xa3, 0xa3, 0xa3, 0xa3, 0xa5, 0xa5, 0xa3, 0xa3, 0xa3, 0xa0, 0xa0, 0xa3, 0xa3, 0xa3, 0xa3, 0xa3, 0xa3, 0xa0, 0xa3, 0xa3, 0xa3, 0xa3, 0xa3, 0xa3, 0xa3, 0xa3, 0xa3, 0xa3, 0xa3, 0xa3, 0xa3, 0xa5, 0xa5, 0xa5, 0xa5, 0xa5, 0xa5, 0xa5, 0xa3, 0xa3, 0xa5, 0xa3, 0xa3, 0xa5, 0xa5, 0xa5, 0xa5, 0xa5, 0xa5, 0xa8, 0xa5, 0xa5, 0xa8, 0xa8, 0xa8, 0xa8, 0xa8, 0xa8, 0xa8, 0xa8, 0xa8, 0xa8, 0xa8, 0xa8, 0xa8, 0xd3, 0xa2, 0x8d, 0x08, 0x04, 0x6c, 0x66, 0x63, 0x59, 0x57, 0x54, 0x54, 0x52, 0x52, 0x52, 0x52, 0x52, 0x54, 0x54, 0x54, 0x54, 0x57, 0x59, 0x5e, 0x61, 0x66, 0x6c, 0x6c, 0x02, 0x73, 0x04, 0x09, 0x0e, 0x8f, 0x94, 0x25, 0x33, 0xbf, 0xc1, 0xc1, 0xc1, 0xc1, 0xbf, 0xbe, 0xbf, 0xc1, 0xc1, 0xc1, 0xc1, 0xc1, 0xc1, 0xc1, 0xc1, 0xc0, 0xc0, 0xc1, 0xc0, 0xbc, 0xb5, 0xb5, 0xd1, 0xd1, 0xb7, 0xd1, 0xb0, 0xb5, 0xd2, 0xd2, 0xb5, 0xb5, 0xb0, 0xb5, 0xb0, 0xd3, 0xce, 0xd4, 0xb0, 0xd0, 0xd0, 0xaf, 0xb5, 0xb7, 0xb0, 0xd0, 0xba, 0xd3, 0xcb, 0xcd, 0xa7, 0x3a, 0x35, 0x36, 0x2d, 0x34, 0x3a, 0x33, 0xae, 0xd4, 0xd4, 0xb0, 0xd3, 0xa0, 0x91, 0x75, 0x70, 0x7c, 0x8c, 0x9c, 0xcb, 0xd3, 0xd4, 0xcc, 0xca, 0xd3, 0xce, 0xce, 0xcd, 0xcd, 0xcb, 0xcd, 0xcb, 0x98, 0x9e, 0x98, 0xc9, 0x98, 0xc5, 0xc8, 0xc9, 0xc5, 0xc5, 0xc5, 0x98, 0xcb, 0xca, 0xca, 0xd4, 0xd4, 0xd3, 0xd4, 0xd3, 0xcb, 0xb0, 0xb5, 0xb0, 0xb5, 0xd1, 0xd4, 0x9e, 0xa8, 0xd3, 0xc8, 0xcd, 0xb0, 0xd4, 0xd4, 0xcb, 0xd3, 0xaf, 0xb5, 0xb0, 0xcd, 0xcd, 0xd3, 0x9e, 0x9e, 0xcb, 0xcd, 0xd3, 0xd4, 0xd0, 0xd0, 0xb0, 0xb0, 0xb7, 0x46, 0x3b, 0x33, 0x2f, 0x2c, 0xa8, 0xa3, 0xa3, 0xa3, 0xa0, 0x9c, 0x99, 0x9c, 0xa0, 0x9c, 0x9c, 0x9c, 0x99, 0x97, 0x97, 0x97, 0x97, 0x97, 0x97, 0x90, 0x89, 0x83, 0x83, 0x83, 0x86, 0x83, 0x83, 0x83, 0x89, 0x89, 0x86, 0x86, 0x89, 0x89, 0x89, 0x89, 0x89, 0x89, 0x8c, 0x8c, 0x89, 0x89, 0x90, 0x89, 0x90, 0x8b, 0x90, 0x90, 0x8c, 0x89, 0x89, 0x89, 0x86, 0x89, 0x90, 0x89, 0x83, 0x83, 0x83, 0x89, 0x84, 0x86, 0x89, 0x89, 0x89, 0x89, 0x89, 0x89, 0x89, 0x90, 0x90, 0x8c, 0x8c, 0x86, 0x89, 0x89, 0x89, 0x89, 0x89, 0x89, 0x86, 0x83, 0x83, 0x86, 0x86, 0x89, 0x89, 0x86, 0x86, 0x81, 0x86, 0x86, 0x89, 0x81, 0x7e, 0x81, 
  0xa3, 0xa3, 0xa3, 0xa3, 0xa3, 0xa3, 0xa3, 0xa5, 0xa5, 0xa3, 0xa3, 0xa3, 0xa0, 0xa3, 0xa3, 0xa3, 0xa3, 0xa3, 0xa3, 0xa3, 0xa3, 0xa3, 0xa3, 0xa3, 0xa3, 0xa3, 0xa3, 0xa3, 0xa3, 0xa3, 0xa3, 0xa3, 0xa3, 0xa5, 0xa5, 0xa3, 0xa3, 0xa0, 0xa0, 0xa3, 0xa0, 0xa0, 0xa3, 0xa0, 0xa3, 0xa3, 0xa3, 0xa3, 0xa3, 0xa3, 0xa3, 0xa5, 0xa5, 0xa3, 0xa3, 0xa3, 0xa3, 0xa3, 0xa3, 0xa3, 0xa3, 0xa5, 0xa5, 0xa5, 0xa5, 0xa5, 0xa3, 0xa3, 0xa3, 0xa5, 0xa3, 0xa3, 0xa3, 0xa5, 0xa5, 0xa5, 0xa5, 0xa5, 0xa8, 0xa8, 0xa8, 0xa8, 0xa8, 0xa8, 0xa8, 0xa5, 0xa8, 0xa8, 0xa8, 0xa8, 0xa8, 0xa8, 0xa8, 0xa8, 0xcd, 0xa4, 0x1c, 0x0c, 0x73, 0x6c, 0x00, 0x61, 0x59, 0x59, 0x54, 0x54, 0x52, 0x52, 0x52, 0x52, 0x52, 0x52, 0x54, 0x54, 0x57, 0x59, 0x59, 0x5e, 0x61, 0x00, 0x00, 0x6c, 0x6f, 0x73, 0x05, 0x09, 0x0e, 0x8f, 0x94, 0x9a, 0x2c, 0xbc, 0xc1, 0xc1, 0xc1, 0xc1, 0xc0, 0xbd, 0xbd, 0xc1, 0xc1, 0xc1, 0xc1, 0xc1, 0xc1, 0xc1, 0xc0, 0xc1, 0xc1, 0xc1, 0xc0, 0xbe, 0xb9, 0xb5, 0xb5, 0xd1, 0xb7, 0xb7, 0xb0, 0xb0, 0xb5, 0xb5, 0xb0, 0xb0, 0xd4, 0xce, 0xb0, 0xb7, 0xba, 0xbb, 0xba, 0xba, 0xba, 0xb0, 0xd1, 0xb5, 0xd1, 0xb7, 0xb5, 0xd1, 0xd3, 0xcb, 0xac, 0x35, 0x33, 0x39, 0x34, 0x36, 0x3a, 0x33, 0xae, 0xd4, 0xd3, 0xd4, 0xcb, 0x90, 0x7a, 0x75, 0x7a, 0x89, 0xc9, 0xcc, 0xd4, 0xd4, 0xaf, 0xd3, 0xd0, 0xd4, 0xce, 0xd3, 0xd3, 0xd4, 0xcb, 0xc9, 0xcd, 0xcb, 0xcb, 0xc9, 0xcb, 0x9e, 0x70, 0xc6, 0xc8, 0x87, 0xc5, 0x98, 0xd3, 0xd4, 0xd4, 0xd3, 0xd4, 0xb0, 0xd0, 0xd0, 0xd0, 0xd0, 0xb0, 0xd4, 0xb0, 0xd4, 0xd1, 0xd4, 0xca, 0xa8, 0xd0, 0xa5, 0xd4, 0xb0, 0xaf, 0xd4, 0xcd, 0xd4, 0xb0, 0xb0, 0xd4, 0xd3, 0xcd, 0xd0, 0xcd, 0x9e, 0xc9, 0xcc, 0xcd, 0xd3, 0xd4, 0xd0, 0xd0, 0xd0, 0xb0, 0xb8, 0xb8, 0x3a, 0xa9, 0xa7, 0xa5, 0xa0, 0xa0, 0xa0, 0xa0, 0x9c, 0x9c, 0x9c, 0xa0, 0x9c, 0x9c, 0x9c, 0x9c, 0x9c, 0x99, 0x97, 0x97, 0x93, 0x90, 0x89, 0x86, 0x83, 0x83, 0x83, 0x86, 0x89, 0x86, 0x89, 0x89, 0x89, 0x86, 0x86, 0x89, 0x89, 0x89, 0x89, 0x86, 0x89, 0x89, 0x89, 0x8c, 0x90, 0x89, 0x89, 0x8c, 0x90, 0x90, 0x90, 0x90, 0x89, 0x89, 0x89, 0x86, 0x89, 0x89, 0x89, 0x86, 0x83, 0x83, 0x89, 0x86, 0x86, 0x89, 0x89, 0x89, 0x86, 0x89, 0x89, 0x89, 0x8c, 0x90, 0x90, 0x8b, 0x86, 0x89, 0x89, 0x86, 0x89, 0x89, 0x89, 0x89, 0x86, 0x84, 0x89, 0x89, 0x89, 0x86, 0x89, 0x89, 0x89, 0x86, 0x89, 0x86, 0x83, 0x7e, 0x83, 
  0xa3, 0xa3, 0xa3, 0xa3, 0xa3, 0xa3, 0xa3, 0xa3, 0xa3, 0xa3, 0xa3, 0xa3, 0xa0, 0xa0, 0xa0, 0xa0, 0xa3, 0xa3, 0xa3, 0xa3, 0xa3, 0xa5, 0xa3, 0xa3, 0xa3, 0xa3, 0xa3, 0xa3, 0xa3, 0xa3, 0xa3, 0xa3, 0xa3, 0xa3, 0xa3, 0xa3, 0xa0, 0xa0, 0xa3, 0xa3, 0xa0, 0xa3, 0xa0, 0xa0, 0xa3, 0xa3, 0xa3, 0xa3, 0xa3, 0xa3, 0xa3, 0xa3, 0xa3, 0xa3, 0xa5, 0xa5, 0xa3, 0xa3, 0xa3, 0xa3, 0xa3, 0xa3, 0xa5, 0xa3, 0xa3, 0xa5, 0xa3, 0xa3, 0xa3, 0xa5, 0xa0, 0xa5, 0xa5, 0xa5, 0xa5, 0xa5, 0xa5, 0xa8, 0xa8, 0xa8, 0xa8, 0xa8, 0xa8, 0xa8, 0xa8, 0xa8, 0xa8, 0xa8, 0xa8, 0xa8, 0xac, 0xac, 0xa8, 0xa8, 0xa8, 0xa4, 0x20, 0x80, 0x78, 0x02, 0x00, 0x61, 0x59, 0x59, 0x54, 0x54, 0x52, 0x52, 0x52, 0x52, 0x52, 0x52, 0x52, 0x54, 0x57, 0x57, 0x59, 0x5e, 0x61, 0x61, 0x00, 0x68, 0x6c, 0x02, 0x05, 0x09, 0x0e, 0x15, 0x94, 0x9b, 0x2a, 0x41, 0xc1, 0xc1, 0xc1, 0xc1, 0xc0, 0xbf, 0xbe, 0xc0, 0xc1, 0xc1, 0xc1, 0xc1, 0xc1, 0xc1, 0xc1, 0xc1, 0xc1, 0xc1, 0xc0, 0xc0, 0xbd, 0xb7, 0xb7, 0xb5, 0xb5, 0xb7, 0xb5, 0xd0, 0xb0, 0xb5, 0xcd, 0xd4, 0xd4, 0xba, 0xbc, 0xc1, 0xc1, 0xc1, 0xc0, 0xc1, 0xc1, 0xbd, 0xbd, 0xbd, 0xb7, 0xb5, 0xd1, 0xb7, 0xb5, 0xd3, 0xcd, 0xab, 0xa9, 0x39, 0x36, 0x2f, 0x3a, 0xae, 0xac, 0xd4, 0xd3, 0xd3, 0xcd, 0x8c, 0x75, 0x7e, 0x83, 0x93, 0xcc, 0xd3, 0xd4, 0xaf, 0xb0, 0xd0, 0xd4, 0xd4, 0xd3, 0xd3, 0xce, 0xd4, 0xcd, 0xcb, 0xd3, 0xcb, 0xcb, 0xcb, 0xcb, 0xc9, 0x87, 0x70, 0x7b, 0x70, 0xca, 0xca, 0xd4, 0xb0, 0xb0, 0xb0, 0xb0, 0xb0, 0xb0, 0xb0, 0xd1, 0xd1, 0xd1, 0xaf, 0xb0, 0xd3, 0xd4, 0xd4, 0xb5, 0xb0, 0xb0, 0xaf, 0xd3, 0xd4, 0xb0, 0xb0, 0xb0, 0xb0, 0xd1, 0xb0, 0xb0, 0xd4, 0xd0, 0xaf, 0xb0, 0xca, 0x98, 0xca, 0xcc, 0xcc, 0xd3, 0xd4, 0xb0, 0xaf, 0xae, 0xb3, 0xba, 0x43, 0xa8, 0xa8, 0xa5, 0xa3, 0xa0, 0xa0, 0xa0, 0xa0, 0x9c, 0x9c, 0xa0, 0x9c, 0x9c, 0xa0, 0xa0, 0xa0, 0x9c, 0x99, 0x97, 0x91, 0x89, 0x89, 0x89, 0x89, 0x89, 0x84, 0x86, 0x89, 0x89, 0x89, 0x89, 0x89, 0x89, 0x89, 0x89, 0x89, 0x89, 0x89, 0x86, 0x89, 0x8c, 0x90, 0x90, 0x90, 0x90, 0x89, 0x89, 0x90, 0x90, 0x8c, 0x90, 0x8c, 0x89, 0x89, 0x89, 0x89, 0x89, 0x89, 0x89, 0x84, 0x86, 0x83, 0x83, 0x89, 0x89, 0x89, 0x89, 0x83, 0x84, 0x86, 0x86, 0x8c, 0x8b, 0x8c, 0x8c, 0x89, 0x89, 0x8c, 0x89, 0x89, 0x89, 0x89, 0x89, 0x89, 0x89, 0x89, 0x89, 0x86, 0x83, 0x86, 0x89, 0x89, 0x84, 0x86, 0x83, 0x81, 0x81, 0x83, 
  0xa3, 0xa3, 0xa3, 0xa3, 0xa3, 0xa3, 0xa3, 0xa3, 0xa3, 0xa0, 0xa3, 0xa0, 0xa0, 0xa0, 0xa0, 0xa0, 0xa3, 0xa3, 0xa3, 0xa3, 0xa0, 0xa0, 0xa3, 0xa3, 0xa0, 0xa0, 0xa0, 0xa0, 0xa0, 0xa0, 0xa3, 0xa3, 0xa0, 0xa3, 0xa3, 0xa3, 0xa0, 0xa3, 0xa0, 0xa0, 0xa0, 0xa3, 0xa0, 0xa0, 0xa0, 0xa3, 0xa3, 0xa3, 0xa3, 0xa3, 0xa5, 0xa3, 0xa3, 0xa3, 0xa5, 0xa5, 0xa5, 0xa3, 0xa3, 0xa3, 0xa3, 0xa3, 0xa3, 0xa3, 0xa3, 0xa3, 0xa3, 0xa3, 0xa3, 0xa3, 0xa3, 0xa3, 0xa5, 0xa5, 0xa5, 0xa5, 0xa5, 0xa8, 0xa8, 0xa8, 0xa5, 0xa5, 0xa8, 0xa8, 0xa8, 0xa8, 0xa8, 0xa8, 0xa8, 0xa8, 0xac, 0xaa, 0xa8, 0xa8, 0xa8, 0xa8, 0x22, 0x12, 0x78, 0x6f, 0x66, 0x63, 0x5c, 0x59, 0x54, 0x54, 0x52, 0x52, 0x52, 0x52, 0x52, 0x52, 0x52, 0x54, 0x57, 0x57, 0x57, 0x59, 0x5e, 0x63, 0x00, 0x66, 0x6c, 0x02, 0x03, 0x08, 0x0d, 0x88, 0x94, 0x27, 0x27, 0x3a, 0xc1, 0xc1, 0xc1, 0xc1, 0xc1, 0xc1, 0xbe, 0xbe, 0xc1, 0xc1, 0xc1, 0xc1, 0xc1, 0xc1, 0xbe, 0xc1, 0xc1, 0xc1, 0xc1, 0xc0, 0xbe, 0xba, 0xb7, 0xb5, 0xb0, 0xb7, 0xb7, 0xb0, 0xd3, 0xb0, 0xca, 0xb7, 0xbc, 0xbe, 0xbf, 0xc0, 0xc1, 0xc1, 0xc1, 0xc1, 0xc1, 0xc1, 0xc1, 0xc1, 0xbc, 0xd2, 0xb5, 0xd0, 0xba, 0xd0, 0xcb, 0xd3, 0xa7, 0xa6, 0x33, 0xaa, 0xac, 0xd4, 0xce, 0xd3, 0xd4, 0xd3, 0xd4, 0xa3, 0x7c, 0x91, 0xc9, 0xcc, 0xce, 0xd4, 0xb0, 0xb0, 0xb0, 0xb0, 0xd0, 0xd0, 0xaf, 0xd4, 0xd4, 0xd0, 0xd4, 0xcc, 0xd3, 0xca, 0xca, 0xcb, 0x98, 0x8e, 0x77, 0x72, 0x5d, 0xc4, 0xca, 0x9e, 0xcb, 0xcd, 0xb0, 0xb0, 0xb0, 0xb0, 0xb0, 0xb0, 0xb0, 0xb0, 0xd1, 0xb5, 0xd1, 0xb0, 0xd4, 0xcd, 0xb0, 0xd0, 0xb0, 0xb0, 0xcb, 0xcb, 0xb0, 0xb0, 0xb0, 0xb0, 0xd0, 0xd0, 0xb5, 0xcb, 0xd4, 0xd4, 0xb5, 0xd4, 0xc9, 0x9e, 0xcb, 0xcb, 0xcd, 0xd3, 0xaf, 0x3b, 0xae, 0xae, 0xb7, 0xbc, 0xaf, 0xa5, 0xa5, 0xa3, 0xa3, 0xa0, 0xa0, 0xa0, 0x9c, 0x9c, 0xa0, 0x9c, 0xa0, 0xa0, 0xa0, 0xa0, 0x9c, 0x9c, 0x97, 0x91, 0x8b, 0x8c, 0x90, 0x90, 0x90, 0x90, 0x8c, 0x89, 0x89, 0x89, 0x89, 0x89, 0x89, 0x89, 0x89, 0x8c, 0x8c, 0x89, 0x89, 0x89, 0x8c, 0x90, 0x90, 0x8c, 0x8c, 0x8c, 0x89, 0x89, 0x8c, 0x8c, 0x8c, 0x8c, 0x89, 0x89, 0x89, 0x89, 0x89, 0x89, 0x86, 0x83, 0x83, 0x89, 0x86, 0x89, 0x86, 0x86, 0x86, 0x83, 0x83, 0x83, 0x84, 0x89, 0x89, 0x89, 0x89, 0x89, 0x89, 0x86, 0x89, 0x89, 0x8c, 0x8c, 0x89, 0x89, 0x89, 0x83, 0x89, 0x89, 0x83, 0x83, 0x86, 0x89, 0x83, 0x83, 0x83, 0x81, 0x81, 0x83, 
  0xa3, 0xa3, 0xa3, 0xa5, 0xa3, 0xa3, 0xa3, 0xa3, 0xa0, 0xa3, 0xa3, 0xa0, 0xa0, 0xa0, 0xa0, 0xa3, 0xa3, 0xa3, 0xa3, 0xa3, 0xa3, 0xa0, 0xa0, 0xa3, 0xa3, 0xa3, 0xa0, 0xa3, 0xa0, 0xa0, 0xa3, 0xa0, 0xa0, 0xa3, 0xa3, 0xa0, 0xa0, 0xa3, 0xa0, 0xa0, 0xa0, 0xa3, 0xa3, 0xa3, 0xa3, 0xa5, 0xa3, 0xa3, 0xa0, 0xa3, 0xa3, 0xa3, 0xa5, 0xa3, 0xa3, 0xa3, 0xa3, 0xa3, 0xa3, 0xa3, 0xa3, 0xa3, 0xa3, 0xa5, 0xa3, 0xa3, 0xa3, 0xa3, 0xa3, 0xa5, 0xa3, 0xa5, 0xa5, 0xa5, 0xa5, 0xa5, 0xa5, 0xa5, 0xa5, 0xa8, 0xa5, 0xa5, 0xa8, 0xa8, 0xa8, 0xa8, 0xa8, 0xa8, 0xa8, 0xa8, 0xa8, 0xa8, 0xa8, 0xa8, 0xd3, 0xa8, 0x95, 0x12, 0x05, 0x6c, 0x68, 0x63, 0x5e, 0x59, 0x54, 0x54, 0x52, 0x52, 0x52, 0x52, 0x52, 0x52, 0x52, 0x54, 0x57, 0x57, 0x57, 0x59, 0x5e, 0x63, 0x00, 0x66, 0x6c, 0x02, 0x04, 0x08, 0x80, 0x13, 0x94, 0x9b, 0x27, 0xa9, 0xbe, 0xc1, 0xc1, 0xc1, 0xc1, 0xc1, 0xc0, 0xbe, 0xc0, 0xc1, 0xc1, 0xc1, 0xc1, 0xc1, 0xbc, 0xc1, 0xc1, 0xc1, 0xc1, 0xbf, 0xc0, 0xbe, 0xba, 0xb7, 0xb5, 0xd2, 0xb7, 0xb7, 0xb0, 0xb7, 0xba, 0xbc, 0xc0, 0xbe, 0xc1, 0xc1, 0xc1, 0xc1, 0xc1, 0xc1, 0xc1, 0xc1, 0xc1, 0xc0, 0xc0, 0xba, 0xd2, 0xd1, 0xb7, 0xb7, 0xca, 0xcb, 0xd3, 0xa8, 0xce, 0xce, 0xd3, 0xd4, 0xd4, 0xd3, 0xd4, 0xd3, 0xd4, 0xd4, 0x98, 0xc8, 0xca, 0xd4, 0xd0, 0xb0, 0xd4, 0xd4, 0xb0, 0xb0, 0xb0, 0xb0, 0xb0, 0xb0, 0xb0, 0xd4, 0xcd, 0xd3, 0xd4, 0xcb, 0x98, 0xc6, 0xc6, 0x8e, 0xc5, 0x98, 0x7a, 0xc5, 0x98, 0x87, 0x97, 0xc9, 0xd4, 0xb0, 0xd0, 0xb0, 0xb0, 0xd1, 0xb0, 0xd0, 0xd1, 0xb5, 0xb0, 0xb0, 0xd1, 0xd4, 0xd4, 0xd4, 0xd4, 0xd0, 0xd4, 0xce, 0xd4, 0xd4, 0xcb, 0xd4, 0xd4, 0xd4, 0xcf, 0x89, 0xd3, 0xb0, 0xd1, 0xd4, 0xcc, 0x9e, 0xc9, 0xcb, 0xcb, 0xcc, 0xce, 0x3b, 0xb2, 0x3b, 0x3b, 0xb7, 0xba, 0xd3, 0xcd, 0xa5, 0xa3, 0xa0, 0xa0, 0x9c, 0x9c, 0xa0, 0xa0, 0x9c, 0x9c, 0x9c, 0x9c, 0x9c, 0x9c, 0x93, 0x93, 0x90, 0x89, 0x89, 0x89, 0x90, 0x90, 0x90, 0x90, 0x89, 0x89, 0x89, 0x89, 0x89, 0x89, 0x89, 0x89, 0x90, 0x8c, 0x8c, 0x8c, 0x89, 0x89, 0x8c, 0x90, 0x89, 0x89, 0x89, 0x8c, 0x8c, 0x90, 0x89, 0x8c, 0x8c, 0x89, 0x89, 0x89, 0x89, 0x89, 0x83, 0x83, 0x83, 0x89, 0x89, 0x86, 0x86, 0x84, 0x83, 0x83, 0x83, 0x83, 0x83, 0x89, 0x86, 0x89, 0x89, 0x89, 0x89, 0x8b, 0x86, 0x83, 0x89, 0x89, 0x89, 0x89, 0x89, 0x89, 0x89, 0x89, 0x89, 0x83, 0x89, 0x89, 0x86, 0x83, 0x86, 0x83, 0x83, 0x83, 0x83, 
  0xa3, 0xa3, 0xa3, 0xa3, 0xa3, 0xa3, 0xa3, 0xa3, 0xa3, 0xa3, 0xa0, 0xa0, 0xa0, 0xa0, 0xa3, 0xa3, 0xa3, 0xa3, 0xa3, 0xa0, 0xa3, 0xa3, 0xa0, 0xa3, 0xa3, 0xa3, 0xa3, 0xa3, 0xa0, 0xa3, 0xa3, 0xa0, 0xa3, 0xa3, 0xa0, 0xa0, 0xa0, 0xa3, 0xa3, 0xa3, 0xa3, 0xa3, 0xa3, 0xa3, 0xa5, 0xa3, 0xa3, 0xa3, 0xa3, 0xa3, 0xa3, 0xa3, 0xa5, 0xa3, 0xa3, 0xa3, 0xa3, 0xa3, 0xa3, 0xa3, 0xa3, 0xa3, 0xa3, 0xa5, 0xa5, 0xa5, 0xa3, 0xa3, 0xa3, 0xa5, 0xa5, 0xa5, 0xa5, 0xa5, 0xa5, 0xa5, 0xa5, 0xa5, 0xa5, 0xa5, 0xa8, 0xa8, 0xa8, 0xa8, 0xa8, 0xa8, 0xa8, 0xa5, 0xa8, 0xa8, 0xa8, 0xa8, 0xa8, 0xa8, 0xd3, 0xa8, 0x9f, 0x88, 0x78, 0x73, 0x6c, 0x63, 0x5e, 0x59, 0x54, 0x57, 0x54, 0x52, 0x52, 0x52, 0x52, 0x52, 0x52, 0x52, 0x54, 0x57, 0x57, 0x59, 0x5e, 0x5e, 0x63, 0x00, 0x00, 0x6c, 0x73, 0x04, 0x80, 0x13, 0x94, 0x9a, 0x2a, 0xa6, 0xb8, 0xbe, 0xbf, 0xc1, 0xc1, 0xc1, 0xc1, 0xbf, 0xbe, 0xc0, 0xc1, 0xc1, 0xc1, 0xc1, 0xc0, 0xc0, 0xc1, 0xc1, 0xc0, 0xc0, 0xc0, 0xbf, 0xbc, 0xb7, 0xb7, 0xb5, 0xb7, 0xba, 0xbc, 0xbe, 0xbf, 0xbe, 0xc0, 0xc0, 0xc1, 0xc1, 0xc1, 0xc1, 0xc1, 0xc1, 0xc1, 0xc1, 0xc1, 0xc1, 0xc1, 0xbc, 0xb7, 0xb7, 0xd4, 0xb7, 0xcd, 0xcb, 0xcd, 0xd3, 0xd3, 0xd3, 0xd3, 0xd3, 0xd3, 0xd3, 0xd4, 0xd3, 0xd3, 0xd4, 0xd4, 0xca, 0xcd, 0xaf, 0xb0, 0xd1, 0xd0, 0xaf, 0xb0, 0xb0, 0xd1, 0xd0, 0xd0, 0xb0, 0xd0, 0xd3, 0xca, 0xd4, 0xd0, 0xcd, 0xc9, 0xc6, 0xc5, 0xc9, 0xca, 0x8e, 0x7b, 0xc6, 0xc9, 0xc6, 0x86, 0xca, 0xca, 0xd4, 0xb0, 0xb0, 0xb0, 0xb0, 0xb0, 0xb0, 0xb0, 0xb0, 0xd0, 0xb0, 0xd4, 0xd4, 0xb0, 0xd1, 0xd0, 0xcf, 0xd4, 0xb0, 0xce, 0xd4, 0xcd, 0xd4, 0xb0, 0xd1, 0xd4, 0xc8, 0xcd, 0xc9, 0xd1, 0xd4, 0xcd, 0xca, 0x98, 0x9e, 0xcb, 0xcb, 0xcd, 0xac, 0xae, 0x39, 0x39, 0xb2, 0xba, 0xb5, 0xcd, 0xa3, 0xa3, 0xa0, 0xa0, 0xa0, 0xa0, 0x9c, 0xa0, 0x9c, 0x9c, 0x9c, 0x9c, 0xa0, 0x99, 0x90, 0x8c, 0x90, 0x90, 0x90, 0x90, 0x91, 0x91, 0x93, 0x93, 0x90, 0x89, 0x89, 0x89, 0x8c, 0x8c, 0x8c, 0x89, 0x8c, 0x8c, 0x89, 0x89, 0x89, 0x89, 0x89, 0x89, 0x8c, 0x89, 0x89, 0x8c, 0x89, 0x90, 0x90, 0x8c, 0x89, 0x86, 0x83, 0x89, 0x86, 0x89, 0x83, 0x83, 0x81, 0x83, 0x83, 0x89, 0x86, 0x83, 0x86, 0x86, 0x83, 0x81, 0x83, 0x89, 0x89, 0x89, 0x89, 0x89, 0x8c, 0x8c, 0x89, 0x83, 0x8c, 0x89, 0x89, 0x83, 0x83, 0x83, 0x86, 0x86, 0x89, 0x83, 0x83, 0x89, 0x86, 0x81, 0x84, 0x83, 0x83, 0x83, 0x86, 
  0xa3, 0xa0, 0xa3, 0xa3, 0xa3, 0xa3, 0xa5, 0xa3, 0xa3, 0xa0, 0xa0, 0xa3, 0xa3, 0xa0, 0xa0, 0xa3, 0xa3, 0xa0, 0xa3, 0xa0, 0xa3, 0xa3, 0xa3, 0xa3, 0xa0, 0xa0, 0xa0, 0xa3, 0xa3, 0xa3, 0xa3, 0xa3, 0xa3, 0xa3, 0xa3, 0xa3, 0xa3, 0xa0, 0xa0, 0xa3, 0xa3, 0xa3, 0xa5, 0xa3, 0xa3, 0xa3, 0xa3, 0xa3, 0xa3, 0xa3, 0xa3, 0xa3, 0xa3, 0xa3, 0xa3, 0xa3, 0xa3, 0xa3, 0xa3, 0xa3, 0xa3, 0xa3, 0xa3, 0xa3, 0xa5, 0xa5, 0xa3, 0xa3, 0xa3, 0xa5, 0xa5, 0xa5, 0xa3, 0xa5, 0xa5, 0xa5, 0xa5, 0xa5, 0xa5, 0xa8, 0xa8, 0xa8, 0xa8, 0xa8, 0xa8, 0xa8, 0xa8, 0xa8, 0xa8, 0xa8, 0xa8, 0xa8, 0xa8, 0xa8, 0xaa, 0xa8, 0x2a, 0x18, 0x78, 0x02, 0x6c, 0x66, 0x5e, 0x59, 0x57, 0x54, 0x54, 0x54, 0x52, 0x52, 0x52, 0x52, 0x52, 0x54, 0x54, 0x54, 0x57, 0x59, 0x5c, 0x5e, 0x61, 0x61, 0x63, 0x6c, 0x02, 0x04, 0x7d, 0x13, 0x8f, 0x9a, 0x27, 0xa6, 0xb8, 0xbc, 0xbd, 0xc0, 0xc1, 0xc1, 0xc1, 0xc0, 0xbe, 0xc0, 0xc1, 0xc1, 0xc1, 0xc1, 0xc1, 0xc1, 0xc1, 0xc1, 0xc1, 0xc0, 0xc1, 0xc0, 0xbe, 0xd2, 0xb5, 0xb5, 0xd1, 0xba, 0xbf, 0xc0, 0xc1, 0xc1, 0xc1, 0xc1, 0xc1, 0xc1, 0xc1, 0xc1, 0xc1, 0xc1, 0xc1, 0xc1, 0xc1, 0xc1, 0xbe, 0xba, 0xb7, 0xb7, 0xb7, 0xb5, 0xb0, 0xcb, 0xcd, 0xd3, 0xd3, 0xd3, 0xd3, 0xce, 0xd3, 0xd3, 0xd3, 0xd3, 0xd3, 0xd3, 0xd4, 0xd3, 0xce, 0xb0, 0xb0, 0xd0, 0xd4, 0xb0, 0xb0, 0xb0, 0xd1, 0xd0, 0xd4, 0xb0, 0xb0, 0xd4, 0xcd, 0xd4, 0xd4, 0xa3, 0xca, 0xa3, 0x8e, 0xcb, 0xd3, 0x9e, 0xc9, 0x87, 0xcd, 0x8c, 0x77, 0xc9, 0xca, 0xca, 0xd4, 0xb5, 0xb5, 0xb5, 0xd1, 0xb5, 0xd1, 0xd1, 0xd1, 0xb0, 0xb0, 0xd0, 0xb0, 0xb0, 0xb0, 0xd0, 0xd3, 0xca, 0x9e, 0xa5, 0xd3, 0xaf, 0xb0, 0xaf, 0xd0, 0xd3, 0xb0, 0xcd, 0xb0, 0xd0, 0xd4, 0xcc, 0x98, 0xc8, 0xc9, 0xcb, 0xcb, 0xd3, 0xae, 0x3a, 0x39, 0x3b, 0x41, 0xba, 0xb0, 0xa5, 0xcb, 0xa3, 0xa3, 0xa0, 0xa0, 0x9c, 0xa0, 0xa0, 0xa0, 0xa0, 0x9c, 0x9c, 0x93, 0x90, 0x90, 0x89, 0x90, 0x91, 0x93, 0x97, 0x97, 0x93, 0x93, 0x93, 0x90, 0x89, 0x89, 0x89, 0x89, 0x89, 0x8c, 0x86, 0x89, 0x89, 0x89, 0x90, 0x8c, 0x90, 0x89, 0x90, 0x89, 0x90, 0x8c, 0x89, 0x89, 0x89, 0x89, 0x8c, 0x84, 0x86, 0x89, 0x86, 0x89, 0x86, 0x86, 0x83, 0x7e, 0x83, 0x83, 0x89, 0x89, 0x84, 0x89, 0x86, 0x83, 0x84, 0x89, 0x89, 0x89, 0x89, 0x89, 0x86, 0x89, 0x89, 0x89, 0x89, 0x86, 0x83, 0x83, 0x83, 0x83, 0x83, 0x83, 0x83, 0x83, 0x89, 0x89, 0x84, 0x7e, 0x83, 0x83, 0x86, 0x89, 0x89, 
  0xa3, 0xa3, 0xa3, 0xa5, 0xa3, 0xa5, 0xa3, 0xa3, 0xa3, 0xa0, 0xa0, 0xa0, 0xa0, 0xa0, 0xa0, 0xa3, 0xa3, 0xa0, 0xa3, 0xa0, 0xa3, 0xa5, 0xa3, 0xa0, 0xa3, 0xa0, 0xa3, 0xa0, 0xa3, 0xa3, 0xa3, 0xa3, 0xa3, 0xa3, 0xa3, 0xa0, 0xa0, 0xa0, 0xa3, 0xa3, 0xa3, 0xa5, 0xa5, 0xa3, 0xa5, 0xa3, 0xa3, 0xa3, 0xa3, 0xa3, 0xa0, 0xa0, 0xa5, 0xa3, 0xa5, 0xa5, 0xa3, 0xa3, 0xa3, 0xa5, 0xa3, 0xa3, 0xa3, 0xa5, 0xa5, 0xa3, 0xa3, 0xa5, 0xa3, 0xa5, 0xa5, 0xa8, 0xa5, 0xa5, 0xa5, 0xa3, 0xa5, 0xa5, 0xa8, 0xa8, 0xa5, 0xa5, 0xa8, 0xa8, 0xa8, 0xa5, 0xa8, 0xa8, 0xa8, 0xa8, 0xa8, 0xa8, 0xa8, 0xa8, 0xa8, 0xa8, 0xa4, 0x8d, 0x08, 0x73, 0x68, 0x66, 0x61, 0x5a, 0x59, 0x54, 0x54, 0x52, 0x51, 0x52, 0x52, 0x52, 0x52, 0x52, 0x52, 0x54, 0x54, 0x54, 0x57, 0x5c, 0x5e, 0x5e, 0x61, 0x68, 0x6c, 0x73, 0x09, 0x0e, 0x8d, 0x94, 0x9b, 0x2a, 0xb3, 0xc0, 0xbe, 0xbf, 0xc1, 0xc1, 0xc1, 0xc0, 0xbe, 0xc0, 0xc0, 0xc1, 0xc1, 0xc1, 0xc1, 0xc1, 0xc1, 0xc1, 0xc1, 0xc1, 0xc1, 0xc0, 0xbf, 0xbb, 0xb5, 0xb7, 0xb3, 0xb7, 0xbd, 0xc1, 0xc1, 0xc1, 0xc1, 0xc1, 0xc1, 0xc1, 0xc1, 0xc1, 0xc1, 0xc1, 0xc1, 0xc1, 0xc1, 0xc1, 0xbc, 0xd2, 0xb7, 0xb9, 0xb8, 0xb0, 0xd1, 0xaf, 0xa3, 0xcc, 0xd3, 0xd3, 0xd3, 0xd4, 0xd3, 0xd3, 0xd4, 0xd4, 0xd3, 0xd3, 0xd4, 0xb0, 0xd4, 0xb5, 0xd2, 0xb0, 0xb0, 0xb5, 0xb7, 0xb0, 0xb0, 0xd3, 0xd4, 0xaf, 0xd0, 0xd0, 0xd0, 0xd0, 0xb0, 0xcc, 0xd3, 0xd4, 0xcd, 0xd3, 0xac, 0xc8, 0xd3, 0xc8, 0xd3, 0xcd, 0x98, 0xc8, 0xd3, 0xcd, 0xcb, 0xd4, 0xb5, 0xb3, 0xb5, 0xb5, 0xb5, 0xb5, 0xb0, 0xb5, 0xd2, 0xb0, 0xb0, 0xcf, 0xd1, 0xb0, 0xaf, 0xd3, 0xd3, 0xd3, 0xd3, 0xb0, 0xb0, 0xd3, 0xd0, 0xd1, 0x87, 0xcb, 0xd0, 0xaf, 0xd3, 0xd3, 0xcc, 0x98, 0x98, 0xca, 0xca, 0xcb, 0xd4, 0x3b, 0xb2, 0xb2, 0xae, 0xb5, 0xbc, 0xaf, 0xcd, 0xa5, 0xa3, 0xa3, 0xa0, 0xa0, 0xa0, 0xa0, 0xa0, 0xa0, 0xa0, 0x9c, 0x93, 0x93, 0x93, 0x90, 0x90, 0x93, 0x93, 0x97, 0x97, 0x93, 0x93, 0x93, 0x97, 0x91, 0x90, 0x90, 0x89, 0x8c, 0x8c, 0x89, 0x86, 0x8c, 0x90, 0x89, 0x89, 0x8c, 0x89, 0x8c, 0x89, 0x89, 0x83, 0x89, 0x89, 0x8c, 0x90, 0x90, 0x8c, 0x89, 0x83, 0x89, 0x89, 0x89, 0x89, 0x8c, 0x89, 0x89, 0x89, 0x89, 0x89, 0x86, 0x86, 0x84, 0x86, 0x86, 0x89, 0x90, 0x89, 0x89, 0x89, 0x86, 0x83, 0x83, 0x89, 0x89, 0x89, 0x89, 0x86, 0x83, 0x81, 0x83, 0x83, 0x83, 0x86, 0x83, 0x83, 0x83, 0x86, 0x89, 0x83, 0x86, 0x83, 0x89, 
  0xa0, 0xa3, 0xa3, 0xa3, 0xa3, 0xa3, 0xa0, 0xa0, 0xa3, 0xa0, 0xa3, 0xa0, 0xa3, 0xa0, 0xa3, 0xa3, 0xa3, 0xa0, 0xa0, 0xa3, 0xa5, 0xa5, 0xa3, 0xa0, 0xa0, 0xa0, 0xa0, 0xa3, 0xa0, 0xa3, 0xa5, 0xa3, 0xa3, 0xa5, 0xa3, 0xa3, 0xa3, 0xa3, 0xa3, 0xa3, 0xa3, 0xa3, 0xa0, 0xa3, 0xa3, 0xa3, 0xa3, 0xa0, 0xa3, 0xa3, 0xa0, 0xa3, 0xa0, 0xa3, 0xa3, 0xa3, 0xa5, 0xa5, 0xa3, 0xa5, 0xa3, 0xa3, 0xa5, 0xa5, 0xa5, 0xa3, 0xa3, 0xa3, 0xa3, 0xa8, 0xa5, 0xa3, 0xa5, 0xa5, 0xa5, 0xa5, 0xa5, 0xa5, 0xa3, 0xa5, 0xa3, 0xa5, 0xa8, 0xa8, 0xa8, 0xa8, 0xa8, 0xa8, 0xa8, 0xa8, 0xa8, 0xa8, 0xa8, 0xa8, 0xa8, 0xa8, 0xa4, 0x8f, 0x07, 0x6e, 0x68, 0x68, 0x63, 0x5e, 0x59, 0x54, 0x54, 0x54, 0x52, 0x52, 0x52, 0x52, 0x52, 0x52, 0x54, 0x54, 0x54, 0x57, 0x57, 0x59, 0x59, 0x5e, 0x61, 0x68, 0x6c, 0x73, 0x05, 0x0e, 0x18, 0x94, 0x9b, 0x25, 0xae, 0xbe, 0xbc, 0x4a, 0xc1, 0xc1, 0xc1, 0xc1, 0xbf, 0xbd, 0xbf, 0xc1, 0xc1, 0xbf, 0xc1, 0xc1, 0xc1, 0xc1, 0xc1, 0xc1, 0xc1, 0xc1, 0xc0, 0xbe, 0xd2, 0xd1, 0xb0, 0xb0, 0xba, 0xc0, 0xc1, 0xc1, 0xc1, 0xc1, 0xc1, 0xc1, 0xbe, 0xbe, 0xc0, 0xc1, 0xc0, 0xc1, 0xc1, 0xc0, 0xc0, 0xba, 0xb7, 0xba, 0xb7, 0xd1, 0xb1, 0xb9, 0xd4, 0xcb, 0xcc, 0xd3, 0xd4, 0xa8, 0xae, 0x3d, 0x2d, 0x31, 0x2f, 0xa4, 0xd4, 0xd4, 0xb0, 0xb5, 0xd2, 0xd2, 0xb5, 0xb5, 0xb0, 0xd4, 0xd4, 0xcd, 0xb5, 0xd1, 0xb0, 0xb0, 0xb5, 0xb0, 0xb0, 0xd4, 0xd0, 0xb5, 0xd1, 0xb0, 0xd4, 0xd4, 0xb0, 0xcb, 0x64, 0xcd, 0xcb, 0xc5, 0x8e, 0xd3, 0xd4, 0xd3, 0xd4, 0xb5, 0xb0, 0xb5, 0xb5, 0xb5, 0xb5, 0xb7, 0xd1, 0xb0, 0xd1, 0xd1, 0xb5, 0xb0, 0xb0, 0xb0, 0xb0, 0xb0, 0xb0, 0xd4, 0xd4, 0xb0, 0xd1, 0xb0, 0xaf, 0xd4, 0xb0, 0xd1, 0xd4, 0xcd, 0xca, 0xca, 0x8e, 0xc7, 0xc9, 0xca, 0xa5, 0xac, 0x35, 0xa6, 0x2c, 0xae, 0xb7, 0xba, 0xac, 0xa3, 0xa3, 0xa3, 0xa3, 0xa0, 0xa3, 0xa0, 0x9c, 0xa0, 0xa0, 0xa0, 0x9c, 0x99, 0x93, 0x90, 0x91, 0x93, 0x91, 0x93, 0x93, 0x93, 0x91, 0x90, 0x91, 0x90, 0x90, 0x89, 0x89, 0x90, 0x8c, 0x90, 0x90, 0x8c, 0x90, 0x91, 0x8c, 0x89, 0x8c, 0x83, 0x89, 0x90, 0x8c, 0x89, 0x89, 0x90, 0x86, 0x89, 0x90, 0x8c, 0x86, 0x89, 0x86, 0x83, 0x83, 0x83, 0x89, 0x89, 0x83, 0x83, 0x86, 0x84, 0x83, 0x86, 0x86, 0x8c, 0x89, 0x86, 0x8c, 0x89, 0x86, 0x89, 0x86, 0x89, 0x8c, 0x8c, 0x89, 0x89, 0x83, 0x86, 0x83, 0x83, 0x89, 0x89, 0x84, 0x86, 0x83, 0x89, 0x83, 0x89, 0x90, 0x89, 0x90, 0x91, 
  0xa3, 0xa5, 0xa3, 0xa5, 0xa3, 0xa3, 0xa0, 0xa0, 0xa0, 0xa0, 0xa0, 0xa3, 0xa0, 0xa3, 0xa0, 0xa3, 0xa3, 0xa0, 0xa0, 0xa3, 0xa3, 0xa3, 0xa3, 0xa3, 0xa3, 0xa0, 0xa0, 0xa3, 0xa3, 0xa3, 0xa3, 0xa3, 0xa3, 0xa3, 0xa3, 0xa3, 0xa0, 0xa3, 0xa3, 0xa5, 0xa3, 0xa3, 0xa5, 0xa3, 0xa3, 0xa3, 0xa0, 0xa0, 0xa3, 0xa3, 0xa3, 0xa3, 0xa3, 0xa3, 0xa3, 0xa3, 0xa3, 0xa3, 0xa3, 0xa5, 0xa3, 0xa3, 0xa3, 0xa5, 0xa5, 0xa3, 0xa5, 0xa5, 0xa5, 0xa5, 0xa5, 0xa8, 0xa8, 0xa8, 0xa8, 0xa5, 0xa5, 0xa5, 0xa5, 0xa5, 0xa8, 0xa8, 0xa8, 0xa8, 0xa8, 0xa8, 0xa8, 0xa8, 0xa8, 0xa8, 0xa8, 0xa8, 0xa8, 0xa8, 0xa8, 0xa8, 0xa7, 0x1c, 0x08, 0x73, 0x68, 0x63, 0x5e, 0x5e, 0x59, 0x57, 0x54, 0x54, 0x52, 0x52, 0x51, 0x51, 0x52, 0x54, 0x54, 0x54, 0x57, 0x57, 0x57, 0x59, 0x5e, 0x63, 0x68, 0x66, 0x6c, 0x02, 0x05, 0x09, 0x0d, 0x8d, 0x9a, 0x22, 0xa4, 0xb8, 0xc0, 0xbe, 0xc0, 0xc1, 0xc1, 0xc1, 0xc1, 0xbf, 0xbe, 0xc0, 0xc1, 0xc1, 0xc1, 0xc1, 0xc1, 0xc1, 0xc1, 0xc1, 0xc1, 0xc1, 0xc1, 0xc0, 0xbc, 0xb5, 0xb5, 0xb0, 0xb7, 0xbd, 0xc0, 0xc1, 0xc1, 0xc1, 0xc1, 0xbf, 0xbc, 0xbe, 0xc1, 0xc1, 0xc1, 0xc1, 0xbe, 0xbc, 0xb8, 0xb7, 0xb7, 0xb7, 0xb7, 0xb7, 0xb7, 0xd2, 0xb0, 0xcd, 0xcc, 0xd3, 0xae, 0x2c, 0x2e, 0x3a, 0x3d, 0x39, 0xae, 0xa6, 0xa8, 0xd4, 0xb0, 0xb5, 0xb7, 0xb7, 0xb5, 0xb5, 0xb0, 0xb5, 0xb0, 0xd2, 0xb0, 0xd1, 0xd1, 0xd1, 0xd2, 0xb5, 0xd0, 0xcb, 0xcb, 0xd0, 0xd4, 0xb0, 0xb0, 0xd4, 0xa3, 0xd4, 0xa0, 0xd4, 0xcc, 0x86, 0x8e, 0xca, 0xd3, 0xd3, 0xa5, 0xac, 0xb5, 0xb5, 0xb5, 0xb5, 0xd2, 0xb0, 0xd1, 0xb0, 0xb5, 0xb5, 0xb0, 0xb0, 0xd1, 0xb0, 0xb5, 0xb5, 0xb0, 0xb0, 0xd4, 0xce, 0xcf, 0xaf, 0xb0, 0xd1, 0xcf, 0xb5, 0xb0, 0xd4, 0xd4, 0xd3, 0xc9, 0x8e, 0xc8, 0xca, 0xcb, 0xd3, 0xd4, 0xb2, 0xaf, 0xd4, 0xd0, 0xb7, 0xb5, 0xa5, 0xa0, 0xa3, 0xa4, 0x27, 0x27, 0x27, 0xa1, 0xa3, 0xa3, 0xa3, 0xa3, 0x9c, 0x97, 0x97, 0x97, 0x93, 0x93, 0x97, 0x99, 0x97, 0x93, 0x97, 0x97, 0x91, 0x91, 0x90, 0x90, 0x8c, 0x8c, 0x89, 0x90, 0x8c, 0x90, 0x90, 0x8b, 0x89, 0x83, 0x89, 0x89, 0x86, 0x8b, 0x89, 0x86, 0x89, 0x90, 0x90, 0x89, 0x89, 0x89, 0x89, 0x86, 0x86, 0x86, 0x83, 0x89, 0x89, 0x89, 0x83, 0x86, 0x89, 0x89, 0x83, 0x83, 0x86, 0x89, 0x89, 0x89, 0x89, 0x89, 0x89, 0x83, 0x83, 0x89, 0x89, 0x89, 0x89, 0x86, 0x89, 0x89, 0x86, 0x86, 0x89, 0x89, 0x89, 0x83, 0x89, 0x89, 0x89, 0x89, 0x86, 0x89, 0x89, 
  0xa3, 0xa3, 0xa3, 0xa3, 0xa3, 0xa0, 0xa0, 0xa0, 0xa0, 0xa0, 0xa0, 0xa0, 0xa3, 0xa3, 0xa0, 0xa0, 0xa0, 0xa0, 0xa0, 0xa0, 0xa0, 0xa3, 0xa3, 0xa3, 0xa3, 0xa3, 0xa0, 0xa0, 0xa3, 0xa3, 0xa3, 0xa3, 0xa0, 0xa0, 0xa3, 0xa3, 0xa3, 0xa3, 0xa3, 0xa3, 0xa3, 0xa3, 0xa3, 0xa3, 0xa3, 0xa0, 0xa0, 0xa3, 0xa3, 0xa3, 0xa0, 0xa3, 0xa3, 0xa3, 0xa3, 0xa3, 0xa3, 0xa3, 0xa3, 0xa3, 0xa3, 0xa3, 0xa5, 0xa5, 0xa5, 0xa5, 0xa5, 0xa5, 0xa3, 0xa5, 0xa5, 0xa5, 0xa8, 0xa5, 0xa8, 0xa8, 0xa5, 0xa5, 0xa5, 0xa8, 0xa8, 0xa8, 0xa8, 0xa8, 0xa8, 0xa5, 0xa8, 0xa8, 0xa8, 0xa8, 0xa8, 0xa8, 0xa8, 0xa8, 0xa8, 0xa8, 0xa4, 0x8f, 0x08, 0x6c, 0x68, 0x63, 0x5e, 0x59, 0x59, 0x57, 0x54, 0x54, 0x52, 0x52, 0x52, 0x52, 0x52, 0x54, 0x54, 0x54, 0x54, 0x57, 0x57, 0x5c, 0x5e, 0x61, 0x66, 0x68, 0x6c, 0x02, 0x05, 0x05, 0x0e, 0x13, 0x94, 0x25, 0x2c, 0x3b, 0xbe, 0xbf, 0xc1, 0xc1, 0xc1, 0xc1, 0xc1, 0xc0, 0xbe, 0xbf, 0xc1, 0xc1, 0xc1, 0xc1, 0xc1, 0xc1, 0xc1, 0xc1, 0xc1, 0xc1, 0xc1, 0xc0, 0xbe, 0xb7, 0xd1, 0xb5, 0xd1, 0xb7, 0xbe, 0xc1, 0xc1, 0xc1, 0xc1, 0xc1, 0xc1, 0xc1, 0xc1, 0xc1, 0xc1, 0xc0, 0xbc, 0xba, 0xba, 0xbc, 0xb7, 0xd2, 0xb7, 0xb7, 0xd0, 0xd0, 0xd2, 0xd4, 0xcb, 0xcd, 0xa7, 0x35, 0xaa, 0x33, 0x3c, 0x36, 0xa9, 0xa9, 0xa7, 0xd4, 0xd0, 0xd1, 0xb5, 0xb5, 0xd2, 0xd2, 0xcf, 0xb0, 0xcb, 0xb0, 0xd2, 0xb5, 0xb5, 0xb0, 0xb5, 0xd1, 0xd4, 0xca, 0xca, 0xb0, 0xb0, 0xb0, 0xb0, 0xb0, 0x9c, 0xb0, 0xd3, 0xca, 0xd0, 0xcd, 0xc9, 0xcb, 0xcc, 0xcf, 0xb0, 0xd4, 0xd0, 0xd2, 0xb5, 0xb5, 0xb5, 0xd1, 0xb5, 0xd1, 0xb5, 0xd1, 0xb5, 0xb5, 0xb5, 0xb5, 0xb5, 0xb0, 0xb0, 0xb0, 0xb0, 0xd4, 0xd3, 0xcb, 0xcd, 0xb0, 0xb0, 0xd0, 0xd4, 0xd4, 0xd0, 0xd0, 0xcd, 0x9e, 0x8e, 0x9e, 0xca, 0xcb, 0xd3, 0xd4, 0xd4, 0xd4, 0xd4, 0xd1, 0xb7, 0xb3, 0xa9, 0x2b, 0x24, 0x1d, 0x1a, 0x14, 0x1a, 0x1e, 0x9f, 0xa0, 0xcb, 0xa3, 0x9c, 0x99, 0x97, 0x93, 0x93, 0x97, 0x99, 0x9c, 0x97, 0x97, 0x91, 0x91, 0x99, 0x93, 0x90, 0x90, 0x90, 0x89, 0x90, 0x90, 0x90, 0x90, 0x8c, 0x89, 0x89, 0x89, 0x90, 0x89, 0x89, 0x89, 0x86, 0x89, 0x90, 0x90, 0x8c, 0x89, 0x89, 0x89, 0x89, 0x89, 0x89, 0x89, 0x83, 0x89, 0x83, 0x89, 0x89, 0x89, 0x89, 0x89, 0x83, 0x83, 0x86, 0x8c, 0x89, 0x86, 0x83, 0x83, 0x83, 0x89, 0x83, 0x86, 0x83, 0x83, 0x83, 0x83, 0x83, 0x83, 0x83, 0x7e, 0x83, 0x83, 0x83, 0x83, 0x86, 0x89, 0x89, 0x89, 0x89, 0x89, 
  0xa3, 0xa3, 0xa3, 0xa3, 0xa0, 0xa0, 0xa3, 0xa3, 0xa3, 0xa3, 0xa0, 0xa3, 0xa5, 0xa3, 0xa0, 0xa0, 0xa0, 0xa0, 0xa0, 0xa0, 0xa0, 0xa0, 0xa0, 0xa3, 0xa3, 0xa0, 0xa0, 0xa0, 0xa3, 0xa3, 0xa3, 0xa3, 0xa3, 0xa3, 0xa3, 0xa3, 0xa3, 0xa3, 0xa0, 0xa3, 0xa3, 0xa3, 0xa3, 0xa3, 0xa0, 0xa0, 0xa3, 0xa0, 0xa0, 0xa0, 0xa0, 0xa0, 0xa3, 0xa3, 0xa3, 0xa5, 0xa3, 0xa3, 0xa3, 0xa3, 0xa3, 0xa5, 0xa8, 0xa5, 0xa5, 0xa5, 0xa5, 0xa5, 0xa3, 0xa5, 0xa5, 0xa5, 0xa5, 0xa5, 0xa5, 0xa8, 0xa8, 0xa8, 0xa5, 0xa8, 0xa8, 0xa8, 0xa8, 0xa8, 0xa8, 0xa8, 0xa8, 0xa8, 0xa8, 0xa8, 0xa8, 0xa8, 0xa8, 0xa8, 0xa8, 0xa8, 0xa7, 0x1c, 0x7d, 0x73, 0x68, 0x63, 0x5e, 0x5a, 0x59, 0x57, 0x54, 0x54, 0x54, 0x54, 0x52, 0x52, 0x52, 0x54, 0x54, 0x54, 0x54, 0x57, 0x57, 0x59, 0x59, 0x5e, 0x63, 0x68, 0x6c, 0x71, 0x73, 0x05, 0x7d, 0x0e, 0x8d, 0x24, 0x2a, 0x35, 0x48, 0xbe, 0xc1, 0xc1, 0xc1, 0xc1, 0xc1, 0xc1, 0xbe, 0xbe, 0xc0, 0xc1, 0xc1, 0xc1, 0xc1, 0xc1, 0xc1, 0xc1, 0xc1, 0xc1, 0xc1, 0xc1, 0xc0, 0xbe, 0xb5, 0xb5, 0xb0, 0xb0, 0xbc, 0xc1, 0xc1, 0xc0, 0xc0, 0xc1, 0xc1, 0xc1, 0xc1, 0xc1, 0xc1, 0xc1, 0xc0, 0xbe, 0xb7, 0xb5, 0xb0, 0xd4, 0xb7, 0xb7, 0xb5, 0xb0, 0xb0, 0xb0, 0xcc, 0xcc, 0xac, 0x31, 0xa7, 0x2f, 0x3a, 0xb2, 0xa7, 0xa7, 0x33, 0xaa, 0xd4, 0xd0, 0xb5, 0xb5, 0xb5, 0xb5, 0xd4, 0xb0, 0xc9, 0xd0, 0xd1, 0xb5, 0xb0, 0xb0, 0xb5, 0xb5, 0xb0, 0xca, 0xc9, 0xb0, 0xb5, 0xb0, 0xb0, 0xd0, 0xcb, 0xb0, 0xd3, 0xcb, 0xd1, 0xaf, 0xa5, 0xc9, 0xcc, 0xd4, 0xb0, 0xb5, 0xd4, 0xb1, 0xb5, 0xb5, 0xb5, 0xb5, 0xd2, 0xb5, 0xb5, 0xb5, 0xb5, 0xb5, 0xb5, 0xb5, 0xb5, 0xb5, 0xb5, 0xb0, 0xd1, 0xb0, 0xd0, 0xa8, 0x9c, 0xcb, 0xb5, 0xb0, 0xcd, 0xd3, 0xb0, 0xd4, 0xd3, 0xca, 0xc8, 0xc8, 0xc9, 0xca, 0xcb, 0xcd, 0xd4, 0xd4, 0xd4, 0xd4, 0xb5, 0xb8, 0x3b, 0x2b, 0x20, 0x14, 0x0b, 0x06, 0x06, 0x0b, 0x18, 0x22, 0xa5, 0xa3, 0xa0, 0x9c, 0x99, 0x93, 0x91, 0x97, 0x99, 0x9c, 0x99, 0x97, 0x91, 0x93, 0x97, 0x97, 0x93, 0x90, 0x90, 0x8c, 0x90, 0x90, 0x90, 0x90, 0x8c, 0x89, 0x89, 0x8c, 0x90, 0x89, 0x89, 0x89, 0x89, 0x89, 0x89, 0x8c, 0x89, 0x89, 0x89, 0x86, 0x86, 0x86, 0x89, 0x89, 0x86, 0x89, 0x86, 0x89, 0x89, 0x89, 0x89, 0x89, 0x86, 0x84, 0x89, 0x8c, 0x89, 0x89, 0x89, 0x86, 0x83, 0x81, 0x84, 0x86, 0x89, 0x83, 0x83, 0x81, 0x7e, 0x81, 0x81, 0x81, 0x83, 0x83, 0x7e, 0x7e, 0x7e, 0x86, 0x89, 0x89, 0x89, 0x89, 
  0xa3, 0xa5, 0xa5, 0xa3, 0xa3, 0xa3, 0xa3, 0xa3, 0xa3, 0xa0, 0xa3, 0xa5, 0xa5, 0xa3, 0xa0, 0xa0, 0xa0, 0xa0, 0xa0, 0x9c, 0xa0, 0xa0, 0xa3, 0xa3, 0xa0, 0xa0, 0xa0, 0xa0, 0xa0, 0xa3, 0xa3, 0xa3, 0xa3, 0xa3, 0xa3, 0xa3, 0xa0, 0xa3, 0xa3, 0xa3, 0xa3, 0xa3, 0xa0, 0xa0, 0xa0, 0xa0, 0xa3, 0xa0, 0xa0, 0xa0, 0xa0, 0xa3, 0xa0, 0xa3, 0xa0, 0xa3, 0xa3, 0xa3, 0xa5, 0xa5, 0xa5, 0xa8, 0xa8, 0xa5, 0xa5, 0xa5, 0xa5, 0xa5, 0xa5, 0xa5, 0xa8, 0xa5, 0xa5, 0xa5, 0xa8, 0xa8, 0xa8, 0xa8, 0xa8, 0xa8, 0xa8, 0xa8, 0xa8, 0xa8, 0xa8, 0xa8, 0xa8, 0xa5, 0xa5, 0xa8, 0xd3, 0xa8, 0xa8, 0xa8, 0xa8, 0xa8, 0xa4, 0x8f, 0x7d, 0x6c, 0x00, 0x00, 0x5e, 0x59, 0x59, 0x57, 0x54, 0x54, 0x54, 0x54, 0x54, 0x52, 0x52, 0x54, 0x54, 0x54, 0x54, 0x57, 0x59, 0x59, 0x59, 0x61, 0x63, 0x00, 0x6c, 0x6c, 0x73, 0x04, 0x08, 0x82, 0x8d, 0x21, 0x28, 0x2c, 0x3b, 0xbc, 0xc0, 0xc1, 0xc1, 0xc1, 0xc1, 0xc1, 0xbf, 0xbe, 0xbf, 0xc1, 0xc1, 0xc1, 0xc1, 0xc1, 0xc1, 0xc1, 0xc1, 0xc1, 0xc1, 0xbf, 0xc0, 0xbe, 0xb9, 0xb5, 0xb5, 0xb0, 0xb7, 0xbf, 0xc0, 0xbe, 0xbe, 0xc0, 0xc1, 0xc1, 0xc1, 0xc1, 0xc1, 0xc1, 0xc1, 0xc0, 0xb7, 0xcb, 0xc8, 0x98, 0xb6, 0xaf, 0xb0, 0xb0, 0xb5, 0xb0, 0xd3, 0xcb, 0xcd, 0xa7, 0xa6, 0xac, 0xae, 0x3b, 0x39, 0x2f, 0x35, 0x2c, 0xd4, 0xd4, 0xd1, 0xb5, 0xb5, 0xb5, 0xd1, 0xd1, 0xcb, 0xb0, 0xb0, 0xb5, 0xb0, 0xd1, 0xb5, 0xb0, 0xb0, 0xcd, 0xca, 0xd4, 0xb0, 0xb0, 0xb0, 0xd1, 0xb5, 0xd3, 0xd1, 0xd4, 0xcd, 0xb3, 0xd3, 0xc7, 0x98, 0xd1, 0xb5, 0xb5, 0xb0, 0xd4, 0xd4, 0xb0, 0xb5, 0xb5, 0xd2, 0xb5, 0xb5, 0xb5, 0xb5, 0xb5, 0xb5, 0xd1, 0xb5, 0xb5, 0xb5, 0xd1, 0xb0, 0xb0, 0xb0, 0xd4, 0xcd, 0xcb, 0xaf, 0xaf, 0xd4, 0xd4, 0xb0, 0xb0, 0xd4, 0xd3, 0xca, 0xc8, 0x98, 0xca, 0xca, 0xcb, 0xd4, 0xd4, 0xd4, 0xd4, 0xd0, 0xb7, 0x43, 0x2c, 0x20, 0x14, 0x0b, 0x71, 0x71, 0x06, 0x0b, 0x12, 0x25, 0xa5, 0xa3, 0xa0, 0x9c, 0x97, 0x93, 0x93, 0x97, 0x99, 0x99, 0x97, 0x97, 0x97, 0x97, 0x93, 0x90, 0x8c, 0x8c, 0x89, 0x90, 0x90, 0x90, 0x90, 0x90, 0x8c, 0x89, 0x89, 0x89, 0x89, 0x89, 0x89, 0x8c, 0x86, 0x86, 0x89, 0x8c, 0x89, 0x89, 0x89, 0x89, 0x89, 0x89, 0x83, 0x83, 0x89, 0x89, 0x89, 0x89, 0x89, 0x86, 0x89, 0x86, 0x86, 0x89, 0x8c, 0x89, 0x89, 0x89, 0x86, 0x84, 0x81, 0x86, 0x83, 0x86, 0x83, 0x83, 0x7e, 0x7e, 0x81, 0x83, 0x81, 0x83, 0x83, 0x81, 0x7e, 0x81, 0x83, 0x84, 0x86, 0x89, 0x89, 
  0xa3, 0xcd, 0xa8, 0xa5, 0xa5, 0xa5, 0xa3, 0xa3, 0xa3, 0xa3, 0xa3, 0xa5, 0xa5, 0xa3, 0xa3, 0xa3, 0xa0, 0xa0, 0xa0, 0xa0, 0xa3, 0xa3, 0xa3, 0xa3, 0xa0, 0xa3, 0xa3, 0xa3, 0xa3, 0xa3, 0xa3, 0xa0, 0xa0, 0xa0, 0xa3, 0xa3, 0xa0, 0xa3, 0xa3, 0xa3, 0xa0, 0xa0, 0xa0, 0xa0, 0xa0, 0xa3, 0xa3, 0xa0, 0xa0, 0xa3, 0xa0, 0xa3, 0xa3, 0xa3, 0xa3, 0xa3, 0xa3, 0xa3, 0xa5, 0xa5, 0xa5, 0xa8, 0xa5, 0xa5, 0xa5, 0xa5, 0xa5, 0xa3, 0xa5, 0xa5, 0xa5, 0xa8, 0xa8, 0xa8, 0xa8, 0xa8, 0xa8, 0xa8, 0xa8, 0xa8, 0xa8, 0xa8, 0xa8, 0xa8, 0xa8, 0xa8, 0xa8, 0xa8, 0xa8, 0xa8, 0xa8, 0xa8, 0xa8, 0xa8, 0xa8, 0xa8, 0xa7, 0x94, 0x7d, 0x6c, 0x63, 0x63, 0x5e, 0x59, 0x59, 0x57, 0x54, 0x54, 0x54, 0x54, 0x54, 0x54, 0x52, 0x54, 0x54, 0x54, 0x57, 0x57, 0x57, 0x59, 0x59, 0x5e, 0x63, 0x66, 0x6c, 0x6c, 0x02, 0x03, 0x78, 0x80, 0x13, 0x8f, 0x22, 0x28, 0x35, 0xb8, 0xbe, 0xc1, 0xc1, 0xc1, 0xc1, 0xc1, 0xc1, 0xbe, 0xbe, 0xc1, 0xc1, 0xc1, 0xc1, 0xc1, 0xc1, 0xc1, 0xc1, 0xc1, 0xc1, 0xc0, 0xc0, 0xbf, 0xbc, 0xb5, 0xb5, 0xb0, 0xd1, 0xbc, 0xc0, 0xbe, 0xbe, 0xbf, 0xc0, 0xc1, 0xc1, 0xc1, 0xc1, 0xbe, 0xbe, 0xbe, 0xba, 0xcd, 0xca, 0xd0, 0xb5, 0x9e, 0xd3, 0xb5, 0xb5, 0xb5, 0xd1, 0xcd, 0xcb, 0xce, 0xa9, 0x35, 0x3b, 0x3a, 0x3d, 0x2e, 0x2c, 0x2c, 0xd4, 0xd4, 0xb0, 0xb5, 0xb5, 0xb5, 0xd2, 0xb0, 0xd4, 0xd1, 0xb5, 0xb0, 0xb0, 0xb0, 0xd4, 0xd3, 0xd3, 0xd4, 0xd4, 0xce, 0xd3, 0xd3, 0xb0, 0xb0, 0xb5, 0xcb, 0xd1, 0xd4, 0xcd, 0xb5, 0xb0, 0xcd, 0xa0, 0xd4, 0xd2, 0xb5, 0xb5, 0xd0, 0xd4, 0xd4, 0xb0, 0xb1, 0xb5, 0xb5, 0xd1, 0xb5, 0xb5, 0xb5, 0xb0, 0xb0, 0xb0, 0xb5, 0xd1, 0xd0, 0xb0, 0xd0, 0xaf, 0xb0, 0xd4, 0xd0, 0xd4, 0xd4, 0xcd, 0xd4, 0xb0, 0xb0, 0xd0, 0xd4, 0xcb, 0x9e, 0x8e, 0x98, 0xca, 0xcb, 0xcd, 0xd4, 0xd4, 0xd4, 0xaf, 0xb5, 0xb6, 0x35, 0x21, 0x14, 0x0b, 0x6c, 0x6c, 0x71, 0x04, 0x08, 0x16, 0x25, 0xa5, 0xa3, 0xa3, 0x9c, 0x97, 0x93, 0x97, 0x9c, 0x97, 0x97, 0x97, 0x99, 0x97, 0x93, 0x90, 0x90, 0x90, 0x8c, 0x90, 0x90, 0x90, 0x90, 0x90, 0x8c, 0x89, 0x8c, 0x89, 0x89, 0x89, 0x8c, 0x89, 0x89, 0x89, 0x89, 0x89, 0x89, 0x89, 0x8c, 0x89, 0x89, 0x89, 0x89, 0x89, 0x86, 0x89, 0x89, 0x89, 0x89, 0x86, 0x84, 0x86, 0x84, 0x83, 0x86, 0x89, 0x83, 0x83, 0x83, 0x83, 0x81, 0x83, 0x81, 0x83, 0x83, 0x83, 0x83, 0x83, 0x81, 0x81, 0x81, 0x83, 0x86, 0x83, 0x83, 0x83, 0x83, 0x89, 0x89, 0x89, 0x89, 
  0xa5, 0xa8, 0xa5, 0xa3, 0xa3, 0xa5, 0xa3, 0xa3, 0xa3, 0xa3, 0xa3, 0xa3, 0xa3, 0xa3, 0xa3, 0xa3, 0xa0, 0xa3, 0xa3, 0xa3, 0xa3, 0xa3, 0xa0, 0xa3, 0xa3, 0xa0, 0xa0, 0xa3, 0xa3, 0xa3, 0xa3, 0xa0, 0xa0, 0xa0, 0xa3, 0xa3, 0xa3, 0xa3, 0xa3, 0xa0, 0xa3, 0xa3, 0xa3, 0xa3, 0xa3, 0xa3, 0xa3, 0xa0, 0xa0, 0xa3, 0xa3, 0xa3, 0xa5, 0xa3, 0xa3, 0xa3, 0xa0, 0xa0, 0xa3, 0xa5, 0xa5, 0xa5, 0xa5, 0xa3, 0xa3, 0xa3, 0xa3, 0xa5, 0xa3, 0xa5, 0xa5, 0xa8, 0xa8, 0xa8, 0xa8, 0xa8, 0xa8, 0xa8, 0xa8, 0xa8, 0xa5, 0xa5, 0xa8, 0xa8, 0xa8, 0xa8, 0xa8, 0xa8, 0xa8, 0xa8, 0xa8, 0xa8, 0xa8, 0xa8, 0xa8, 0xa8, 0xa7, 0x1c, 0x80, 0x6f, 0x00, 0x63, 0x5e, 0x59, 0x59, 0x59, 0x57, 0x54, 0x54, 0x54, 0x54, 0x54, 0x54, 0x54, 0x54, 0x54, 0x54, 0x54, 0x57, 0x57, 0x59, 0x5e, 0x63, 0x00, 0x68, 0x6c, 0x71, 0x73, 0x04, 0x07, 0x80, 0x13, 0x94, 0x25, 0xa9, 0xb2, 0xbc, 0xc0, 0xc1, 0xc1, 0xc1, 0xc1, 0xc1, 0xbf, 0xbe, 0xc0, 0xc1, 0xc1, 0xc1, 0xc1, 0xc1, 0xc1, 0xc1, 0xc1, 0xc1, 0xbf, 0xc0, 0xc0, 0xbf, 0xb7, 0xb5, 0xb5, 0xb0, 0xb7, 0xbe, 0xbf, 0xc0, 0xc0, 0xc1, 0xc1, 0xc1, 0xc0, 0xbc, 0xb5, 0xb7, 0xbc, 0xbf, 0xbc, 0xbe, 0xc0, 0xbb, 0xd3, 0xb5, 0xb0, 0xd4, 0xb0, 0xb6, 0xd4, 0xcb, 0xcd, 0xa7, 0xa9, 0xa9, 0xa6, 0x33, 0x2e, 0x2c, 0xa7, 0xd4, 0xce, 0xd4, 0xb0, 0xb0, 0xb7, 0xb7, 0xd1, 0xb5, 0xd2, 0xb5, 0xb0, 0xb5, 0xb0, 0xd4, 0xd0, 0xd4, 0xb0, 0xb0, 0xd0, 0xcc, 0xc9, 0xd3, 0xb0, 0xb3, 0xd3, 0xb5, 0xd1, 0xd3, 0xd4, 0xb5, 0xd0, 0xcb, 0xcb, 0xb7, 0xb5, 0xb5, 0xb5, 0xb0, 0xb0, 0xb0, 0xd4, 0xd4, 0xb0, 0xb5, 0xb5, 0xb5, 0xb5, 0xb5, 0xb5, 0xb0, 0xb0, 0xd0, 0xd4, 0xb0, 0xd0, 0xb0, 0xb0, 0xb0, 0xd0, 0xd0, 0xaf, 0xa8, 0xd4, 0xb0, 0xb0, 0xd0, 0xd4, 0xcb, 0xca, 0xc8, 0xc7, 0xc9, 0xcb, 0xcb, 0xd3, 0xac, 0xae, 0xb3, 0xb6, 0xb5, 0x41, 0x2a, 0x16, 0x08, 0x6c, 0x66, 0x68, 0x6c, 0x08, 0x08, 0x8d, 0xa2, 0xa5, 0xa5, 0xa3, 0x9c, 0x97, 0x97, 0x99, 0x97, 0x99, 0x97, 0x97, 0x97, 0x93, 0x90, 0x90, 0x90, 0x8c, 0x8b, 0x8c, 0x90, 0x90, 0x8c, 0x8c, 0x8c, 0x90, 0x8c, 0x8c, 0x90, 0x89, 0x89, 0x89, 0x89, 0x89, 0x89, 0x86, 0x89, 0x89, 0x89, 0x89, 0x89, 0x89, 0x8c, 0x89, 0x86, 0x89, 0x89, 0x89, 0x89, 0x89, 0x83, 0x83, 0x83, 0x83, 0x83, 0x83, 0x83, 0x83, 0x81, 0x81, 0x83, 0x81, 0x83, 0x83, 0x83, 0x83, 0x83, 0x83, 0x81, 0x7e, 0x83, 0x83, 0x83, 0x81, 0x81, 0x83, 0x89, 0x89, 0x89, 0x8c, 
  0xa5, 0xa5, 0xa5, 0xa3, 0xa3, 0xa3, 0xa3, 0xa3, 0xa3, 0xa3, 0xa0, 0xa0, 0xa3, 0xa3, 0xa3, 0xa0, 0xa0, 0xa3, 0xa3, 0xa3, 0xa3, 0xa3, 0xa3, 0xa3, 0xa3, 0xa3, 0xa3, 0xa3, 0xa3, 0xa3, 0xa3, 0xa3, 0xa3, 0xa0, 0xa3, 0xa3, 0xa3, 0xa3, 0xa3, 0xa3, 0xa3, 0xa0, 0xa0, 0xa3, 0xa3, 0xa3, 0xa0, 0xa0, 0xa0, 0xa0, 0xa0, 0xa3, 0xa5, 0xa5, 0xa0, 0xa0, 0xa0, 0xa0, 0xa3, 0xa3, 0xa3, 0xa3, 0xa3, 0xa3, 0xa3, 0xa3, 0xa3, 0xa3, 0xa3, 0xa5, 0xa5, 0xa5, 0xa8, 0xa8, 0xa8, 0xa8, 0xa8, 0xa8, 0xa8, 0xa5, 0xa5, 0xa8, 0xa8, 0xa8, 0xa8, 0xa8, 0xa8, 0xa8, 0xa8, 0xa8, 0xa8, 0xa8, 0xa8, 0xa8, 0xa8, 0xa8, 0xa4, 0x1e, 0x0d, 0x02, 0x00, 0x61, 0x59, 0x59, 0x59, 0x59, 0x57, 0x54, 0x54, 0x54, 0x54, 0x54, 0x54, 0x54, 0x54, 0x54, 0x52, 0x54, 0x57, 0x57, 0x57, 0x5c, 0x5e, 0x63, 0x68, 0x6c, 0x6c, 0x71, 0x03, 0x05, 0x7d, 0x13, 0x1c, 0x22, 0x2c, 0x35, 0xba, 0xbf, 0xc1, 0xc1, 0xc1, 0xc1, 0xc1, 0xc1, 0xbe, 0xc0, 0xc0, 0xc1, 0xc1, 0xc1, 0xc1, 0xc1, 0xc1, 0xc1, 0xc1, 0xc0, 0xc0, 0xbf, 0xc0, 0xbc, 0xb5, 0xb5, 0xb5, 0xb5, 0xbc, 0xc0, 0xc1, 0xc0, 0xc1, 0xc1, 0xbe, 0xd2, 0xb7, 0xd1, 0xbc, 0xbf, 0xc1, 0xc1, 0xc1, 0xc1, 0xc0, 0xbe, 0xbe, 0xba, 0xb0, 0xb0, 0xb5, 0xd1, 0xd3, 0xcb, 0xcd, 0xa7, 0xa4, 0x2f, 0xa7, 0xab, 0xa8, 0xd3, 0xce, 0xd3, 0xd3, 0xd0, 0xd0, 0xaf, 0xd1, 0xb7, 0xb7, 0xb5, 0xb5, 0xd1, 0xd0, 0xb5, 0xb5, 0xb5, 0xb0, 0xd1, 0xd1, 0xb0, 0xd3, 0x9e, 0xcb, 0xb0, 0xb5, 0xb5, 0xd1, 0xb5, 0xcd, 0xd3, 0xb5, 0xd1, 0xd4, 0xc9, 0xcd, 0xb7, 0xd2, 0xb5, 0xb5, 0xb5, 0xb5, 0xd1, 0xd3, 0xaf, 0xd2, 0xd2, 0xd2, 0xd2, 0xd2, 0xb5, 0xd4, 0xd0, 0xb0, 0xb0, 0xb5, 0xb0, 0xb0, 0xd1, 0xb0, 0xb0, 0xb0, 0xb0, 0xd4, 0xd0, 0xb0, 0xb0, 0xb0, 0xcd, 0xcd, 0xcb, 0xca, 0xc8, 0xc8, 0xca, 0xca, 0xcc, 0xd4, 0xb2, 0xb6, 0xba, 0xb6, 0xb6, 0xae, 0x9a, 0x07, 0x6c, 0x6c, 0x63, 0x00, 0x71, 0x04, 0x08, 0x94, 0xa5, 0xcd, 0xa5, 0xa3, 0x9c, 0x9c, 0x9c, 0x9c, 0x9c, 0x97, 0x93, 0x93, 0x90, 0x90, 0x91, 0x91, 0x90, 0x8c, 0x8c, 0x90, 0x90, 0x8c, 0x89, 0x89, 0x90, 0x89, 0x8c, 0x90, 0x8c, 0x8c, 0x89, 0x89, 0x89, 0x89, 0x89, 0x89, 0x89, 0x89, 0x89, 0x89, 0x89, 0x89, 0x8c, 0x8c, 0x89, 0x89, 0x8c, 0x8c, 0x89, 0x89, 0x83, 0x83, 0x83, 0x83, 0x83, 0x83, 0x83, 0x86, 0x83, 0x86, 0x84, 0x86, 0x83, 0x83, 0x83, 0x83, 0x83, 0x83, 0x81, 0x83, 0x83, 0x83, 0x81, 0x7e, 0x7e, 0x83, 0x83, 0x89, 0x89, 
  0xa5, 0xa5, 0xa3, 0xa3, 0xa3, 0xa0, 0xa3, 0xa3, 0xa3, 0xa0, 0xa3, 0xa3, 0xa3, 0xa3, 0xa3, 0xa0, 0xa0, 0xa3, 0xa3, 0xa3, 0xa3, 0xa0, 0xa3, 0xa3, 0xa3, 0xa3, 0xa3, 0xa3, 0xa3, 0xa3, 0xa3, 0xa3, 0xa3, 0xa3, 0xa3, 0xa3, 0xa3, 0xa3, 0xa3, 0xa3, 0xa3, 0xa0, 0xa0, 0xa0, 0xa0, 0xa0, 0xa0, 0xa0, 0xa0, 0xa0, 0xa0, 0xa3, 0xa5, 0xa3, 0xa0, 0xa0, 0xa0, 0xa3, 0xa3, 0xa0, 0xa3, 0xa3, 0xa3, 0xa3, 0xa3, 0xa3, 0xa3, 0xa3, 0xa5, 0xa5, 0xa3, 0xa5, 0xa5, 0xa8, 0xa8, 0xa8, 0xa8, 0xa5, 0xa5, 0xa8, 0xa8, 0xa8, 0xa8, 0xd3, 0xa8, 0xa8, 0xa8, 0xa8, 0xa8, 0xa8, 0xa8, 0xa8, 0xd3, 0xa8, 0xa8, 0xa8, 0xa8, 0x1e, 0x0d, 0x73, 0x00, 0x61, 0x5c, 0x5e, 0x59, 0x59, 0x57, 0x57, 0x54, 0x54, 0x54, 0x54, 0x54, 0x54, 0x57, 0x54, 0x54, 0x54, 0x57, 0x57, 0x59, 0x59, 0x5e, 0x63, 0x6c, 0x6c, 0x6c, 0x71, 0x03, 0x03, 0x7d, 0x12, 0x8d, 0x1e, 0x28, 0xa9, 0x43, 0xbf, 0xc1, 0xc1, 0xc1, 0xc1, 0xc1, 0xc1, 0xc0, 0xb7, 0xbe, 0xc1, 0xc1, 0xc1, 0xc1, 0xc1, 0xc1, 0xc0, 0xc1, 0xc0, 0xc0, 0xc0, 0xc0, 0xbf, 0xba, 0xd1, 0xb5, 0xb0, 0xb9, 0xbd, 0xbf, 0xbc, 0xbc, 0xb7, 0xb5, 0xd2, 0xbc, 0xbf, 0xc0, 0xc1, 0xc1, 0xc1, 0xc1, 0xc1, 0xbf, 0xc1, 0xc1, 0xbe, 0xba, 0xd1, 0xd0, 0xb5, 0xb0, 0xcc, 0xcd, 0xd3, 0xd3, 0xac, 0xd3, 0xce, 0xd3, 0xd3, 0xd3, 0xd3, 0xd3, 0xd4, 0xb0, 0xd4, 0xb5, 0xb7, 0xb8, 0xb5, 0xb5, 0xb5, 0xb0, 0xb5, 0xb7, 0xb5, 0xb5, 0xb5, 0xd1, 0xd4, 0xd3, 0xd4, 0xd1, 0xb0, 0xb0, 0xb5, 0xd4, 0xb5, 0xb1, 0xb0, 0xd2, 0xb5, 0xd1, 0xcb, 0xca, 0xb3, 0xb7, 0xd2, 0xd2, 0xb5, 0xd2, 0xb5, 0xb0, 0xb5, 0xd2, 0xb5, 0xd2, 0xd2, 0xd2, 0xd2, 0xd1, 0xd1, 0xd1, 0xb5, 0xb5, 0xb5, 0xb0, 0xd1, 0xb0, 0xb0, 0xb0, 0xb0, 0xd0, 0xd0, 0xb0, 0xb0, 0xb0, 0xcc, 0xd3, 0xcb, 0xcb, 0xca, 0xc7, 0x9e, 0xcb, 0xca, 0xcd, 0xb5, 0xba, 0xbc, 0xb8, 0xb2, 0xb6, 0x35, 0x15, 0x6c, 0x6c, 0x68, 0x63, 0x68, 0x71, 0x04, 0x12, 0x27, 0xa5, 0xcd, 0xa5, 0xa3, 0xa3, 0xa3, 0xa0, 0xa0, 0x99, 0x99, 0x93, 0x8c, 0x90, 0x91, 0x93, 0x93, 0x90, 0x90, 0x90, 0x90, 0x90, 0x89, 0x89, 0x8c, 0x89, 0x89, 0x8c, 0x90, 0x90, 0x8c, 0x8c, 0x89, 0x86, 0x89, 0x89, 0x89, 0x89, 0x89, 0x89, 0x90, 0x86, 0x90, 0x89, 0x8c, 0x8c, 0x89, 0x89, 0x89, 0x89, 0x86, 0x86, 0x83, 0x83, 0x83, 0x81, 0x7e, 0x83, 0x83, 0x83, 0x89, 0x89, 0x86, 0x83, 0x83, 0x83, 0x83, 0x83, 0x83, 0x84, 0x86, 0x86, 0x83, 0x7a, 0x7e, 0x81, 0x83, 0x89, 0x83, 
  0xa5, 0xa3, 0xa0, 0xa0, 0xa0, 0xa0, 0xa3, 0xa3, 0xa3, 0xa3, 0xa5, 0xa3, 0xa5, 0xa3, 0xa3, 0xa0, 0xa0, 0xa0, 0xa0, 0xa0, 0xa0, 0xa3, 0xa3, 0xa3, 0xa3, 0xa3, 0xa3, 0xa3, 0xa3, 0xa3, 0xa3, 0xa3, 0xa3, 0xa3, 0xa0, 0xa0, 0xa3, 0xa3, 0xa3, 0xa3, 0xa3, 0xa3, 0xa0, 0xa0, 0xa0, 0xa0, 0xa0, 0xa0, 0xa0, 0xa0, 0xa0, 0xa3, 0xa3, 0xa3, 0xa3, 0xa0, 0xa0, 0xa0, 0xa0, 0xa3, 0xa3, 0xa3, 0xa3, 0xa3, 0xa3, 0xa3, 0xa3, 0xa3, 0xa5, 0xa5, 0xa5, 0xa5, 0xa5, 0xa5, 0xa8, 0xa8, 0xa8, 0xa5, 0xa5, 0xa8, 0xa8, 0xa8, 0xa8, 0xa8, 0xa8, 0xa8, 0xa5, 0xa5, 0xa8, 0xa8, 0xa8, 0xa8, 0xa8, 0xa8, 0xa8, 0xa8, 0xa7, 0x21, 0x0c, 0x73, 0x68, 0x63, 0x61, 0x5c, 0x59, 0x59, 0x57, 0x57, 0x57, 0x57, 0x54, 0x54, 0x54, 0x54, 0x54, 0x54, 0x54, 0x54, 0x57, 0x59, 0x59, 0x59, 0x63, 0x68, 0x6c, 0x6c, 0x6c, 0x6c, 0x03, 0x04, 0x78, 0x80, 0x88, 0x1c, 0x22, 0x2c, 0x3b, 0x4a, 0xc1, 0xc1, 0xc0, 0xc1, 0xc1, 0xc1, 0xc1, 0xba, 0xbc, 0xc1, 0xc0, 0xc1, 0xc0, 0xc0, 0xbe, 0xc0, 0xc0, 0xc0, 0xc0, 0xc0, 0xc0, 0xbf, 0xbf, 0xb0, 0xd0, 0xb0, 0xb0, 0xba, 0xbd, 0xb5, 0xb0, 0xb7, 0xbb, 0xbf, 0xc1, 0xc1, 0xc1, 0xc1, 0xc1, 0xc1, 0xc1, 0xc1, 0xc0, 0xc1, 0xc1, 0xc1, 0xbd, 0xb5, 0xb0, 0xb5, 0xd2, 0xd4, 0xca, 0xcd, 0xd3, 0xd3, 0xd3, 0xd3, 0xd3, 0xd3, 0xd3, 0xd3, 0xd3, 0xd3, 0xd4, 0xb0, 0xb5, 0xb5, 0xba, 0xb5, 0xd0, 0xb5, 0xb7, 0xb7, 0xba, 0xb7, 0xb5, 0xb5, 0xb5, 0xb0, 0xcd, 0xcd, 0xb0, 0xb0, 0xb5, 0xb5, 0xd4, 0xb5, 0xd1, 0xca, 0xd3, 0xd2, 0xb5, 0xd0, 0xcb, 0xcd, 0xd2, 0xb5, 0xb5, 0xd2, 0xb5, 0xd2, 0xd2, 0xb5, 0xb5, 0xb5, 0xb5, 0xb5, 0xd2, 0xd2, 0xd2, 0xd2, 0xb5, 0xb5, 0xb5, 0xb5, 0xb0, 0xd1, 0xb5, 0xb0, 0xb0, 0xb0, 0xb0, 0xb0, 0xb0, 0xb0, 0xb0, 0xd4, 0xd3, 0xd3, 0xcd, 0xcd, 0x98, 0xc8, 0xca, 0xcb, 0xca, 0xcd, 0xb5, 0xbc, 0xbc, 0xb6, 0xb2, 0xb6, 0xa2, 0x79, 0x6c, 0x6c, 0x00, 0x63, 0x6c, 0x71, 0x08, 0x94, 0xa5, 0xa5, 0xa5, 0xa5, 0xa5, 0xa5, 0xa5, 0xa5, 0xa0, 0x99, 0x91, 0x90, 0x90, 0x90, 0x90, 0x91, 0x90, 0x8c, 0x90, 0x90, 0x90, 0x89, 0x89, 0x89, 0x89, 0x89, 0x86, 0x8b, 0x8c, 0x8c, 0x89, 0x89, 0x86, 0x89, 0x89, 0x89, 0x89, 0x89, 0x89, 0x89, 0x89, 0x90, 0x8c, 0x8c, 0x8c, 0x89, 0x89, 0x89, 0x86, 0x84, 0x86, 0x83, 0x83, 0x83, 0x81, 0x7c, 0x7e, 0x83, 0x83, 0x83, 0x83, 0x83, 0x83, 0x83, 0x83, 0x83, 0x89, 0x86, 0x86, 0x89, 0x89, 0x86, 0x7e, 0x7e, 0x7e, 0x83, 0x83, 0x83, 
  0xa5, 0xa3, 0xa0, 0xa0, 0xa3, 0xa0, 0xa3, 0xa3, 0xa3, 0xa5, 0xa8, 0xa5, 0xa5, 0xa5, 0xa3, 0xa0, 0xa0, 0xa0, 0xa0, 0xa0, 0xa0, 0xa0, 0xa0, 0xa3, 0xa3, 0xa3, 0xa3, 0xa5, 0xa3, 0xa3, 0xa3, 0xa3, 0xa3, 0xa3, 0xa3, 0xa3, 0xa0, 0xa3, 0xa5, 0xa3, 0xa3, 0xa3, 0xa0, 0xa0, 0xa0, 0xa0, 0xa0, 0xa0, 0xa0, 0xa0, 0xa0, 0xa3, 0xa0, 0xa0, 0xa0, 0xa0, 0xa0, 0xa0, 0xa0, 0xa3, 0xa3, 0xa3, 0xa3, 0xa3, 0xa3, 0xa3, 0xa3, 0xa3, 0xa5, 0xa5, 0xa8, 0xa5, 0xa8, 0xa8, 0xa8, 0xa8, 0xa8, 0xa5, 0xa5, 0xa8, 0xa8, 0xa8, 0xa5, 0xa8, 0xa8, 0xa8, 0xa8, 0xa5, 0xa8, 0xa8, 0xa8, 0xa8, 0xa8, 0xa8, 0xa8, 0xa8, 0xa4, 0x20, 0x0d, 0x02, 0x00, 0x61, 0x5e, 0x5c, 0x59, 0x59, 0x57, 0x57, 0x57, 0x57, 0x54, 0x54, 0x57, 0x57, 0x54, 0x54, 0x54, 0x54, 0x57, 0x57, 0x59, 0x5c, 0x63, 0x68, 0x6c, 0x6c, 0x6c, 0x6c, 0x73, 0x08, 0x08, 0x0c, 0x12, 0x8d, 0x9a, 0x28, 0xa9, 0x43, 0xbf, 0xc0, 0xc0, 0xc1, 0xc1, 0xc1, 0xc1, 0xc0, 0xbc, 0xbf, 0xc1, 0xc1, 0xc0, 0xc0, 0xbe, 0xc0, 0xc1, 0xc0, 0xc0, 0xc0, 0xc0, 0xc0, 0xc0, 0xbb, 0xd0, 0xb5, 0xcf, 0xb5, 0xb9, 0xb7, 0xba, 0xbf, 0xc1, 0xc1, 0xc1, 0xc1, 0xc1, 0xc1, 0xc1, 0xc1, 0xc1, 0xc1, 0xc1, 0xc1, 0xc1, 0xc0, 0xbd, 0xb7, 0xd1, 0xb0, 0xb5, 0xb7, 0xcb, 0xcb, 0xd3, 0xd3, 0xd3, 0xd3, 0xd3, 0xce, 0xd3, 0xd3, 0xd3, 0xd3, 0xd3, 0xaf, 0xb0, 0xb5, 0xba, 0xb7, 0xb7, 0xb7, 0xb7, 0xb7, 0xba, 0xb7, 0xb5, 0xb5, 0xb5, 0xb0, 0xcd, 0xcb, 0xd4, 0xb5, 0xb5, 0xb5, 0xb5, 0xd1, 0xd4, 0xc9, 0xd3, 0xd2, 0xd2, 0xd1, 0xd3, 0xcd, 0xb0, 0xb5, 0xb5, 0xd2, 0xd2, 0xb5, 0xb5, 0xb5, 0xb5, 0xd2, 0xd2, 0xb5, 0xd2, 0xd2, 0xd2, 0xd2, 0xd2, 0xb5, 0xd2, 0xb5, 0xb5, 0xb5, 0xb3, 0xb0, 0xb5, 0xb0, 0xb0, 0xd1, 0xd1, 0xd1, 0xb0, 0xaf, 0xd3, 0xd3, 0xd3, 0xd3, 0xcb, 0xc8, 0xc8, 0xca, 0xca, 0xca, 0xd3, 0xb3, 0xba, 0xb8, 0x3b, 0xb3, 0xb3, 0x9b, 0x02, 0x00, 0x6c, 0x68, 0x6c, 0x02, 0x04, 0x1c, 0xa4, 0xa5, 0xa5, 0xa5, 0xa5, 0xa3, 0xa3, 0xa3, 0xa3, 0x9c, 0x93, 0x91, 0x90, 0x90, 0x90, 0x90, 0x90, 0x8c, 0x90, 0x90, 0x8c, 0x89, 0x89, 0x8c, 0x86, 0x8c, 0x89, 0x86, 0x89, 0x8c, 0x89, 0x89, 0x86, 0x89, 0x8c, 0x8c, 0x89, 0x8c, 0x89, 0x83, 0x8c, 0x89, 0x89, 0x89, 0x89, 0x86, 0x89, 0x89, 0x86, 0x83, 0x83, 0x81, 0x81, 0x7e, 0x81, 0x7e, 0x81, 0x81, 0x86, 0x83, 0x83, 0x83, 0x81, 0x83, 0x83, 0x83, 0x86, 0x84, 0x83, 0x89, 0x89, 0x83, 0x7e, 0x7e, 0x7e, 0x7e, 0x83, 0x83, 
  0xa3, 0xa3, 0xa0, 0xa0, 0xa0, 0xa3, 0xa3, 0xa3, 0xa3, 0xa5, 0xa5, 0xa3, 0xa3, 0xa3, 0xa3, 0xa0, 0xa0, 0xa3, 0xa3, 0xa3, 0xa3, 0xa3, 0xa3, 0xa3, 0xa3, 0xa3, 0xa3, 0xa3, 0xa3, 0xa3, 0xa3, 0xa3, 0xa3, 0xa3, 0xa3, 0xa3, 0xa3, 0xa3, 0xa3, 0xa3, 0xa3, 0xa3, 0xa3, 0xa3, 0xa0, 0xa0, 0xa0, 0xa0, 0xa0, 0xa0, 0xa0, 0xa0, 0xa0, 0xa3, 0xa0, 0xa0, 0xa0, 0xa3, 0xa0, 0xa3, 0xa3, 0xa3, 0xa3, 0xa3, 0xa3, 0xa5, 0xa5, 0xa3, 0xa5, 0xa8, 0xa8, 0xa5, 0xa5, 0xa5, 0xa5, 0xa8, 0xa8, 0xa5, 0xa5, 0xa8, 0xa8, 0xa5, 0xa5, 0xa8, 0xa8, 0xa8, 0xa5, 0xa8, 0xa8, 0xa5, 0xa8, 0xa8, 0xa8, 0xa8, 0xa8, 0xa8, 0xa4, 0x1e, 0x08, 0x6f, 0x00, 0x63, 0x5e, 0x5e, 0x59, 0x59, 0x57, 0x57, 0x57, 0x57, 0x54, 0x57, 0x54, 0x57, 0x54, 0x54, 0x54, 0x54, 0x57, 0x57, 0x59, 0x5e, 0x63, 0x00, 0x68, 0x6b, 0x6b, 0x71, 0x71, 0x08, 0x08, 0x08, 0x0e, 0x13, 0x1c, 0x22, 0x2c, 0x3b, 0x4a, 0xc1, 0xc1, 0xc1, 0xbe, 0xbe, 0xc1, 0xc1, 0xbf, 0xbc, 0xc1, 0xc0, 0xc0, 0xc1, 0xc1, 0xc1, 0xc1, 0xc1, 0xc0, 0xbf, 0xc0, 0xbf, 0xc0, 0xbf, 0xd2, 0xd0, 0xd1, 0xcf, 0xb5, 0xbc, 0xc0, 0xc1, 0xc1, 0xc1, 0xc1, 0xc1, 0xc1, 0xc0, 0xc0, 0xc1, 0xc1, 0xc1, 0xc1, 0xc1, 0xc0, 0xbe, 0xb7, 0xb5, 0xd1, 0xb5, 0xd1, 0xb7, 0xd3, 0xcb, 0xcc, 0xd3, 0xd3, 0xd3, 0xd3, 0xd3, 0xd3, 0xd3, 0xd3, 0xd3, 0xd3, 0xd4, 0xb0, 0xd0, 0xb7, 0xba, 0xba, 0xb7, 0xb7, 0xd2, 0xba, 0xb5, 0xd4, 0xb5, 0xb5, 0xb0, 0xaf, 0xd4, 0xb0, 0xd2, 0xb5, 0xb5, 0xb5, 0xcf, 0xb0, 0xd4, 0xcc, 0xd0, 0xb5, 0xb5, 0xd0, 0xcd, 0xd3, 0xd1, 0xd2, 0xd2, 0xb7, 0xd2, 0xd2, 0xd2, 0xb5, 0xb5, 0xb5, 0xb5, 0xd2, 0xd2, 0xd2, 0xb7, 0xb5, 0xb5, 0xb5, 0xb5, 0xb5, 0xb5, 0xb5, 0xb0, 0xb5, 0xb5, 0xb0, 0xd1, 0xb0, 0xb0, 0xb0, 0xb5, 0xb0, 0xd4, 0xd4, 0xcd, 0xcd, 0xc9, 0x8e, 0xc7, 0xca, 0xca, 0xcb, 0xac, 0xb2, 0x3b, 0xae, 0xaf, 0xd2, 0xae, 0x92, 0x00, 0x68, 0x6c, 0x71, 0x04, 0x04, 0x8d, 0x2a, 0xa5, 0xa5, 0xa5, 0xa3, 0xa3, 0xa3, 0xa5, 0xa5, 0xa0, 0x99, 0x93, 0x91, 0x90, 0x90, 0x90, 0x90, 0x90, 0x90, 0x90, 0x90, 0x89, 0x89, 0x89, 0x89, 0x8c, 0x89, 0x89, 0x89, 0x90, 0x90, 0x89, 0x89, 0x89, 0x90, 0x90, 0x90, 0x8c, 0x86, 0x89, 0x89, 0x83, 0x83, 0x83, 0x83, 0x83, 0x83, 0x83, 0x83, 0x83, 0x81, 0x83, 0x83, 0x81, 0x81, 0x83, 0x83, 0x81, 0x83, 0x81, 0x81, 0x81, 0x81, 0x81, 0x81, 0x83, 0x83, 0x86, 0x83, 0x86, 0x8c, 0x83, 0x7a, 0x7e, 0x81, 0x7e, 0x81, 0x81, 
  0xa3, 0xa3, 0xa0, 0xa0, 0xa3, 0xa3, 0xa3, 0xa3, 0xa3, 0xa3, 0xa3, 0xa0, 0xa0, 0xa0, 0xa0, 0x9c, 0x9c, 0xa0, 0xa3, 0xa3, 0xa3, 0xa3, 0xa3, 0xa3, 0xa3, 0xa3, 0xa3, 0xa3, 0xa3, 0xa3, 0xa3, 0xa3, 0xa3, 0xa3, 0xa3, 0xa3, 0xa0, 0xa3, 0xa3, 0xa3, 0xa0, 0xa0, 0xa3, 0xa3, 0xa3, 0xa0, 0xa0, 0xa0, 0xa0, 0xa0, 0xa3, 0xa3, 0xa0, 0xa3, 0xa0, 0xa0, 0xa0, 0xa3, 0xa0, 0xa3, 0xa3, 0xa3, 0xa3, 0xa3, 0xa3, 0xa3, 0xa5, 0xa5, 0xa5, 0xa5, 0xa5, 0xa5, 0xa5, 0xa5, 0xa5, 0xa8, 0xa5, 0xa5, 0xa5, 0xa8, 0xa8, 0xa5, 0xa8, 0xa8, 0xa8, 0xa8, 0xa8, 0xa8, 0xa8, 0xa8, 0xa8, 0xa8, 0xa8, 0xa8, 0xa8, 0xa5, 0x27, 0x8d, 0x78, 0x6c, 0x00, 0x63, 0x5e, 0x5e, 0x59, 0x59, 0x59, 0x59, 0x57, 0x57, 0x57, 0x57, 0x54, 0x57, 0x54, 0x52, 0x54, 0x57, 0x54, 0x57, 0x5c, 0x5e, 0x63, 0x00, 0x6c, 0x6c, 0x71, 0x04, 0x04, 0x08, 0x08, 0x08, 0x80, 0x12, 0x1c, 0x21, 0x2c, 0x35, 0x43, 0xbe, 0xc1, 0xc1, 0xbc, 0xbc, 0xc0, 0xc1, 0xc1, 0xbe, 0xc0, 0xbf, 0xbf, 0xc1, 0xc1, 0xc1, 0xc1, 0xc0, 0xc0, 0xc0, 0xc0, 0xc0, 0xc0, 0xc0, 0xbe, 0xce, 0xb5, 0xb0, 0xd1, 0xbc, 0xc0, 0xc1, 0xc1, 0xc1, 0xc1, 0xc1, 0xc0, 0xbe, 0xbe, 0xc1, 0xc1, 0xc1, 0xc1, 0xc1, 0xc1, 0xbe, 0xb7, 0xd1, 0xb5, 0xb0, 0xb0, 0xb0, 0xb5, 0xcd, 0xca, 0xd3, 0xd3, 0xd3, 0xd3, 0xce, 0xa7, 0xa6, 0xa9, 0xa9, 0xa8, 0xd3, 0xd0, 0xb0, 0xb7, 0xb7, 0xb7, 0xb7, 0xd3, 0xc9, 0xb0, 0xb7, 0xb0, 0xb5, 0xb5, 0xb5, 0xd1, 0xb5, 0xb7, 0xd2, 0xb5, 0xd2, 0xb5, 0xb0, 0xb5, 0xd0, 0xca, 0xd4, 0xb5, 0xd2, 0xd1, 0xd3, 0xca, 0xb0, 0xd2, 0xb5, 0xd2, 0xb5, 0xb5, 0xb5, 0xb5, 0xb5, 0xb5, 0xb5, 0xb5, 0xb5, 0xb7, 0xb7, 0xd2, 0xb5, 0xb5, 0xb5, 0xb5, 0xb5, 0xb0, 0xb5, 0xb5, 0xb0, 0xd1, 0xb5, 0xb3, 0xb0, 0xb0, 0xb5, 0xb0, 0xd0, 0xd4, 0xaf, 0xcd, 0xca, 0xc8, 0x8e, 0xc9, 0xca, 0xca, 0xcc, 0xce, 0xd4, 0xd4, 0xd4, 0xcf, 0xb5, 0xac, 0x09, 0x68, 0x6c, 0x04, 0x08, 0x08, 0x8f, 0xa1, 0xa5, 0xa5, 0xa3, 0xa3, 0xa0, 0xa0, 0xa3, 0xa3, 0xa5, 0xa0, 0x99, 0x93, 0x90, 0x90, 0x90, 0x8c, 0x90, 0x90, 0x90, 0x90, 0x89, 0x8c, 0x90, 0x89, 0x8c, 0x89, 0x8c, 0x89, 0x90, 0x90, 0x89, 0x89, 0x90, 0x8c, 0x8c, 0x90, 0x89, 0x83, 0x89, 0x89, 0x83, 0x83, 0x83, 0x83, 0x83, 0x81, 0x81, 0x81, 0x81, 0x83, 0x86, 0x83, 0x7e, 0x7e, 0x83, 0x83, 0x83, 0x81, 0x7e, 0x81, 0x81, 0x81, 0x81, 0x81, 0x81, 0x81, 0x81, 0x86, 0x89, 0x89, 0x89, 0x7e, 0x7e, 0x7e, 0x7c, 0x83, 0x81, 
  0xa3, 0xa3, 0xa0, 0xa0, 0xa3, 0xa3, 0xa3, 0xa3, 0xa3, 0xa3, 0xa3, 0x9c, 0xa0, 0x9c, 0xa0, 0xa0, 0x9c, 0x9c, 0xa0, 0xa0, 0xa0, 0xa0, 0xa3, 0xa3, 0xa3, 0xa3, 0xa3, 0xa3, 0xa3, 0xa3, 0xa5, 0xa3, 0xa3, 0xa3, 0xa3, 0xa3, 0xa3, 0xa3, 0xa3, 0xa3, 0xa0, 0xa0, 0xa3, 0xa3, 0xa3, 0xa0, 0xa0, 0xa0, 0xa0, 0xa0, 0xa3, 0xa3, 0xa0, 0xa3, 0xa3, 0xa0, 0xa0, 0xa0, 0xa0, 0xa3, 0xa3, 0xa3, 0xa3, 0xa3, 0xa3, 0xa3, 0xa5, 0xa5, 0xa5, 0xa5, 0xa5, 0xa5, 0xa5, 0xa5, 0xa5, 0xa5, 0xa5, 0xa5, 0xa5, 0xa8, 0xa8, 0xa8, 0xa8, 0xa8, 0xa8, 0xa8, 0xa8, 0xa8, 0xa8, 0xa8, 0xa8, 0xa8, 0xa8, 0xa8, 0xa8, 0xa8, 0x9f, 0x12, 0x04, 0x6c, 0x63, 0x63, 0x5e, 0x5c, 0x59, 0x59, 0x59, 0x59, 0x57, 0x57, 0x57, 0x54, 0x54, 0x54, 0x52, 0x52, 0x54, 0x57, 0x57, 0x57, 0x59, 0x5c, 0x61, 0x00, 0x6c, 0x6c, 0x71, 0x04, 0x06, 0x08, 0x08, 0x08, 0x0c, 0x0e, 0x8d, 0x9a, 0x25, 0x2f, 0x3b, 0x4a, 0xc1, 0xc1, 0xc0, 0xbf, 0xc1, 0xc1, 0xc1, 0xc0, 0xbe, 0xc1, 0xc0, 0xc1, 0xc1, 0xc1, 0xc1, 0xc1, 0xc0, 0xbf, 0xc0, 0xbf, 0xc0, 0xbf, 0xc0, 0xb7, 0xd4, 0xd1, 0xd4, 0xb7, 0xbe, 0xc1, 0xc1, 0xc1, 0xc1, 0xc1, 0xbf, 0xbc, 0xbe, 0xc1, 0xc1, 0xc1, 0xc1, 0xc1, 0xc0, 0xbd, 0xb8, 0xb7, 0xb7, 0xd1, 0xb0, 0xcf, 0xb5, 0xb0, 0xcb, 0xcc, 0xd3, 0xd3, 0xa7, 0x2f, 0x2f, 0x33, 0x3d, 0x39, 0x33, 0xaa, 0xd4, 0xb0, 0xd2, 0xb7, 0xb5, 0xd1, 0xcb, 0x98, 0xcf, 0xb5, 0xd2, 0xd2, 0xb5, 0xb5, 0xb5, 0xb7, 0xb7, 0xb5, 0xd1, 0xd2, 0xb5, 0xb0, 0xb0, 0xb0, 0xd4, 0xb5, 0xd2, 0xb5, 0xb5, 0xd4, 0xa0, 0xca, 0xb5, 0xb6, 0xb5, 0xb5, 0xb5, 0xb5, 0xd2, 0xb5, 0xb5, 0xb5, 0xb5, 0xd2, 0xb7, 0xb7, 0xd2, 0xd2, 0xd2, 0xd2, 0xb5, 0xb5, 0xb5, 0xb5, 0xb5, 0xb5, 0xb5, 0xb0, 0xd4, 0xd0, 0xb0, 0xb5, 0xb0, 0xb0, 0xb0, 0xb0, 0xd4, 0xa3, 0xca, 0xc8, 0x8e, 0xca, 0xcb, 0xcb, 0xd3, 0xce, 0xd4, 0xd4, 0xd4, 0xb0, 0xb7, 0xa2, 0x6f, 0x6c, 0x08, 0x0c, 0x80, 0x1c, 0x9f, 0xa3, 0xa5, 0xa3, 0xa0, 0xa0, 0xa0, 0xa0, 0xa0, 0xa5, 0xa0, 0x9c, 0x93, 0x8c, 0x8c, 0x8b, 0x8c, 0x90, 0x8c, 0x8c, 0x90, 0x8c, 0x90, 0x91, 0x90, 0x8c, 0x8c, 0x8c, 0x89, 0x8c, 0x89, 0x89, 0x89, 0x90, 0x8c, 0x89, 0x89, 0x89, 0x89, 0x89, 0x83, 0x83, 0x7e, 0x83, 0x81, 0x83, 0x81, 0x81, 0x83, 0x83, 0x83, 0x83, 0x83, 0x7e, 0x7e, 0x7e, 0x83, 0x89, 0x83, 0x7e, 0x7e, 0x81, 0x81, 0x7e, 0x7e, 0x81, 0x83, 0x81, 0x81, 0x83, 0x86, 0x89, 0x83, 0x7e, 0x7e, 0x7c, 0x83, 0x81, 
  0xa0, 0xa0, 0xa3, 0xa0, 0xa0, 0xa3, 0xa3, 0xa3, 0xa0, 0xa0, 0xa0, 0x9c, 0xa0, 0xa0, 0xa3, 0xa0, 0xa0, 0xa0, 0xa3, 0xa3, 0xa0, 0xa0, 0xa3, 0xa3, 0xa0, 0xa0, 0xa3, 0xa0, 0xa3, 0xa3, 0xa5, 0xa3, 0xa3, 0xa5, 0xa3, 0xa3, 0xa3, 0xa5, 0xa3, 0xa3, 0xa0, 0xa0, 0xa3, 0xa0, 0xa3, 0xa0, 0xa0, 0xa0, 0xa0, 0xa0, 0xa0, 0xa0, 0xa3, 0xa3, 0xa0, 0xa0, 0xa0, 0xa0, 0xa3, 0xa3, 0xa3, 0xa3, 0xa3, 0xa5, 0xa5, 0xa3, 0xa3, 0xa5, 0xa5, 0xa5, 0xa5, 0xa5, 0xa5, 0xa5, 0xa5, 0xa5, 0xa8, 0xa8, 0xa5, 0xa8, 0xa8, 0xa8, 0xa8, 0xa5, 0xa8, 0xa8, 0xa8, 0xa5, 0xa8, 0xd3, 0xa8, 0xa8, 0xa8, 0xa8, 0xa8, 0xa8, 0x9b, 0x80, 0x04, 0x6c, 0x63, 0x63, 0x5e, 0x5c, 0x59, 0x59, 0x57, 0x59, 0x57, 0x57, 0x54, 0x54, 0x54, 0x54, 0x52, 0x54, 0x57, 0x57, 0x57, 0x57, 0x59, 0x61, 0x63, 0x00, 0x6c, 0x6b, 0x71, 0x04, 0x08, 0x04, 0x08, 0x08, 0x08, 0x08, 0x0e, 0x8f, 0x9a, 0x28, 0x33, 0x41, 0x4a, 0xc1, 0xc1, 0xc1, 0xc1, 0xc1, 0xc1, 0xc1, 0xbe, 0xbe, 0xc1, 0xc1, 0xc1, 0xc0, 0xc1, 0xc0, 0xc0, 0xc0, 0xc0, 0xc0, 0xc0, 0xc0, 0xbf, 0xbc, 0xd3, 0xb0, 0xd4, 0xb0, 0xba, 0xbf, 0xc1, 0xc1, 0xc1, 0xc1, 0xc0, 0xc0, 0xc1, 0xc1, 0xc1, 0xc1, 0xc1, 0xbf, 0xbc, 0xb7, 0xba, 0xb7, 0xd2, 0xb5, 0xd0, 0xaf, 0xd4, 0xd1, 0xd3, 0xc9, 0xcb, 0xd3, 0xa9, 0xa6, 0xab, 0x39, 0x34, 0x2f, 0xa9, 0x35, 0xce, 0xd0, 0xd1, 0xb7, 0xaf, 0xcd, 0xb6, 0xb5, 0xb7, 0xd2, 0xb7, 0xb7, 0xd2, 0xb7, 0xd2, 0xb7, 0xb7, 0xd2, 0xb7, 0xb5, 0xb5, 0xb0, 0xd4, 0xb5, 0xd3, 0x9c, 0xb0, 0xd2, 0xb5, 0xb0, 0xca, 0xc7, 0xb0, 0xb7, 0xd2, 0xb5, 0xb5, 0xd1, 0xb5, 0xb5, 0xb5, 0xb5, 0xb5, 0xd2, 0xd2, 0xb7, 0xd2, 0xb7, 0xd2, 0xd2, 0xb5, 0xb5, 0xd2, 0xb5, 0xb5, 0xb5, 0xb0, 0xd0, 0xd4, 0xb0, 0xb0, 0xb0, 0xb0, 0xb0, 0xb0, 0xd4, 0xd4, 0xd4, 0xd3, 0xcb, 0x8e, 0x8e, 0xcb, 0xcb, 0xcc, 0xd3, 0xd4, 0xd4, 0xd4, 0xd4, 0xb5, 0xb6, 0x8a, 0x02, 0x08, 0x80, 0x12, 0x9a, 0xa4, 0xa5, 0xa5, 0xa5, 0xa3, 0xa3, 0xa3, 0xa0, 0xa0, 0xa3, 0xa0, 0xa0, 0x93, 0x8c, 0x89, 0x90, 0x90, 0x8c, 0x8c, 0x8c, 0x90, 0x90, 0x90, 0x90, 0x90, 0x90, 0x90, 0x8c, 0x89, 0x89, 0x89, 0x89, 0x89, 0x89, 0x89, 0x89, 0x89, 0x83, 0x89, 0x89, 0x7e, 0x83, 0x81, 0x81, 0x83, 0x83, 0x83, 0x81, 0x7e, 0x81, 0x7e, 0x81, 0x7e, 0x81, 0x7e, 0x7e, 0x83, 0x83, 0x83, 0x81, 0x7e, 0x7e, 0x7e, 0x81, 0x83, 0x81, 0x83, 0x83, 0x81, 0x81, 0x86, 0x89, 0x81, 0x83, 0x7a, 0x7e, 0x7e, 0x7e, 
  0xa0, 0xa0, 0xa0, 0xa0, 0xa0, 0xa3, 0xa3, 0xa0, 0xa0, 0xa0, 0xa0, 0xa0, 0xa0, 0xa3, 0xa3, 0xa0, 0xa0, 0xa0, 0xa3, 0xa3, 0xa3, 0xa3, 0xa3, 0xa0, 0xa0, 0xa0, 0xa3, 0xa0, 0xa0, 0xa3, 0xa3, 0xa3, 0xa3, 0xa3, 0xa3, 0xa3, 0xa3, 0xa5, 0xa3, 0xa3, 0xa0, 0xa3, 0xa3, 0xa0, 0xa0, 0xa3, 0xa0, 0xa0, 0xa0, 0xa0, 0xa3, 0xa0, 0xa0, 0xa3, 0xa3, 0xa0, 0xa0, 0xa3, 0xa3, 0xa3, 0xa5, 0xa3, 0xa3, 0xa3, 0xa5, 0xa3, 0xa3, 0xa5, 0xa5, 0xa5, 0xa3, 0xa5, 0xa5, 0xa5, 0xa5, 0xa8, 0xa8, 0xa8, 0xa8, 0xa8, 0xa8, 0xa8, 0xa8, 0xa8, 0xa5, 0xa5, 0xa8, 0xa8, 0xa8, 0xaa, 0xa8, 0xa8, 0xa8, 0xa8, 0xcd, 0xa8, 0x95, 0x7d, 0x73, 0x68, 0x63, 0x00, 0x5e, 0x5a, 0x59, 0x59, 0x57, 0x57, 0x57, 0x57, 0x54, 0x57, 0x54, 0x57, 0x52, 0x57, 0x57, 0x57, 0x57, 0x57, 0x59, 0x61, 0x61, 0x68, 0x71, 0x71, 0x71, 0x71, 0x08, 0x08, 0x08, 0x08, 0x08, 0x08, 0x7d, 0x13, 0x1c, 0x25, 0x2c, 0x33, 0x41, 0xbe, 0xc1, 0xc1, 0xc1, 0xc1, 0xc1, 0xc1, 0xc0, 0xbd, 0xc0, 0xc0, 0xc0, 0xc0, 0xc0, 0xc1, 0xc0, 0xbf, 0xc0, 0xbf, 0xc0, 0xbf, 0xc0, 0xbe, 0xb7, 0xd4, 0xd1, 0xd0, 0xb7, 0xbe, 0xc0, 0xc1, 0xc0, 0xc1, 0xc1, 0xc1, 0xc1, 0xc1, 0xc1, 0xc1, 0xc1, 0xc0, 0xbc, 0xb5, 0xb5, 0xb0, 0xd4, 0xd4, 0xd0, 0xd4, 0xb5, 0xd1, 0xd1, 0xca, 0xcb, 0xa8, 0x39, 0x33, 0xa9, 0x30, 0x36, 0x35, 0xac, 0x2f, 0xa4, 0xd4, 0xb0, 0xb5, 0xb7, 0xb5, 0xb7, 0xd3, 0xcc, 0xb5, 0xd2, 0xb5, 0xb5, 0xb7, 0xb7, 0xd4, 0xaf, 0xd2, 0xb7, 0xb5, 0xb5, 0xb0, 0xb0, 0xb7, 0xd4, 0xa5, 0xb6, 0xb7, 0xd2, 0xb5, 0xd4, 0xc9, 0xcb, 0xb0, 0xb5, 0xb3, 0xb5, 0xb0, 0xb5, 0xb5, 0xb5, 0xb5, 0xb5, 0xb7, 0xb7, 0xd2, 0xd2, 0xd2, 0xb7, 0xb7, 0xb5, 0xd2, 0xd2, 0xd2, 0xd2, 0xb5, 0xb5, 0xb0, 0xb0, 0xb0, 0xb5, 0xb0, 0xb0, 0xb0, 0xb0, 0xb0, 0xd4, 0xb0, 0xb0, 0xd3, 0xc8, 0x8c, 0xc8, 0xcb, 0xcb, 0xcd, 0xce, 0xd4, 0xd4, 0xd3, 0xd4, 0xb5, 0xaf, 0x8f, 0x08, 0x80, 0x18, 0x22, 0xa4, 0xa5, 0xa5, 0xa5, 0xa5, 0xa3, 0xa3, 0xa0, 0xa0, 0xa3, 0xa3, 0xa3, 0x99, 0x90, 0x89, 0x8c, 0x90, 0x90, 0x90, 0x89, 0x8c, 0x8c, 0x90, 0x89, 0x89, 0x90, 0x8c, 0x90, 0x90, 0x89, 0x89, 0x8c, 0x89, 0x86, 0x89, 0x86, 0x86, 0x89, 0x86, 0x83, 0x83, 0x81, 0x7e, 0x7e, 0x7e, 0x7e, 0x7e, 0x7e, 0x7a, 0x7e, 0x7e, 0x81, 0x7e, 0x81, 0x7e, 0x81, 0x81, 0x7e, 0x7a, 0x7e, 0x7e, 0x81, 0x81, 0x7e, 0x7e, 0x83, 0x83, 0x7e, 0x86, 0x81, 0x83, 0x83, 0x83, 0x7e, 0x7e, 0x81, 0x83, 0x83, 
  0xa3, 0xa0, 0xa3, 0xa5, 0xa3, 0xa3, 0xa3, 0xa0, 0xa0, 0xa0, 0xa0, 0xa3, 0xa0, 0xa3, 0xa3, 0xa0, 0xa0, 0xa3, 0xa5, 0xa0, 0xa3, 0xa0, 0xa3, 0xa3, 0xa3, 0xa0, 0x9c, 0x9c, 0xa0, 0xa0, 0xa0, 0xa3, 0xa0, 0xa0, 0xa3, 0xa3, 0xa3, 0xa3, 0xa3, 0xa3, 0x9c, 0xa0, 0xa3, 0xa0, 0xa3, 0xa3, 0xa3, 0xa0, 0xa0, 0xa3, 0xa0, 0xa0, 0xa3, 0xa3, 0xa3, 0xa0, 0xa0, 0xa3, 0xa3, 0xa3, 0xa3, 0xa0, 0xa3, 0xa3, 0xa5, 0xa3, 0xa5, 0xa5, 0xa5, 0xa5, 0xa3, 0xa5, 0xa8, 0xa5, 0xa5, 0xa8, 0xa8, 0xa8, 0xd3, 0xa8, 0xa8, 0xa5, 0xa5, 0xa8, 0xa8, 0xa5, 0xa5, 0xa8, 0xac, 0xa8, 0xa8, 0xa8, 0xa8, 0xa8, 0xd3, 0xa8, 0x9a, 0x80, 0x73, 0x6c, 0x63, 0x00, 0x5e, 0x59, 0x59, 0x59, 0x59, 0x57, 0x57, 0x57, 0x54, 0x57, 0x54, 0x57, 0x54, 0x57, 0x54, 0x52, 0x54, 0x59, 0x5e, 0x63, 0x63, 0x66, 0x6b, 0x71, 0x71, 0x04, 0x08, 0x04, 0x0c, 0x08, 0x08, 0x07, 0x7d, 0x13, 0x94, 0x22, 0x28, 0x2c, 0x35, 0xb8, 0xbe, 0xc1, 0xc1, 0xc1, 0xc1, 0xc1, 0xc1, 0xbe, 0xbd, 0xbf, 0xc0, 0xc1, 0xc1, 0xc0, 0xc0, 0xc1, 0xc1, 0xc0, 0xc0, 0xbf, 0xc0, 0xbf, 0xbc, 0xb0, 0xb0, 0xd0, 0xd0, 0xb9, 0xbe, 0xc1, 0xc1, 0xc1, 0xc1, 0xc1, 0xc1, 0xc1, 0xc1, 0xc1, 0xc1, 0xc0, 0xbe, 0xd4, 0xca, 0xcc, 0x98, 0x98, 0xa5, 0xcd, 0xd3, 0xd3, 0xb5, 0xd1, 0xc8, 0xca, 0xa7, 0x31, 0xae, 0x35, 0x39, 0x30, 0x31, 0x33, 0x35, 0xa8, 0xd4, 0xb0, 0xb7, 0xba, 0xba, 0xb5, 0xb5, 0xb7, 0xb7, 0xb5, 0xb5, 0xb7, 0xb5, 0xcd, 0xce, 0xb7, 0xb5, 0xb5, 0xd2, 0xd1, 0xb5, 0xb5, 0xb0, 0xca, 0x8e, 0xb0, 0xb5, 0xb5, 0xd0, 0xd3, 0xd4, 0xd1, 0xd2, 0xb5, 0xb7, 0xb5, 0xb5, 0xb5, 0xb5, 0xb5, 0xb5, 0xd2, 0xb5, 0xd2, 0xd2, 0xb7, 0xb7, 0xb7, 0xb5, 0xd2, 0xb7, 0xb5, 0xb5, 0xb0, 0xd1, 0xb5, 0xb5, 0xb5, 0xb5, 0xb0, 0xd1, 0xd1, 0xd1, 0xb0, 0xb0, 0xb0, 0xb0, 0xd1, 0xcd, 0xc8, 0x8e, 0x9e, 0xcb, 0xcb, 0xd3, 0xd4, 0xaf, 0xd4, 0xac, 0xaf, 0xb6, 0xae, 0x8f, 0x88, 0x1e, 0x27, 0xa4, 0xa5, 0xa5, 0xa8, 0xa5, 0xa3, 0xa3, 0xa3, 0xa0, 0xa3, 0xa3, 0xa3, 0x9c, 0x91, 0x90, 0x90, 0x90, 0x91, 0x90, 0x90, 0x90, 0x90, 0x90, 0x8c, 0x89, 0x90, 0x90, 0x90, 0x90, 0x89, 0x89, 0x83, 0x81, 0x83, 0x89, 0x89, 0x86, 0x83, 0x83, 0x7e, 0x7e, 0x83, 0x81, 0x7e, 0x81, 0x7e, 0x7a, 0x7a, 0x7a, 0x7e, 0x7c, 0x7a, 0x7e, 0x7a, 0x7c, 0x7a, 0x7e, 0x7e, 0x7e, 0x7a, 0x7c, 0x7e, 0x81, 0x7e, 0x7e, 0x7e, 0x7e, 0x7c, 0x7e, 0x81, 0x7e, 0x7e, 0x83, 0x81, 0x7a, 0x7a, 0x7e, 0x7e, 
  0xa3, 0xa3, 0xa3, 0xa5, 0xa5, 0xa3, 0xa3, 0xa3, 0xa0, 0xa0, 0xa0, 0xa0, 0xa3, 0xa3, 0xa0, 0xa0, 0xa0, 0xa3, 0xa3, 0xa0, 0xa3, 0xa3, 0xa3, 0xa3, 0xa0, 0xa0, 0xa0, 0xa0, 0xa0, 0xa0, 0xa3, 0xa0, 0xa0, 0xa0, 0xa0, 0xa3, 0xa3, 0xa3, 0xa3, 0xa3, 0xa3, 0xa0, 0xa3, 0xa0, 0xa3, 0xa3, 0xa3, 0xa3, 0xa0, 0xa0, 0xa0, 0x9c, 0xa3, 0xa5, 0xa3, 0xa3, 0xa0, 0xa3, 0xa3, 0xa3, 0xa0, 0xa3, 0xa3, 0xa3, 0xa5, 0xa5, 0xa5, 0xa8, 0xa8, 0xa8, 0xa5, 0xa3, 0xa5, 0xa5, 0xa8, 0xa5, 0xa5, 0xa8, 0xa5, 0xa8, 0xa5, 0xa8, 0xa8, 0xa5, 0xa8, 0xa8, 0xa8, 0xa8, 0xa8, 0xa8, 0xa8, 0xa8, 0xa8, 0xa8, 0xa8, 0xa8, 0x94, 0x08, 0x73, 0x6c, 0x00, 0x63, 0x5e, 0x5c, 0x59, 0x59, 0x57, 0x57, 0x57, 0x54, 0x54, 0x54, 0x54, 0x54, 0x57, 0x54, 0x54, 0x57, 0x57, 0x59, 0x5e, 0x61, 0x66, 0x66, 0x6b, 0x71, 0x71, 0x04, 0x04, 0x08, 0x0c, 0x06, 0x08, 0x08, 0x7d, 0x0e, 0x13, 0x8f, 0x22, 0x2a, 0x2c, 0x3b, 0x4a, 0xc0, 0xc1, 0xc1, 0xc1, 0xc1, 0xc1, 0xc0, 0xbe, 0xc0, 0xc0, 0xc1, 0xc1, 0xc1, 0xc0, 0xbf, 0xc0, 0xbf, 0xc0, 0xbf, 0xbf, 0xbf, 0xbe, 0xb7, 0xd4, 0xb0, 0xb0, 0xb7, 0xbc, 0xc0, 0xc0, 0xc1, 0xc1, 0xc1, 0xc1, 0xc1, 0xc1, 0xc1, 0xc1, 0xc0, 0xbf, 0xb7, 0x98, 0xc6, 0x87, 0x97, 0x93, 0xca, 0xa3, 0xd1, 0xd0, 0xb7, 0xd3, 0xcb, 0xd3, 0xae, 0x2c, 0x2f, 0x32, 0x38, 0x3c, 0x3a, 0x2f, 0xa7, 0xd3, 0xb0, 0xd2, 0xba, 0xba, 0xba, 0xba, 0xb8, 0xba, 0xb7, 0xb7, 0xb7, 0xb7, 0xcb, 0xcd, 0xb5, 0xb5, 0xb5, 0xd2, 0xb5, 0xb0, 0xb0, 0xb5, 0xb0, 0xb5, 0xb5, 0xb5, 0xb0, 0xb0, 0xb5, 0xc8, 0xca, 0xd1, 0xb5, 0xb5, 0xd2, 0xd2, 0xd2, 0xb5, 0xb5, 0xd2, 0xd2, 0xd2, 0xd2, 0xd2, 0xb7, 0xb7, 0xd2, 0xd2, 0xd2, 0xb5, 0xd2, 0xb5, 0xb5, 0xb5, 0xb5, 0xb5, 0xb5, 0xb5, 0xb5, 0xd1, 0xd1, 0xd1, 0xd1, 0xb0, 0xb0, 0xd1, 0xb0, 0xd4, 0xca, 0x8e, 0x8e, 0xca, 0xcb, 0xcc, 0xd3, 0xaa, 0xa6, 0x41, 0x3b, 0xaf, 0xb7, 0xa7, 0x1e, 0x22, 0x2a, 0xa5, 0xa5, 0xa5, 0xa8, 0xa8, 0xa8, 0xa5, 0xa3, 0xa0, 0xa3, 0xa0, 0xa3, 0xa0, 0x97, 0x93, 0x8c, 0x8b, 0x90, 0x90, 0x90, 0x93, 0x90, 0x8c, 0x90, 0x8c, 0x90, 0x89, 0x89, 0x90, 0x8c, 0x89, 0x83, 0x83, 0x7e, 0x83, 0x89, 0x86, 0x83, 0x7e, 0x81, 0x7e, 0x7e, 0x7c, 0x7e, 0x81, 0x7e, 0x7a, 0x7a, 0x7c, 0x7a, 0x7e, 0x7e, 0x7c, 0x7a, 0x7a, 0x7e, 0x7a, 0x75, 0x75, 0x7c, 0x7e, 0x81, 0x7e, 0x7e, 0x7e, 0x7c, 0x7e, 0x81, 0x7e, 0x7c, 0x7e, 0x83, 0x7e, 0x81, 0x83, 0x83, 0x7e, 0x7a, 
  0xa0, 0xa0, 0xa3, 0xa5, 0xa3, 0xa3, 0xa0, 0xa0, 0xa0, 0xa0, 0xa0, 0xa3, 0xa3, 0xa3, 0xa3, 0xa3, 0xa3, 0xa3, 0xa3, 0xa3, 0xa3, 0xa3, 0xa3, 0xa0, 0xa0, 0xa0, 0xa3, 0xa3, 0xa3, 0xa3, 0xa0, 0xa0, 0xa0, 0xa0, 0xa3, 0xa0, 0xa0, 0xa3, 0xa3, 0xa3, 0xa3, 0xa0, 0xa3, 0xa0, 0xa0, 0xa0, 0xa0, 0xa0, 0xa0, 0xa0, 0xa0, 0xa0, 0xa3, 0xa3, 0x9c, 0x9c, 0xa0, 0xa0, 0xa3, 0xa3, 0xa3, 0xa3, 0xa3, 0xa3, 0xa5, 0xa5, 0xa8, 0xa8, 0xa5, 0xa5, 0xa5, 0xa5, 0xa3, 0xa5, 0xa5, 0xa3, 0xa5, 0xa5, 0xa8, 0xa8, 0xa5, 0xa8, 0xa8, 0xa8, 0xa8, 0xa5, 0xa8, 0xa8, 0xa8, 0xa8, 0xa8, 0xa8, 0xa8, 0xa5, 0xa5, 0xa4, 0x8f, 0x09, 0x73, 0x6f, 0x00, 0x00, 0x5e, 0x5c, 0x59, 0x57, 0x57, 0x57, 0x57, 0x54, 0x54, 0x54, 0x54, 0x57, 0x54, 0x52, 0x54, 0x57, 0x57, 0x5e, 0x59, 0x61, 0x66, 0x6b, 0x71, 0x71, 0x04, 0x04, 0x08, 0x04, 0x08, 0x04, 0x08, 0x0c, 0x0d, 0x0e, 0x13, 0x8d, 0x94, 0x22, 0x2a, 0x2c, 0x3b, 0x4a, 0xbf, 0xc1, 0xc1, 0xc1, 0xc1, 0xc1, 0xbe, 0xbe, 0xc0, 0xc1, 0xc1, 0xc1, 0xc1, 0xc0, 0xc0, 0xc0, 0xc0, 0xbf, 0xc0, 0xbf, 0xbf, 0xbc, 0xb5, 0xd3, 0xd0, 0xd0, 0xb5, 0xbc, 0xbe, 0xbf, 0xc0, 0xc0, 0xc0, 0xbe, 0xc0, 0xbe, 0xbe, 0xb9, 0xba, 0xbe, 0xb7, 0xd0, 0xb9, 0xb7, 0xcb, 0xca, 0x9c, 0xd3, 0xd4, 0xb5, 0xd1, 0xc9, 0xca, 0xa8, 0x2c, 0x35, 0x36, 0x34, 0x37, 0x39, 0x3a, 0xae, 0xd4, 0xd4, 0xb0, 0xb5, 0xba, 0xba, 0xba, 0xba, 0xb7, 0xb7, 0xb8, 0xb7, 0xd2, 0xd1, 0xd2, 0xd2, 0xb7, 0xb5, 0xb7, 0xb0, 0xb0, 0xb0, 0xd1, 0xd1, 0xcb, 0xca, 0xb5, 0xb5, 0xb5, 0xb3, 0xd4, 0xd3, 0xb5, 0xb5, 0xd2, 0xb7, 0xd2, 0xb7, 0xd2, 0xb5, 0xd2, 0xb7, 0xd2, 0xb7, 0xb7, 0xb7, 0xb7, 0xb7, 0xb7, 0xb5, 0xd1, 0xd2, 0xd2, 0xd2, 0xb5, 0xb5, 0xb5, 0xb5, 0xb5, 0xb5, 0xb0, 0xb5, 0xb0, 0xb0, 0xd4, 0xd3, 0xb0, 0xb0, 0xb0, 0xb0, 0xcb, 0x87, 0xc8, 0xca, 0xca, 0xcc, 0xb3, 0x41, 0xba, 0x48, 0xae, 0xb5, 0xb8, 0xa7, 0x27, 0xa5, 0xa5, 0xa8, 0xa8, 0xa5, 0xa5, 0xa5, 0xa5, 0xa3, 0xa0, 0xa3, 0xa3, 0xa3, 0xa0, 0x99, 0x97, 0x91, 0x90, 0x90, 0x91, 0x91, 0x90, 0x90, 0x8c, 0x89, 0x8c, 0x90, 0x8c, 0x89, 0x86, 0x83, 0x86, 0x83, 0x83, 0x83, 0x86, 0x86, 0x83, 0x83, 0x83, 0x81, 0x7e, 0x83, 0x81, 0x81, 0x7e, 0x7e, 0x7a, 0x7e, 0x7e, 0x7a, 0x7c, 0x7e, 0x7a, 0x7a, 0x7e, 0x7c, 0x7e, 0x7a, 0x7a, 0x7a, 0x7e, 0x7e, 0x7e, 0x7e, 0x7c, 0x7c, 0x7e, 0x7e, 0x7e, 0x7c, 0x7a, 0x7c, 0x7e, 0x81, 0x81, 0x7e, 0x7e, 0x7c, 
  0xa3, 0xa3, 0xa3, 0xa3, 0xa3, 0xa3, 0xa3, 0xa0, 0xa3, 0xa3, 0xa0, 0xa3, 0xa5, 0xa5, 0xa5, 0xa3, 0xa3, 0xa3, 0xa3, 0xa0, 0xa3, 0xa3, 0xa3, 0xa3, 0xa3, 0xa3, 0xa3, 0xa0, 0xa3, 0xa3, 0xa3, 0xa0, 0xa0, 0xa3, 0xa3, 0xa3, 0xa0, 0xa3, 0xa0, 0xa3, 0xa0, 0xa0, 0xa0, 0xa0, 0xa0, 0xa0, 0xa0, 0xa0, 0x9c, 0xa0, 0xa0, 0xa3, 0xa0, 0xa3, 0xa0, 0xa0, 0xa0, 0xa3, 0xa3, 0xa3, 0xa5, 0xa3, 0xa3, 0xa5, 0xa5, 0xa5, 0xa5, 0xa8, 0xa5, 0xa5, 0xa3, 0xa5, 0xa5, 0xa5, 0xa5, 0xa5, 0xa5, 0xa5, 0xa8, 0xa8, 0xa5, 0xa8, 0xa8, 0xa8, 0xa8, 0xa8, 0xa8, 0xa8, 0xa8, 0xa8, 0xa8, 0xa8, 0xa8, 0xa5, 0xa5, 0xa2, 0x8f, 0x08, 0x73, 0x6c, 0x00, 0x00, 0x63, 0x61, 0x59, 0x57, 0x57, 0x57, 0x57, 0x54, 0x57, 0x54, 0x54, 0x54, 0x52, 0x52, 0x57, 0x57, 0x59, 0x5c, 0x61, 0x00, 0x6c, 0x6c, 0x71, 0x71, 0x71, 0x04, 0x04, 0x04, 0x71, 0x04, 0x06, 0x08, 0x07, 0x09, 0x0e, 0x13, 0x8d, 0x1e, 0x25, 0x2a, 0xa9, 0x41, 0xbe, 0xc1, 0xc1, 0xc1, 0xc1, 0xc1, 0xc0, 0xbe, 0xbe, 0xc0, 0xc1, 0xc1, 0xc0, 0xbf, 0xc0, 0xbf, 0xc0, 0xbf, 0xbf, 0xbf, 0xc0, 0x4c, 0xb8, 0xaf, 0xb0, 0xd0, 0xd1, 0xbc, 0xc0, 0xc0, 0xbe, 0xbc, 0xbe, 0xbc, 0xbc, 0xb7, 0xb7, 0xd0, 0xd2, 0xc0, 0xbf, 0xc0, 0xc1, 0xc1, 0xba, 0xbc, 0xb9, 0xcc, 0xb0, 0xd4, 0xba, 0xd3, 0x98, 0xcd, 0xa4, 0x2f, 0x33, 0x39, 0x39, 0x33, 0x33, 0xce, 0xd3, 0xd3, 0xd4, 0xd1, 0xb5, 0xba, 0xbc, 0xba, 0xb8, 0xba, 0xb8, 0xb6, 0xd2, 0xd2, 0xb7, 0xd2, 0xd2, 0xd2, 0xb7, 0xb5, 0xb0, 0xb5, 0xb5, 0xd1, 0xcb, 0xc9, 0xd1, 0xd1, 0xb5, 0xb5, 0xd1, 0xc9, 0xd4, 0xb7, 0xb5, 0xb5, 0xd2, 0xb7, 0xd2, 0xd2, 0xd2, 0xd2, 0xd2, 0xb7, 0xb7, 0xd2, 0xb7, 0xb7, 0xd2, 0xd2, 0xd2, 0xd2, 0xb5, 0xb5, 0xb5, 0xb5, 0xb5, 0xb5, 0xb5, 0xb5, 0xb0, 0xd1, 0xd1, 0xb0, 0xb5, 0xd4, 0xaf, 0xb0, 0xb0, 0xaf, 0xcc, 0x98, 0x8e, 0x97, 0xca, 0xcb, 0xd4, 0xb7, 0x48, 0xbc, 0x41, 0xb3, 0xb7, 0xb6, 0xa8, 0xa3, 0xa5, 0xa8, 0xa8, 0xa5, 0xa3, 0xa5, 0xa5, 0xa5, 0xa5, 0xa3, 0xa5, 0xa3, 0xa0, 0x9c, 0x91, 0x91, 0x91, 0x90, 0x91, 0x91, 0x90, 0x91, 0x93, 0x8c, 0x8c, 0x89, 0x89, 0x83, 0x83, 0x83, 0x83, 0x83, 0x83, 0x83, 0x7e, 0x81, 0x7e, 0x7e, 0x7e, 0x7e, 0x7e, 0x81, 0x81, 0x7e, 0x7c, 0x7e, 0x7e, 0x7e, 0x7c, 0x7a, 0x7a, 0x7a, 0x7a, 0x81, 0x81, 0x81, 0x7e, 0x7e, 0x7a, 0x7a, 0x7c, 0x7e, 0x7e, 0x7a, 0x7a, 0x77, 0x7a, 0x7e, 0x7e, 0x81, 0x7e, 0x7e, 0x7c, 0x7e, 0x81, 0x81, 0x7e, 0x7e, 
  0xa3, 0xa3, 0xa3, 0xa3, 0xa3, 0xa3, 0xa3, 0xa3, 0xa3, 0xa3, 0xa3, 0xa3, 0xa3, 0xa3, 0xa5, 0xa3, 0xa3, 0xa3, 0xa3, 0xa3, 0xa0, 0xa0, 0xa3, 0xa3, 0xa3, 0xa0, 0xa0, 0xa3, 0xa0, 0xa0, 0xa3, 0xa3, 0xa0, 0xa3, 0xa0, 0xa3, 0xa3, 0xa3, 0xa3, 0xa0, 0xa0, 0xa0, 0xa3, 0xa3, 0xa3, 0xa0, 0xa0, 0xa0, 0xa0, 0xa0, 0xa0, 0xa0, 0x9c, 0xa0, 0xa0, 0xa0, 0xa0, 0xa0, 0xa3, 0xa3, 0xa3, 0xa3, 0xa3, 0xa5, 0xa5, 0xa8, 0xa5, 0xa8, 0xa5, 0xa5, 0xa0, 0xa5, 0xa5, 0xa5, 0xa5, 0xa5, 0xa5, 0xa5, 0xa8, 0xa8, 0xa5, 0xa5, 0xa8, 0xa8, 0xa8, 0xa8, 0xa8, 0xa8, 0xa8, 0xa8, 0xa8, 0xa8, 0xa5, 0xa5, 0xa5, 0x9f, 0x88, 0x08, 0x02, 0x6c, 0x00, 0x63, 0x63, 0x5e, 0x59, 0x57, 0x54, 0x57, 0x57, 0x57, 0x54, 0x54, 0x54, 0x54, 0x52, 0x54, 0x57, 0x57, 0x5c, 0x5e, 0x61, 0x00, 0x68, 0x6c, 0x71, 0x71, 0x71, 0x71, 0x04, 0x71, 0x04, 0x71, 0x71, 0x03, 0x07, 0x09, 0x0e, 0x13, 0x13, 0x8d, 0x9a, 0x25, 0x28, 0x35, 0xba, 0xbf, 0xc1, 0xc1, 0xc1, 0xc1, 0xc1, 0xbf, 0xbe, 0xbf, 0xc0, 0xc0, 0xc0, 0xc0, 0xc0, 0xc0, 0xc0, 0xbf, 0xc0, 0xbf, 0xbe, 0xbe, 0xbe, 0xb5, 0xd0, 0xb0, 0xd0, 0xb7, 0xbe, 0xbe, 0xbd, 0xba, 0xbb, 0xb7, 0xd1, 0xb5, 0xb8, 0xc0, 0xc1, 0xc1, 0xc1, 0xc1, 0xc1, 0xc1, 0xc0, 0xc1, 0xbe, 0xd4, 0xcc, 0xd4, 0xaf, 0xb0, 0xcb, 0x98, 0xa8, 0x35, 0x33, 0x2f, 0xa9, 0xac, 0xd3, 0xd3, 0xd3, 0xd3, 0xd3, 0xb0, 0xb5, 0xba, 0xb7, 0xba, 0xba, 0xba, 0xb8, 0xb7, 0xb7, 0xb7, 0xb5, 0xb5, 0xb6, 0xd2, 0xb7, 0xd2, 0xb5, 0xb5, 0xb5, 0xb5, 0xb0, 0xd4, 0xd0, 0xb5, 0xb5, 0xb0, 0xd1, 0x98, 0xcb, 0xb7, 0xb7, 0xb7, 0xd2, 0xd2, 0xd2, 0xd2, 0xd2, 0xb7, 0xb7, 0xb7, 0xb7, 0xd2, 0xb7, 0xb7, 0xb7, 0xb7, 0xb7, 0xd2, 0xd2, 0xd2, 0xb7, 0xd2, 0xb5, 0xb5, 0xb5, 0xb5, 0xd1, 0xd1, 0xb5, 0xb0, 0xb3, 0xb0, 0xb0, 0xb0, 0xb0, 0xb0, 0xb0, 0xcd, 0x98, 0x8e, 0xc9, 0xcb, 0xcc, 0xd3, 0xb3, 0xbc, 0x48, 0xb8, 0xb3, 0xb7, 0xb6, 0xa8, 0xa5, 0xa8, 0xa5, 0xa5, 0xa5, 0xa5, 0xa8, 0xa5, 0xa5, 0xa3, 0xa5, 0xa3, 0xa0, 0x9c, 0x93, 0x90, 0x90, 0x91, 0x91, 0x90, 0x90, 0x91, 0x91, 0x8c, 0x89, 0x86, 0x86, 0x83, 0x83, 0x83, 0x83, 0x83, 0x81, 0x81, 0x7e, 0x7e, 0x7e, 0x7e, 0x7e, 0x7e, 0x81, 0x7e, 0x7e, 0x81, 0x7e, 0x7e, 0x7e, 0x81, 0x7e, 0x7a, 0x7a, 0x7c, 0x7e, 0x81, 0x83, 0x81, 0x81, 0x81, 0x7e, 0x7a, 0x7a, 0x7a, 0x7e, 0x7e, 0x7a, 0x7a, 0x7a, 0x7a, 0x7e, 0x7e, 0x7a, 0x7c, 0x7a, 0x7a, 0x7a, 0x7e, 0x7e, 0x7e, 
  0xa3, 0xa3, 0xa3, 0xa3, 0xa3, 0xa3, 0xa3, 0xa3, 0xa3, 0xa3, 0xa5, 0xa3, 0xa0, 0xa0, 0xa3, 0xa3, 0xa3, 0xa3, 0xa5, 0xa3, 0xa3, 0xa3, 0xa3, 0xa3, 0xa0, 0xa0, 0xa0, 0xa0, 0xa0, 0xa0, 0xa3, 0xa3, 0xa0, 0xa3, 0xa3, 0xa0, 0xa0, 0xa0, 0xa0, 0xa0, 0xa0, 0xa3, 0xa3, 0xa3, 0xa0, 0xa0, 0xa0, 0xa0, 0xa3, 0xa3, 0xa0, 0xa0, 0xa0, 0xa0, 0xa3, 0xa3, 0xa3, 0xa0, 0xa3, 0xa3, 0xa3, 0xa3, 0xa3, 0xa5, 0xa8, 0xa8, 0xa8, 0xa8, 0xa5, 0xa5, 0xa3, 0xa3, 0xa5, 0xa5, 0xa5, 0xa5, 0xa3, 0xa5, 0xa5, 0xa5, 0xa5, 0xa5, 0xa5, 0xa8, 0xa8, 0xa8, 0xa8, 0xa8, 0xa8, 0xa8, 0xa8, 0xa5, 0xa5, 0xa5, 0xa3, 0x95, 0x13, 0x78, 0x02, 0x6c, 0x68, 0x00, 0x63, 0x5e, 0x59, 0x57, 0x57, 0x57, 0x57, 0x57, 0x54, 0x54, 0x52, 0x54, 0x52, 0x54, 0x57, 0x57, 0x5e, 0x61, 0x63, 0x66, 0x6c, 0x6c, 0x71, 0x71, 0x71, 0x71, 0x04, 0x71, 0x71, 0x71, 0x6c, 0x03, 0x78, 0x07, 0x7f, 0x13, 0x18, 0x8d, 0x1c, 0x9a, 0x22, 0x28, 0x35, 0x4a, 0xc1, 0xc1, 0xc1, 0xc1, 0xc1, 0xc0, 0xbe, 0xbe, 0xc0, 0xc1, 0xc1, 0xbf, 0xc0, 0xbf, 0xc0, 0xbf, 0xc0, 0xbf, 0xbe, 0xbf, 0xbe, 0xba, 0xb3, 0xb0, 0xb0, 0xb0, 0xba, 0xbc, 0xbb, 0xb7, 0xd1, 0xd1, 0xd2, 0xbd, 0xc1, 0xc1, 0xc1, 0xc1, 0xc1, 0xc1, 0xc1, 0xc1, 0xc1, 0xbf, 0xbe, 0xbb, 0xcd, 0xcc, 0xd4, 0xb7, 0xd3, 0x87, 0xca, 0xd3, 0xce, 0xd3, 0xd3, 0xd3, 0xd3, 0xd3, 0xd3, 0xd3, 0xd3, 0xd4, 0xb0, 0xb5, 0xd0, 0xba, 0xba, 0xbc, 0xba, 0xb7, 0xb7, 0xb7, 0xd4, 0xb0, 0xb7, 0xb7, 0xd2, 0xd2, 0xb5, 0xb0, 0xd1, 0xd1, 0xb0, 0xd4, 0xce, 0xb5, 0xb0, 0xd4, 0xd1, 0xcb, 0xcc, 0xd3, 0xb7, 0xd2, 0xd2, 0xb7, 0xb7, 0xb7, 0xd2, 0xd2, 0xd2, 0xb7, 0xb7, 0xd2, 0xb7, 0xb7, 0xb7, 0xb8, 0xb7, 0xd2, 0xb7, 0xd2, 0xb7, 0xd2, 0xd2, 0xd2, 0xb5, 0xb5, 0xb0, 0xd1, 0xd1, 0xb0, 0xb0, 0xd0, 0xb0, 0xb0, 0xb0, 0xb0, 0xb0, 0xd0, 0xcb, 0x8e, 0xc8, 0xca, 0xcb, 0xcc, 0xd4, 0xb7, 0x43, 0x3b, 0x3b, 0xb3, 0xb7, 0xb0, 0xa5, 0xa5, 0xa5, 0xa5, 0xa5, 0xa5, 0xa5, 0xa5, 0xa5, 0xa5, 0xa5, 0xa5, 0xa0, 0x99, 0x91, 0x8c, 0x8b, 0x90, 0x90, 0x90, 0x8c, 0x89, 0x89, 0x89, 0x86, 0x83, 0x81, 0x83, 0x83, 0x81, 0x7e, 0x7e, 0x7e, 0x7e, 0x7e, 0x7e, 0x81, 0x7e, 0x7e, 0x81, 0x83, 0x7e, 0x7e, 0x7e, 0x7e, 0x7e, 0x7e, 0x7e, 0x7e, 0x7a, 0x7a, 0x7e, 0x81, 0x7e, 0x7e, 0x81, 0x81, 0x7e, 0x7c, 0x7e, 0x7e, 0x7e, 0x7e, 0x81, 0x7e, 0x7e, 0x7a, 0x7c, 0x7e, 0x7e, 0x7a, 0x7a, 0x7a, 0x7a, 0x7c, 0x81, 0x7e, 0x81, 
  0xa3, 0xa3, 0xa3, 0xa3, 0xa5, 0xa5, 0xa3, 0xa3, 0xa3, 0xa0, 0xa3, 0xa3, 0xa3, 0xa3, 0xa0, 0xa0, 0xa3, 0xa3, 0xa5, 0xa5, 0xa3, 0xa3, 0xa3, 0xa3, 0xa0, 0xa0, 0xa0, 0xa0, 0xa0, 0xa3, 0xa0, 0xa0, 0xa0, 0xa3, 0xa3, 0xa3, 0xa0, 0xa0, 0xa0, 0xa0, 0xa0, 0xa3, 0xa3, 0xa0, 0xa0, 0xa0, 0xa0, 0xa0, 0xa0, 0xa0, 0xa0, 0xa0, 0xa0, 0xa0, 0xa3, 0xa3, 0xa3, 0xa3, 0xa3, 0xa3, 0xa5, 0xa5, 0xa5, 0xa8, 0xa8, 0xa8, 0xa8, 0xa8, 0xa3, 0xa3, 0xa3, 0xa3, 0xa3, 0xa3, 0xa3, 0xa3, 0xa5, 0xa5, 0xa8, 0xcd, 0xa5, 0xa5, 0xa8, 0xa8, 0xa5, 0xa8, 0xa8, 0xa8, 0xa8, 0xa8, 0xa5, 0xa5, 0xa5, 0xa5, 0xa3, 0x92, 0x0e, 0x78, 0x74, 0x6c, 0x00, 0x68, 0x63, 0x5e, 0x59, 0x57, 0x57, 0x57, 0x57, 0x57, 0x54, 0x54, 0x54, 0x54, 0x54, 0x54, 0x57, 0x59, 0x59, 0x5e, 0x63, 0x68, 0x71, 0x6c, 0x6c, 0x71, 0x71, 0x71, 0x71, 0x6c, 0x6c, 0x71, 0x6c, 0x71, 0x03, 0x07, 0x0e, 0x88, 0x13, 0x13, 0x8d, 0x8f, 0x9a, 0x25, 0x2c, 0x43, 0xc0, 0xc1, 0xc1, 0xc1, 0xc1, 0xc1, 0xbe, 0xbd, 0xbf, 0xc0, 0xc1, 0xc0, 0xc1, 0xc1, 0xc0, 0xbf, 0xc0, 0xbf, 0xc0, 0xbf, 0xbf, 0xbd, 0xb7, 0xb0, 0xb5, 0xb0, 0xb7, 0xba, 0xb0, 0xd1, 0xd2, 0xbc, 0xc0, 0xc1, 0xc1, 0xc1, 0xc1, 0xc1, 0xc1, 0xc1, 0xc1, 0xc1, 0xc1, 0xbd, 0xbc, 0xbf, 0xb5, 0xcb, 0xd4, 0xb0, 0xb5, 0xcb, 0x9e, 0xcd, 0xd3, 0xd3, 0xd3, 0xd3, 0xd3, 0xd3, 0xd3, 0xd3, 0xd3, 0xd3, 0xd4, 0xd0, 0xd3, 0xd4, 0xb5, 0xba, 0xba, 0xb7, 0xb8, 0xb7, 0xd4, 0xb0, 0xd2, 0xb7, 0xd2, 0xb7, 0xb5, 0xb0, 0xb5, 0xb5, 0xb5, 0xaf, 0xca, 0xd3, 0xd1, 0xb0, 0xb5, 0xb0, 0xd1, 0x87, 0xb8, 0xb7, 0xd2, 0xb7, 0xb7, 0xd2, 0xb7, 0xd2, 0xd2, 0xd2, 0xd2, 0xb7, 0xb7, 0xb7, 0xb5, 0xb8, 0xb7, 0xd2, 0xb7, 0xd2, 0xb5, 0xd2, 0xd2, 0xd2, 0xb5, 0xb5, 0xb0, 0xb0, 0xb5, 0xb5, 0xb5, 0xb5, 0xb0, 0xb5, 0xb5, 0xb0, 0xb0, 0xb0, 0xd3, 0xc9, 0x8e, 0xc8, 0xca, 0xcb, 0xcd, 0xb0, 0x41, 0x33, 0x35, 0xae, 0xb5, 0xb7, 0xac, 0xa5, 0xa3, 0xa3, 0xa5, 0xa5, 0xa5, 0xa5, 0xa5, 0xa5, 0xa5, 0xa5, 0xa3, 0x9c, 0x93, 0x90, 0x89, 0x89, 0x89, 0x89, 0x89, 0x89, 0x83, 0x83, 0x83, 0x83, 0x7e, 0x83, 0x81, 0x7e, 0x7e, 0x7e, 0x7e, 0x81, 0x7e, 0x81, 0x81, 0x7e, 0x7e, 0x7e, 0x83, 0x81, 0x7e, 0x7e, 0x7e, 0x7c, 0x7a, 0x7a, 0x7e, 0x7c, 0x7a, 0x7e, 0x81, 0x81, 0x7e, 0x7e, 0x7e, 0x7e, 0x7c, 0x7e, 0x7e, 0x7e, 0x7e, 0x7e, 0x7e, 0x7c, 0x7e, 0x7e, 0x7e, 0x7e, 0x7e, 0x7a, 0x7a, 0x7e, 0x7e, 0x83, 0x81, 0x81, 
  0xa3, 0xa3, 0xa3, 0xa3, 0xa5, 0xa3, 0xa3, 0xa0, 0xa0, 0xa0, 0xa3, 0xa5, 0xa5, 0xa3, 0xa3, 0xa3, 0xa0, 0xa3, 0xa3, 0xa5, 0xa5, 0xa5, 0xa5, 0xa3, 0xa3, 0xa0, 0xa0, 0xa0, 0x9c, 0xa0, 0xa0, 0xa0, 0xa0, 0xa0, 0xa0, 0xa3, 0xa3, 0xa0, 0xa0, 0xa0, 0xa3, 0xa3, 0xa3, 0xa3, 0xa3, 0xa0, 0xa0, 0xa0, 0xa0, 0xa0, 0xa0, 0xa0, 0xa0, 0xa0, 0xa0, 0xa3, 0xa3, 0xa3, 0xa3, 0xa3, 0xa5, 0xa5, 0xa8, 0xa8, 0xa8, 0xa8, 0xa8, 0xa8, 0xa3, 0xa3, 0xa3, 0xa5, 0xa3, 0xa3, 0xa3, 0xa5, 0xa5, 0xa5, 0xa5, 0xa5, 0xa5, 0xa5, 0xa5, 0xa8, 0xa5, 0xa8, 0xa8, 0xa5, 0xa8, 0xa5, 0xa5, 0xa5, 0xa5, 0xa5, 0xa5, 0x95, 0x82, 0x07, 0x74, 0x6c, 0x00, 0x00, 0x00, 0x5e, 0x59, 0x59, 0x59, 0x59, 0x57, 0x57, 0x54, 0x54, 0x54, 0x54, 0x54, 0x57, 0x57, 0x59, 0x59, 0x61, 0x00, 0x6b, 0x6c, 0x6c, 0x6b, 0x6b, 0x6b, 0x6b, 0x6b, 0x6c, 0x6c, 0x6c, 0x71, 0x71, 0x03, 0x05, 0x0e, 0x13, 0x13, 0x0e, 0x13, 0x18, 0x94, 0x22, 0x2a, 0x35, 0x4a, 0xc1, 0xc1, 0xc1, 0xc1, 0xc1, 0xbf, 0xbd, 0xbe, 0xc0, 0xbf, 0xc1, 0xc1, 0xc1, 0xc0, 0xc0, 0xc0, 0xc0, 0xc0, 0xbf, 0xbf, 0xbf, 0xbc, 0xb5, 0xb5, 0xb0, 0xd1, 0xb7, 0xb0, 0xbc, 0xbe, 0xc1, 0xc0, 0xc1, 0xc1, 0xc1, 0xc1, 0xc1, 0xc1, 0xc1, 0xc1, 0xc1, 0xc1, 0xbf, 0xbe, 0xbe, 0xb7, 0xd4, 0xd4, 0xd4, 0xb5, 0xb5, 0xca, 0xca, 0xd3, 0xd3, 0xd3, 0xd3, 0xd3, 0xd3, 0xd3, 0xd3, 0xd3, 0xd3, 0xd4, 0xd4, 0xd4, 0xd3, 0xd2, 0xba, 0xba, 0xba, 0xba, 0xb8, 0xd4, 0xb0, 0xb7, 0xb7, 0xd2, 0xb7, 0xb5, 0xb5, 0xb7, 0xb5, 0xb5, 0xd1, 0xcc, 0xce, 0xb5, 0xb5, 0xb5, 0xb5, 0xb0, 0xc9, 0xcc, 0xb7, 0xd2, 0xb7, 0xb7, 0xb7, 0xb7, 0xb7, 0xd2, 0xd2, 0xd2, 0xb7, 0xd2, 0xd2, 0xd0, 0xb7, 0xb7, 0xd2, 0xb7, 0xb7, 0xb7, 0xb7, 0xb7, 0xd2, 0xb5, 0xb5, 0xb5, 0xb5, 0xb5, 0xb5, 0xb5, 0xb5, 0xd0, 0xd1, 0xd1, 0xd1, 0xb0, 0xb0, 0xaf, 0xcc, 0x98, 0x87, 0xc9, 0xca, 0xcb, 0xcd, 0xaf, 0xae, 0xac, 0xac, 0xd4, 0xd2, 0xd2, 0xd3, 0xa3, 0xa3, 0xa5, 0xa5, 0xa5, 0xa5, 0xa5, 0xa3, 0xa5, 0xa3, 0xa3, 0xa0, 0x99, 0x93, 0x90, 0x83, 0x83, 0x89, 0x89, 0x89, 0x83, 0x81, 0x81, 0x83, 0x7e, 0x81, 0x7e, 0x7e, 0x7e, 0x7e, 0x7e, 0x7e, 0x7e, 0x81, 0x81, 0x81, 0x7e, 0x7e, 0x81, 0x81, 0x81, 0x81, 0x7e, 0x7a, 0x7a, 0x7a, 0x7a, 0x7a, 0x7a, 0x7e, 0x81, 0x81, 0x7e, 0x7e, 0x7e, 0x7e, 0x7c, 0x7a, 0x7e, 0x7c, 0x7a, 0x7a, 0x7e, 0x7e, 0x7e, 0x7e, 0x7e, 0x7e, 0x7e, 0x7e, 0x7c, 0x7e, 0x7e, 0x81, 0x83, 0x83, 
  0xa3, 0xa3, 0xa3, 0xa5, 0xa3, 0xa3, 0xa3, 0xa3, 0xa3, 0xa3, 0xa3, 0xa3, 0xa3, 0xa3, 0xa3, 0xa3, 0xa3, 0xa3, 0xa3, 0xa3, 0xa3, 0xa5, 0xa5, 0xa3, 0xa3, 0xa3, 0xa0, 0xa0, 0xa0, 0xa0, 0xa0, 0xa0, 0xa0, 0xa0, 0xa0, 0xa0, 0xa0, 0xa0, 0xa0, 0xa0, 0xa3, 0xa3, 0xa0, 0xa0, 0xa0, 0xa0, 0xa0, 0xa0, 0xa0, 0xa0, 0x9c, 0x9c, 0xa0, 0xa3, 0xa3, 0xa3, 0xa3, 0xa0, 0xa3, 0xa3, 0xa5, 0xa5, 0xa8, 0xa8, 0xa8, 0xa8, 0xa8, 0xa8, 0xa5, 0xa3, 0xa3, 0xa5, 0xa5, 0xa5, 0xa5, 0xa5, 0xa3, 0xa3, 0xa5, 0xa5, 0xa5, 0xa5, 0xa5, 0xa8, 0xa8, 0xa5, 0xa5, 0xa5, 0xa8, 0xa8, 0xa8, 0xa5, 0xa5, 0xa5, 0xa3, 0x92, 0x82, 0x09, 0x74, 0x6e, 0x6e, 0x00, 0x00, 0x63, 0x5c, 0x59, 0x59, 0x59, 0x57, 0x57, 0x54, 0x54, 0x54, 0x54, 0x54, 0x54, 0x57, 0x59, 0x5e, 0x61, 0x63, 0x66, 0x6c, 0x6c, 0x6b, 0x6b, 0x6c, 0x6b, 0x6b, 0x6b, 0x6c, 0x6c, 0x6c, 0x71, 0x73, 0x05, 0x09, 0x0e, 0x0e, 0x0e, 0x13, 0x18, 0x8f, 0x9a, 0x25, 0x2c, 0x3e, 0xc1, 0xc1, 0xc1, 0xc1, 0xc1, 0xc0, 0xbd, 0xbc, 0xc0, 0xc1, 0xc1, 0xc1, 0xbf, 0xc0, 0xbf, 0xc0, 0xbf, 0xc0, 0xc0, 0xc0, 0xc0, 0xbe, 0xb7, 0xb0, 0xd1, 0xb0, 0xd2, 0xbc, 0xc0, 0xc1, 0xc1, 0xc1, 0xc1, 0xc1, 0xc1, 0xbf, 0xbe, 0xc1, 0xc1, 0xc1, 0xc1, 0xc1, 0xc1, 0xc0, 0xba, 0xd4, 0xd0, 0xce, 0xd4, 0xd3, 0xb7, 0xd3, 0xc9, 0xcb, 0xd3, 0xd3, 0xd3, 0xd3, 0xd3, 0xd3, 0xce, 0xd3, 0xd3, 0xd3, 0xd4, 0xb0, 0xb5, 0xb7, 0xb9, 0xba, 0xba, 0xba, 0xb8, 0xd4, 0xb0, 0xd2, 0xb5, 0xd2, 0xb7, 0xd2, 0xd1, 0xd3, 0xd0, 0xb5, 0xb5, 0xd3, 0xcb, 0xaf, 0xd2, 0xd2, 0xb5, 0xb0, 0xaf, 0xca, 0xb9, 0xd2, 0xd2, 0xb7, 0xb7, 0xb7, 0xb7, 0xd2, 0xd2, 0xd2, 0xd2, 0xd2, 0xd2, 0xb5, 0xd2, 0xb7, 0xb7, 0xb7, 0xb7, 0xb7, 0xb7, 0xb7, 0xb7, 0xb5, 0xb5, 0xb5, 0xb5, 0xb5, 0xb5, 0xb5, 0xb5, 0xb0, 0xd1, 0xb0, 0xd1, 0xd1, 0xb0, 0xd0, 0xd4, 0xc9, 0x87, 0x8e, 0xc9, 0xcb, 0xcb, 0xd3, 0xd4, 0xd4, 0xd4, 0xd4, 0xb0, 0xb7, 0xb3, 0xa5, 0xa3, 0xa3, 0xa3, 0xa3, 0xa3, 0xa3, 0xa0, 0xa3, 0xa3, 0xa3, 0xa0, 0x9c, 0x97, 0x91, 0x86, 0x83, 0x89, 0x86, 0x83, 0x7e, 0x7e, 0x83, 0x7e, 0x7e, 0x7e, 0x7e, 0x7e, 0x7e, 0x7e, 0x7e, 0x7c, 0x7e, 0x7e, 0x7e, 0x7e, 0x7e, 0x7a, 0x7e, 0x7e, 0x81, 0x7e, 0x7e, 0x7e, 0x7e, 0x7e, 0x7c, 0x7a, 0x7c, 0x7e, 0x7e, 0x7e, 0x7e, 0x7e, 0x7e, 0x7e, 0x7e, 0x7c, 0x7e, 0x7a, 0x7a, 0x7a, 0x7c, 0x7e, 0x7e, 0x7c, 0x7a, 0x7a, 0x7c, 0x7e, 0x7e, 0x7e, 0x7e, 0x7e, 0x83, 0x89, 
  0xa3, 0xa3, 0xa5, 0xa3, 0xa3, 0xa5, 0xa3, 0xa3, 0xa5, 0xa3, 0xa3, 0xa3, 0xa3, 0xa3, 0xa3, 0xa3, 0xa5, 0xa5, 0xa3, 0xa0, 0xa0, 0xa0, 0xa5, 0xa5, 0xa3, 0xa0, 0xa0, 0xa0, 0xa3, 0xa3, 0xa3, 0xa3, 0xa3, 0xa0, 0x9c, 0xa0, 0xa0, 0xa0, 0xa0, 0xa0, 0xa0, 0xa0, 0xa3, 0xa0, 0xa0, 0xa0, 0xa0, 0xa0, 0xa0, 0xa0, 0xa0, 0xa0, 0xa3, 0xa3, 0xa3, 0xa0, 0xa0, 0xa3, 0xa5, 0xa5, 0xa5, 0xa8, 0xa8, 0xa8, 0xa8, 0xa8, 0xa8, 0xa5, 0xa3, 0xa5, 0xa3, 0xa5, 0xa5, 0xa3, 0xa3, 0xa5, 0xa5, 0xa5, 0xa5, 0xa5, 0xa5, 0xa5, 0xa8, 0xa8, 0xa8, 0xa5, 0xa5, 0xa5, 0xa8, 0xa8, 0xa8, 0xa5, 0xa5, 0xa5, 0xa5, 0x92, 0x0e, 0x7d, 0x74, 0x6f, 0x6e, 0x63, 0x00, 0x00, 0x5e, 0x5c, 0x59, 0x59, 0x57, 0x57, 0x54, 0x54, 0x52, 0x52, 0x52, 0x57, 0x57, 0x57, 0x5c, 0x61, 0x63, 0x66, 0x6b, 0x6c, 0x6c, 0x6b, 0x6b, 0x6c, 0x6b, 0x6c, 0x6b, 0x6c, 0x71, 0x71, 0x73, 0x05, 0x05, 0x09, 0x0d, 0x0e, 0x0e, 0x13, 0x88, 0x94, 0x25, 0x28, 0xa9, 0xbb, 0xc1, 0xc1, 0xc1, 0xc1, 0xc1, 0xbe, 0xbc, 0xbe, 0xc0, 0xc1, 0xc1, 0xc1, 0xc0, 0xc0, 0xc0, 0xc0, 0xc0, 0xbf, 0xc0, 0xbf, 0xbf, 0xbc, 0xb5, 0xd1, 0xd1, 0xd1, 0xba, 0xbf, 0xc1, 0xc1, 0xc1, 0xc1, 0xc1, 0xc0, 0xbd, 0xbe, 0xc0, 0xc1, 0xc1, 0xc1, 0xc1, 0xc1, 0xc1, 0xbc, 0xce, 0xd3, 0xd4, 0xd4, 0xb0, 0xb0, 0xb5, 0xca, 0xca, 0xcc, 0xd3, 0xd3, 0xce, 0xd3, 0xac, 0x2c, 0x2c, 0xa4, 0xa4, 0xd3, 0xd4, 0xb5, 0xb7, 0xba, 0xba, 0xba, 0xba, 0xb7, 0xd3, 0xaf, 0xb5, 0xb7, 0xd0, 0xd0, 0xb7, 0xb0, 0xca, 0xd4, 0xd2, 0xb5, 0xb0, 0xce, 0xb5, 0xb7, 0xd2, 0xb5, 0xb5, 0xb0, 0xd3, 0xcd, 0xb7, 0xb7, 0xb7, 0xb7, 0xd2, 0xd2, 0xd2, 0xd2, 0xd2, 0xb7, 0xd2, 0xd2, 0xd2, 0xb7, 0xb7, 0xb7, 0xb7, 0xb7, 0xb7, 0xb7, 0xb7, 0xd2, 0xb5, 0xb5, 0xb5, 0xb5, 0xb5, 0xb5, 0xb5, 0xd0, 0xb0, 0xb5, 0xb0, 0xb0, 0xb0, 0xb0, 0xb0, 0xb0, 0xaf, 0xc9, 0x8e, 0x8e, 0xca, 0xcb, 0xcc, 0xd3, 0xce, 0xd4, 0xd4, 0xd4, 0xd0, 0xd2, 0xaf, 0xa5, 0xa3, 0xa3, 0xa3, 0xa0, 0xa0, 0xa0, 0xa0, 0xa0, 0xa0, 0xa0, 0xa0, 0x99, 0x91, 0x8b, 0x89, 0x83, 0x83, 0x81, 0x81, 0x81, 0x7e, 0x7e, 0x7e, 0x7e, 0x7e, 0x7c, 0x7e, 0x81, 0x7e, 0x7e, 0x7e, 0x7e, 0x7e, 0x7e, 0x7e, 0x7e, 0x81, 0x7e, 0x7e, 0x7e, 0x7a, 0x7e, 0x7e, 0x7e, 0x7e, 0x7a, 0x7c, 0x7e, 0x7c, 0x81, 0x7e, 0x7c, 0x7e, 0x7e, 0x7c, 0x7c, 0x7c, 0x7e, 0x7e, 0x7e, 0x7c, 0x7a, 0x7e, 0x7c, 0x77, 0x77, 0x7a, 0x7e, 0x7a, 0x7c, 0x7e, 0x7e, 0x81, 0x83, 
  0xa3, 0xa3, 0xa3, 0xa3, 0xa3, 0xa5, 0xa3, 0xa5, 0xa5, 0xa3, 0xa3, 0xa0, 0xa3, 0xa3, 0xa3, 0xa3, 0xa5, 0xa5, 0xa5, 0xa3, 0xa3, 0xa0, 0xa3, 0xa3, 0xa5, 0xa3, 0xa0, 0xa0, 0xa0, 0xa3, 0xa3, 0xa3, 0xa3, 0x9c, 0x9c, 0xa0, 0xa3, 0xa0, 0xa3, 0xa3, 0xa0, 0xa0, 0xa3, 0xa0, 0xa3, 0xa0, 0xa0, 0xa0, 0xa0, 0xa3, 0xa3, 0xa3, 0xa0, 0xa3, 0xa3, 0xa0, 0xa3, 0xa5, 0xa5, 0xa8, 0xa5, 0xa8, 0xa8, 0xa5, 0xa8, 0xa8, 0xa5, 0xa5, 0xa3, 0xa3, 0xa3, 0xa3, 0xa3, 0xa3, 0xa3, 0xa5, 0xa5, 0xa5, 0xa3, 0xa5, 0xa5, 0xa8, 0xa8, 0xa5, 0xa5, 0xa3, 0xa5, 0xa5, 0xa8, 0xa5, 0xa5, 0xa5, 0xa5, 0xa5, 0xa5, 0x9d, 0x0e, 0x0d, 0x04, 0x6c, 0x6c, 0x00, 0x00, 0x68, 0x63, 0x59, 0x5c, 0x59, 0x57, 0x57, 0x54, 0x52, 0x52, 0x54, 0x54, 0x57, 0x57, 0x57, 0x59, 0x61, 0x00, 0x68, 0x6b, 0x6b, 0x6b, 0x6c, 0x6b, 0x6b, 0x66, 0x6c, 0x6c, 0x71, 0x71, 0x71, 0x03, 0x05, 0x05, 0x07, 0x09, 0x09, 0x7d, 0x0e, 0x88, 0x1e, 0x22, 0x25, 0x2a, 0x41, 0xbf, 0xc1, 0xc1, 0xc1, 0xc1, 0xc1, 0xbe, 0xbe, 0xbf, 0xc0, 0xc1, 0xc0, 0xc1, 0xbf, 0xc1, 0xbf, 0xc1, 0xc0, 0xbf, 0xbf, 0xbf, 0xbe, 0xb7, 0xd1, 0xb5, 0xb0, 0xd2, 0xbc, 0xc0, 0xc1, 0xc1, 0xc1, 0xc1, 0xbf, 0xbf, 0xbf, 0xc0, 0xc1, 0xc1, 0xc1, 0xc1, 0xc0, 0xbf, 0xbc, 0xb0, 0xd4, 0xd4, 0xd4, 0xd4, 0xd4, 0xb0, 0xd4, 0xca, 0xcb, 0xd3, 0xd3, 0xab, 0x2f, 0x31, 0x39, 0x39, 0x35, 0xa9, 0xa8, 0xd3, 0xd0, 0xd2, 0xb5, 0xb0, 0xba, 0xba, 0xb7, 0xd4, 0xb0, 0xb5, 0xb7, 0xb0, 0xcb, 0xb0, 0xb5, 0xd4, 0xb5, 0xd2, 0xb5, 0xb0, 0xb0, 0xd4, 0xb5, 0xb5, 0xb5, 0xd2, 0xb5, 0xcd, 0x87, 0xd2, 0xb7, 0xb7, 0xb7, 0xb7, 0xd2, 0xd2, 0xb7, 0xd2, 0xd2, 0xd2, 0xd2, 0xd2, 0xb7, 0xb7, 0xb7, 0xb7, 0xb7, 0xb7, 0xb7, 0xb7, 0xb7, 0xb6, 0xb5, 0xb5, 0xb5, 0xb5, 0xb5, 0xd2, 0xd1, 0xb5, 0xb5, 0xb0, 0xb0, 0xb0, 0xb0, 0xb0, 0xb0, 0xb5, 0xd4, 0xc9, 0x8e, 0x98, 0xcb, 0xcb, 0xcc, 0xd3, 0xd4, 0xce, 0xd4, 0xd4, 0xb0, 0xb5, 0xac, 0xa5, 0xa3, 0xa0, 0xa0, 0x9c, 0xa0, 0xa0, 0xa0, 0xa0, 0xa0, 0xa0, 0x9c, 0x93, 0x90, 0x89, 0x83, 0x83, 0x81, 0x7e, 0x7e, 0x7e, 0x7c, 0x7e, 0x83, 0x81, 0x7e, 0x7e, 0x7e, 0x7c, 0x7e, 0x7e, 0x7e, 0x7e, 0x7e, 0x7a, 0x7e, 0x7e, 0x7e, 0x83, 0x7e, 0x7e, 0x7e, 0x7e, 0x7e, 0x7e, 0x7e, 0x7e, 0x7c, 0x7a, 0x7e, 0x7e, 0x7e, 0x7e, 0x7a, 0x7e, 0x7e, 0x83, 0x86, 0x89, 0x89, 0x83, 0x7e, 0x81, 0x7e, 0x7e, 0x7e, 0x7e, 0x7e, 0x7e, 0x7e, 0x7e, 0x7e, 0x7e, 0x81, 
  0xa3, 0xa3, 0xa3, 0xa5, 0xa3, 0xa3, 0xa3, 0xa3, 0xa3, 0xa5, 0xa3, 0xa3, 0xa3, 0xa3, 0xa3, 0xa3, 0xa3, 0xa3, 0xa5, 0xa3, 0xa5, 0xa3, 0xa0, 0x9c, 0xa0, 0xa3, 0xa0, 0xa0, 0xa3, 0xa3, 0xa3, 0xa3, 0xa0, 0xa0, 0xa0, 0xa3, 0xa3, 0xa0, 0xa3, 0xa3, 0xa0, 0xa3, 0xa3, 0xa3, 0xa3, 0xa0, 0xa0, 0xa3, 0xa3, 0xa3, 0xa3, 0xa3, 0xa0, 0xa0, 0xa0, 0xa3, 0xa3, 0xa5, 0xa5, 0xa8, 0xa8, 0xcd, 0xa8, 0xa8, 0xa5, 0xa5, 0xa5, 0xa5, 0xa5, 0xa5, 0xa3, 0xa3, 0xa0, 0xa0, 0xa3, 0xa3, 0xa5, 0xa5, 0xa5, 0xa5, 0xa5, 0xa5, 0xa5, 0xa5, 0xa8, 0xa5, 0xa5, 0xa5, 0xa5, 0xcd, 0xa5, 0xa5, 0xa3, 0xa3, 0xa3, 0x9f, 0x85, 0x7f, 0x08, 0x02, 0x6c, 0x6c, 0x6c, 0x68, 0x00, 0x5c, 0x5c, 0x59, 0x59, 0x57, 0x54, 0x54, 0x54, 0x57, 0x54, 0x57, 0x57, 0x57, 0x59, 0x5e, 0x63, 0x68, 0x66, 0x00, 0x66, 0x66, 0x66, 0x6c, 0x6c, 0x6c, 0x6c, 0x71, 0x04, 0x04, 0x04, 0x03, 0x03, 0x04, 0x05, 0x09, 0x0e, 0x0e, 0x13, 0x8f, 0x9a, 0x22, 0x2a, 0x35, 0xb8, 0xc0, 0xc1, 0xc1, 0xc1, 0xc1, 0xbf, 0xbc, 0xbe, 0xc0, 0xc0, 0xc0, 0xc1, 0xc0, 0xc0, 0xc0, 0xc1, 0xc0, 0xbf, 0xbf, 0xbf, 0xc0, 0xbe, 0xd2, 0xd1, 0xb5, 0xb5, 0xba, 0xbe, 0xc1, 0xc1, 0xc1, 0xc0, 0xc1, 0xc1, 0xc1, 0xc1, 0xc1, 0xc1, 0xc1, 0xc1, 0xbe, 0xd2, 0xd2, 0xb0, 0xd3, 0xd3, 0xcb, 0xd3, 0xb0, 0xcd, 0xb0, 0xcd, 0xcc, 0xd3, 0xaa, 0x39, 0x39, 0x35, 0x39, 0x37, 0xa9, 0xa9, 0xa6, 0xd3, 0xd4, 0xb0, 0xb5, 0xb6, 0xb8, 0xba, 0xd4, 0x98, 0xd4, 0xb5, 0xd2, 0xd1, 0xcd, 0xd0, 0xd2, 0xd1, 0xb0, 0xd2, 0xd2, 0xb5, 0xd3, 0x98, 0xd3, 0xb5, 0xb5, 0xd2, 0xd0, 0xb0, 0xc9, 0xcc, 0xb7, 0xd2, 0xd2, 0xd2, 0xb7, 0xb7, 0xd2, 0xd2, 0xd2, 0xd2, 0xd2, 0xd2, 0xb7, 0xb7, 0xb7, 0xb7, 0xb7, 0xb7, 0xb7, 0xb7, 0xb7, 0xb7, 0xd2, 0xb7, 0xb5, 0xb5, 0xb5, 0xb5, 0xb5, 0xb5, 0xb5, 0xb5, 0xb5, 0xb0, 0xd4, 0xd0, 0xb0, 0xb0, 0xd4, 0xca, 0x98, 0xc8, 0xc9, 0xcb, 0xcb, 0xcc, 0xd3, 0xd4, 0xd4, 0xd4, 0xd4, 0xb0, 0xb0, 0xa8, 0xa3, 0xa0, 0xa0, 0xa0, 0xa0, 0xa0, 0xa0, 0xa3, 0xa3, 0xa0, 0x9c, 0x97, 0x93, 0x90, 0x86, 0x81, 0x7e, 0x7e, 0x7e, 0x81, 0x7e, 0x83, 0x83, 0x83, 0x7e, 0x7e, 0x7e, 0x7e, 0x7e, 0x7e, 0x7e, 0x7e, 0x7a, 0x7c, 0x7e, 0x81, 0x7e, 0x81, 0x7e, 0x7e, 0x7e, 0x7e, 0x7e, 0x81, 0x81, 0x7e, 0x7e, 0x7a, 0x7a, 0x7e, 0x7e, 0x7c, 0x7a, 0x81, 0x83, 0x8c, 0x8c, 0x90, 0x90, 0x89, 0x83, 0x7e, 0x7a, 0x7c, 0x7e, 0x7e, 0x7a, 0x7a, 0x7a, 0x7c, 0x7a, 0x7a, 0x7c, 
  0xa3, 0xa3, 0xa3, 0xa3, 0xa3, 0xa3, 0xa3, 0xa3, 0xa3, 0xa5, 0xa3, 0xa3, 0xa3, 0xa3, 0xa3, 0xa3, 0xa3, 0xa3, 0xa3, 0xa3, 0xa3, 0xa0, 0xa0, 0xa0, 0xa0, 0xa0, 0xa0, 0xa0, 0xa0, 0xa0, 0xa0, 0xa0, 0xa0, 0xa0, 0xa3, 0xa5, 0xa3, 0xa3, 0xa3, 0xa3, 0xa0, 0xa0, 0xa0, 0xa0, 0xa3, 0xa3, 0xa0, 0xa3, 0xa3, 0xa3, 0xa3, 0xa3, 0x9c, 0xa0, 0xa0, 0xa3, 0xa3, 0xa5, 0xa5, 0xa8, 0xa8, 0xa5, 0xa5, 0xa5, 0xa5, 0xa5, 0xa5, 0xa8, 0xa8, 0xa3, 0xa3, 0xa0, 0xa0, 0xa5, 0xa3, 0xa3, 0xa3, 0xa5, 0xa3, 0xa5, 0xa5, 0xa5, 0xa5, 0xa5, 0xa5, 0xa5, 0xa5, 0xa5, 0xa8, 0xa5, 0xa3, 0xa3, 0xa3, 0xa3, 0xa3, 0xa1, 0x88, 0x0e, 0x09, 0x73, 0x6c, 0x00, 0x6c, 0x6c, 0x00, 0x61, 0x5c, 0x59, 0x59, 0x57, 0x57, 0x57, 0x57, 0x54, 0x52, 0x57, 0x57, 0x57, 0x59, 0x5e, 0x00, 0x6c, 0x66, 0x66, 0x66, 0x66, 0x66, 0x6c, 0x66, 0x66, 0x71, 0x71, 0x03, 0x03, 0x03, 0x73, 0x03, 0x04, 0x07, 0x07, 0x0d, 0x12, 0x13, 0x8d, 0x1e, 0x22, 0x25, 0x2c, 0x3a, 0x4a, 0xc1, 0xc1, 0xc1, 0xc1, 0xc1, 0xbe, 0xbe, 0xc0, 0xc1, 0xc0, 0xc1, 0xbf, 0xc1, 0xbf, 0xc0, 0xbf, 0xc0, 0xbf, 0xbf, 0xbe, 0xbf, 0xb8, 0xb0, 0xb5, 0xb0, 0xb5, 0xbc, 0xc1, 0xc0, 0xc0, 0xc1, 0xc1, 0xc1, 0xc1, 0xc1, 0xc1, 0xc1, 0xc1, 0xc1, 0xbf, 0xd0, 0xcb, 0xcb, 0xc9, 0xca, 0xa0, 0xcd, 0xaf, 0xd4, 0xd0, 0xd0, 0xca, 0xca, 0xa5, 0x33, 0xab, 0xa9, 0x2e, 0x2e, 0x39, 0xa7, 0x2f, 0xa7, 0xd3, 0xd4, 0xb5, 0xb7, 0xb8, 0xba, 0xb5, 0xcb, 0xd0, 0xd0, 0xd2, 0xd1, 0xd1, 0xd0, 0xb5, 0xd0, 0xd3, 0xb5, 0xd2, 0xb5, 0xb0, 0xcc, 0xcc, 0xb5, 0xb5, 0xb7, 0xcb, 0xb5, 0xcd, 0xcb, 0xd4, 0xd2, 0xd2, 0xb7, 0xb7, 0xd2, 0xb7, 0xd2, 0xb5, 0xd2, 0xd2, 0xb5, 0xba, 0xb7, 0xd2, 0xb3, 0xd2, 0xb8, 0xb7, 0xb7, 0xb7, 0xb7, 0xd2, 0xb5, 0xb5, 0xb5, 0xb5, 0xb5, 0xb5, 0xb5, 0xb5, 0xb0, 0xd3, 0xb0, 0xb0, 0xd1, 0xb0, 0xaf, 0xd3, 0xd4, 0xcb, 0x98, 0x91, 0xca, 0xca, 0xcb, 0xcd, 0xd4, 0xd4, 0xd4, 0xd4, 0xd4, 0xb0, 0xd4, 0xa5, 0xa0, 0xa0, 0xa0, 0xa0, 0x9c, 0x9c, 0xa0, 0xa0, 0xa0, 0x9c, 0x9c, 0x99, 0x93, 0x89, 0x83, 0x7e, 0x7e, 0x7e, 0x81, 0x7e, 0x81, 0x7e, 0x81, 0x7e, 0x7e, 0x81, 0x83, 0x83, 0x7e, 0x7c, 0x7a, 0x7a, 0x7e, 0x7e, 0x81, 0x7e, 0x81, 0x7e, 0x7e, 0x7e, 0x7e, 0x81, 0x83, 0x81, 0x83, 0x7e, 0x81, 0x81, 0x7e, 0x81, 0x7e, 0x7e, 0x7e, 0x86, 0x8c, 0x90, 0x91, 0x91, 0x90, 0x83, 0x7e, 0x7a, 0x7a, 0x7e, 0x7e, 0x77, 0x75, 0x7a, 0x77, 0x7a, 0x7e, 0x7e, 
  0xa3, 0xa3, 0xa3, 0xa3, 0xa5, 0xa5, 0xa3, 0xa3, 0xa3, 0xa3, 0xa3, 0xa3, 0xa3, 0xa3, 0xa3, 0xa3, 0xa3, 0xa3, 0xa3, 0xa0, 0xa3, 0xa0, 0xa3, 0xa3, 0xa0, 0xa0, 0xa0, 0xa0, 0x9c, 0xa0, 0xa0, 0x9c, 0xa0, 0xa3, 0xa3, 0xa5, 0xa5, 0xa3, 0xa3, 0xa3, 0xa3, 0xa3, 0xa0, 0xa0, 0xa0, 0xa0, 0xa0, 0xa0, 0xa0, 0xa3, 0xa0, 0xa0, 0xa0, 0xa0, 0xa3, 0xa3, 0xa5, 0xa3, 0xcb, 0xcd, 0xa5, 0xa8, 0xa8, 0xa8, 0xa5, 0xa5, 0xa5, 0xa8, 0xa5, 0xa3, 0xa3, 0xa0, 0xa3, 0xa3, 0xa3, 0xa3, 0xa3, 0xa3, 0xa3, 0xa5, 0xa5, 0xa5, 0xa5, 0xa5, 0xa5, 0xa8, 0xa5, 0xa5, 0xa5, 0xa5, 0xa3, 0xa3, 0xa3, 0xa3, 0xa3, 0xa1, 0x8f, 0x0e, 0x82, 0x05, 0x6e, 0x68, 0x6c, 0x6c, 0x00, 0x63, 0x5e, 0x59, 0x59, 0x57, 0x57, 0x57, 0x57, 0x54, 0x54, 0x54, 0x54, 0x57, 0x59, 0x5e, 0x00, 0x00, 0x00, 0x66, 0x66, 0x66, 0x00, 0x00, 0x66, 0x6b, 0x71, 0x04, 0x03, 0x6f, 0x02, 0x02, 0x73, 0x03, 0x05, 0x09, 0x09, 0x7f, 0x13, 0x18, 0x94, 0x9a, 0x22, 0x28, 0x2f, 0x41, 0x4c, 0xc1, 0xc1, 0xc1, 0xc1, 0xc0, 0xbe, 0xbe, 0xc1, 0xc0, 0xc1, 0xc0, 0xc0, 0xc0, 0xc0, 0xc0, 0xbf, 0xbf, 0xbf, 0xbf, 0xbe, 0xbe, 0xb5, 0xd1, 0xb0, 0xb0, 0xb7, 0xbe, 0xc1, 0xc0, 0xc1, 0xc1, 0xc1, 0xc1, 0xc1, 0xc1, 0xc1, 0xc1, 0xc1, 0xbe, 0xd2, 0x8e, 0x97, 0x83, 0x81, 0x8e, 0xca, 0xd3, 0xd4, 0xd4, 0xb5, 0xcc, 0xca, 0xcb, 0xa6, 0x2c, 0xa4, 0x3a, 0x33, 0x37, 0x39, 0x33, 0xa6, 0xa8, 0xd3, 0xb0, 0xb5, 0xb7, 0xba, 0xb7, 0xd0, 0xb5, 0xd4, 0xb7, 0xb0, 0xb5, 0xd4, 0xd4, 0xb5, 0xb7, 0xb7, 0xd2, 0xb5, 0xb5, 0xcd, 0xcb, 0xb5, 0xb5, 0xb5, 0xce, 0xb5, 0xce, 0xcb, 0xa3, 0xb7, 0xb7, 0xb7, 0xd2, 0xb7, 0xb7, 0xb7, 0xd2, 0xb7, 0xb7, 0xcf, 0xb3, 0xb7, 0xd2, 0xb3, 0xb5, 0xb7, 0xb8, 0xb7, 0xb7, 0xb7, 0xb5, 0xb5, 0xb5, 0xb7, 0xb5, 0xb0, 0xb5, 0xb5, 0xd1, 0xcd, 0xca, 0xb0, 0xb0, 0xb5, 0xb5, 0xd0, 0xd4, 0xb0, 0xb0, 0xcd, 0x9e, 0x9e, 0xca, 0xca, 0xcb, 0xd3, 0xd4, 0xd4, 0xd4, 0xd4, 0xd0, 0xb0, 0xce, 0xa0, 0x9c, 0x9c, 0x9c, 0x9c, 0x9c, 0x9c, 0x9c, 0x9c, 0x9c, 0x9c, 0x9c, 0x97, 0x91, 0x8c, 0x83, 0x83, 0x7e, 0x7e, 0x7e, 0x83, 0x7e, 0x7e, 0x7c, 0x7c, 0x7e, 0x81, 0x83, 0x7e, 0x7e, 0x7e, 0x7e, 0x7e, 0x7e, 0x83, 0x7e, 0x7e, 0x81, 0x7e, 0x7e, 0x7e, 0x83, 0x83, 0x7e, 0x7e, 0x7e, 0x83, 0x83, 0x7e, 0x7e, 0x7e, 0x7a, 0x7a, 0x81, 0x89, 0x8c, 0x91, 0x91, 0x89, 0x83, 0x7e, 0x7a, 0x7e, 0x7e, 0x7e, 0x7e, 0x7c, 0x7c, 0x7a, 0x7a, 0x7a, 0x7e, 
  0xa3, 0xa0, 0xa3, 0xa0, 0xa3, 0xa5, 0xa3, 0xa5, 0xa3, 0xa3, 0xa3, 0xa3, 0xa3, 0xa3, 0xa3, 0xa3, 0xa3, 0xa0, 0xa0, 0xa0, 0xa3, 0xa0, 0xa3, 0xa3, 0xa0, 0xa0, 0xa0, 0xa0, 0x9c, 0x9c, 0xa0, 0xa0, 0xa0, 0xa3, 0xa3, 0xa5, 0xa3, 0xa3, 0xa0, 0xa3, 0xa3, 0xa3, 0xa0, 0x9c, 0xa0, 0xa0, 0xa3, 0xa0, 0xa0, 0xa0, 0xa0, 0xa0, 0xa3, 0xa0, 0xa0, 0xa5, 0xa5, 0xa5, 0xa5, 0xa5, 0xa5, 0xa5, 0xa5, 0xa5, 0xa5, 0xa3, 0xa3, 0xa5, 0xa3, 0xa3, 0xa0, 0xa3, 0xa3, 0xa0, 0xa0, 0xa3, 0xa3, 0xa3, 0xa5, 0xa5, 0xa5, 0xa3, 0xa3, 0xa5, 0xa5, 0xa5, 0xa5, 0xa5, 0xa3, 0xa3, 0xa5, 0xa3, 0xa0, 0xa0, 0xa3, 0xa0, 0x8f, 0x7d, 0x82, 0x05, 0x6f, 0x6c, 0x6c, 0x6c, 0x00, 0x00, 0x61, 0x5c, 0x59, 0x5e, 0x59, 0x57, 0x57, 0x57, 0x54, 0x57, 0x57, 0x57, 0x5a, 0x5e, 0x61, 0x61, 0x61, 0x00, 0x66, 0x66, 0x00, 0x66, 0x66, 0x6c, 0x71, 0x04, 0x71, 0x6f, 0x6c, 0x6c, 0x71, 0x04, 0x03, 0x07, 0x08, 0x0e, 0x13, 0x13, 0x1c, 0x9a, 0x22, 0x25, 0x2c, 0x35, 0xb8, 0xc1, 0xc1, 0xc1, 0xc1, 0xc1, 0xbf, 0xbe, 0xbf, 0xc0, 0xbf, 0xc0, 0xbf, 0xbf, 0xbf, 0xc0, 0xbf, 0xc0, 0xc0, 0xbf, 0xbe, 0xbf, 0xbb, 0xb0, 0xb0, 0xb0, 0xb5, 0xbc, 0xc0, 0xbe, 0xc1, 0xc1, 0xc1, 0xc1, 0xc0, 0xbe, 0xbc, 0xbc, 0xbf, 0xbc, 0xbd, 0xcd, 0x75, 0x81, 0xc8, 0x84, 0x86, 0x7e, 0xc9, 0xb5, 0xb0, 0xd0, 0xcc, 0xcb, 0xa8, 0x2c, 0xa8, 0xa9, 0x36, 0x32, 0x34, 0x33, 0x33, 0xa7, 0xcd, 0xca, 0xd3, 0xb7, 0xba, 0xba, 0xd0, 0xb5, 0xd2, 0xb7, 0xb0, 0xb5, 0xd4, 0xb0, 0xb7, 0xd4, 0xcd, 0xb5, 0xd2, 0xb5, 0xb0, 0xd3, 0xd4, 0xb5, 0xb5, 0xb5, 0xb5, 0xb0, 0xac, 0xa5, 0xd4, 0xb7, 0xb7, 0xd2, 0xb7, 0xb7, 0xb7, 0xd0, 0xd3, 0xb5, 0xd1, 0xd4, 0xb5, 0xb7, 0xb6, 0xb7, 0xb7, 0xb7, 0xb7, 0xb7, 0xb7, 0xb5, 0xb5, 0xd2, 0xb7, 0xb5, 0xb5, 0xb5, 0xd2, 0xd1, 0xce, 0xd3, 0xb0, 0xb0, 0xb5, 0xb5, 0xb0, 0xd0, 0xd0, 0xd4, 0xd3, 0xcb, 0xcb, 0xcc, 0xcb, 0xca, 0xcc, 0xd3, 0xce, 0xce, 0xd4, 0xd4, 0xd0, 0xd1, 0xa8, 0x9c, 0xa0, 0x9c, 0x9c, 0x9c, 0x9c, 0x9c, 0x9c, 0x9c, 0x9c, 0x9c, 0x9c, 0x99, 0x90, 0x86, 0x83, 0x81, 0x7e, 0x7e, 0x7e, 0x7e, 0x7e, 0x7e, 0x7e, 0x7e, 0x81, 0x81, 0x7e, 0x7e, 0x7e, 0x7e, 0x7e, 0x7e, 0x7e, 0x81, 0x81, 0x81, 0x81, 0x83, 0x83, 0x83, 0x81, 0x7e, 0x7a, 0x7e, 0x7e, 0x81, 0x7e, 0x7e, 0x7c, 0x7a, 0x7a, 0x7a, 0x81, 0x89, 0x89, 0x89, 0x86, 0x83, 0x7a, 0x77, 0x7e, 0x7e, 0x7e, 0x7e, 0x7c, 0x7a, 0x7e, 0x7e, 0x7a, 0x7c, 
  0xa3, 0xa0, 0xa3, 0xa3, 0xa3, 0xa3, 0xa3, 0xa5, 0xa3, 0xa3, 0xa3, 0xa0, 0xa3, 0xa3, 0xa0, 0xa3, 0xa0, 0xa3, 0xa0, 0xa0, 0xa0, 0xa0, 0xa3, 0xa3, 0xa3, 0xa0, 0xa0, 0xa0, 0xa0, 0xa0, 0xa0, 0xa0, 0xa0, 0xa3, 0xa3, 0xa3, 0xa0, 0xa3, 0xa0, 0xa3, 0xa3, 0xa3, 0xa0, 0xa0, 0xa0, 0xa0, 0xa0, 0xa0, 0xa0, 0xa0, 0xa3, 0xa0, 0xa3, 0xa0, 0xa3, 0xa5, 0xa5, 0xa5, 0xa8, 0xa5, 0xa5, 0xa3, 0xa3, 0xa5, 0xa3, 0xa0, 0xa0, 0xa3, 0xa3, 0xa0, 0xa0, 0xa3, 0xa0, 0xa0, 0xa0, 0xa3, 0xa3, 0xa5, 0xcd, 0xa5, 0xa5, 0xa5, 0xa5, 0xa5, 0xa5, 0xa3, 0xa3, 0xa3, 0xa3, 0xa3, 0xa3, 0xa3, 0xa3, 0xa3, 0xa3, 0xa0, 0x8f, 0x0e, 0x0d, 0x07, 0x02, 0x6f, 0x6f, 0x6c, 0x68, 0x00, 0x63, 0x63, 0x61, 0x61, 0x59, 0x57, 0x57, 0x57, 0x54, 0x57, 0x57, 0x57, 0x59, 0x5c, 0x59, 0x5c, 0x5c, 0x61, 0x61, 0x63, 0x66, 0x66, 0x6b, 0x04, 0x71, 0x6f, 0x6c, 0x6c, 0x6c, 0x71, 0x03, 0x73, 0x03, 0x07, 0x08, 0x7d, 0x12, 0x18, 0x1c, 0x21, 0x1e, 0x22, 0x28, 0x2c, 0x3b, 0xbc, 0xc1, 0xc1, 0xc1, 0xc1, 0xc0, 0xbe, 0xbe, 0xc0, 0xc0, 0xc0, 0xc0, 0xc0, 0xc1, 0xc0, 0xc0, 0xc0, 0xbf, 0xbe, 0xbe, 0xbe, 0xbe, 0xb7, 0xb5, 0xb0, 0xb0, 0xb7, 0xbe, 0xbf, 0xc0, 0xc0, 0xbd, 0xb7, 0xd1, 0xd0, 0xb5, 0xb7, 0xba, 0xb1, 0xbc, 0xb7, 0x98, 0xd3, 0xba, 0xd3, 0xc8, 0x8e, 0xc9, 0xa8, 0xb0, 0xb0, 0xd3, 0xcc, 0xcd, 0xa9, 0x33, 0x35, 0x39, 0x30, 0x34, 0x35, 0x2f, 0x33, 0xa5, 0xc9, 0xcb, 0xd1, 0xb7, 0xb7, 0xb7, 0xba, 0xb7, 0xba, 0xb0, 0xb7, 0xd1, 0xb5, 0xb7, 0xd0, 0xd3, 0xb5, 0xb5, 0xb5, 0xb0, 0xd4, 0xd0, 0xd2, 0xd2, 0xd2, 0xb5, 0xb5, 0xce, 0x8e, 0xa0, 0xb7, 0xb7, 0xd2, 0xb7, 0xb7, 0xb7, 0xb0, 0xd4, 0xd2, 0xb5, 0xd2, 0xb7, 0xb7, 0xb5, 0xd2, 0xb7, 0xb7, 0xb7, 0xb7, 0xb7, 0xb7, 0xb7, 0xb5, 0xb5, 0xb7, 0xb7, 0xb5, 0xb7, 0xb5, 0xb5, 0xb5, 0xb5, 0xb5, 0xb5, 0xb5, 0xb5, 0xb0, 0xd1, 0xb5, 0xd3, 0xcd, 0xcc, 0xcd, 0xcc, 0xca, 0xcb, 0xcd, 0xd3, 0xd3, 0xd4, 0xd4, 0xd4, 0xb0, 0xb0, 0xa3, 0x9c, 0x9c, 0x99, 0x9c, 0x9c, 0x9c, 0x9c, 0x9c, 0x9c, 0x9c, 0x9c, 0x9c, 0x97, 0x90, 0x81, 0x7e, 0x7a, 0x7e, 0x7e, 0x7e, 0x7e, 0x7e, 0x7e, 0x7e, 0x7e, 0x7e, 0x7e, 0x81, 0x7c, 0x7c, 0x7c, 0x7c, 0x7a, 0x83, 0x83, 0x7e, 0x83, 0x83, 0x83, 0x81, 0x7e, 0x7e, 0x7c, 0x7e, 0x7a, 0x7e, 0x7e, 0x7c, 0x7e, 0x7e, 0x7e, 0x7e, 0x7e, 0x83, 0x89, 0x83, 0x83, 0x7e, 0x7a, 0x7c, 0x7a, 0x7a, 0x75, 0x7a, 0x7c, 0x7a, 0x7e, 0x7e, 0x7c, 0x7c, 
  0xa3, 0xa0, 0xa0, 0xa3, 0xa3, 0xa3, 0xa3, 0xa5, 0xa5, 0xa3, 0xa3, 0xa3, 0xa3, 0xa3, 0xa3, 0xa3, 0xa0, 0xa3, 0xa3, 0xa3, 0xa3, 0xa3, 0xa0, 0xa0, 0xa0, 0xa3, 0xa0, 0xa3, 0xa0, 0xa0, 0xa0, 0x9c, 0xa0, 0xa3, 0xa3, 0xa3, 0xa3, 0xa3, 0xa0, 0xa3, 0xa3, 0xa3, 0xa3, 0xa3, 0xa3, 0xa0, 0xa0, 0xa0, 0xa0, 0xa0, 0xa3, 0xa3, 0xa3, 0xa3, 0xa3, 0xa5, 0xa5, 0xa5, 0xa5, 0xa5, 0xa3, 0xa0, 0xa3, 0xa3, 0xa0, 0xa0, 0xa0, 0xa3, 0xa0, 0xa0, 0xa0, 0xa3, 0xa0, 0xa0, 0xa3, 0xa3, 0xa5, 0xa3, 0xa3, 0xa5, 0xa5, 0xa3, 0xa5, 0xa5, 0xa3, 0xa3, 0xa3, 0xa3, 0xa3, 0xa3, 0xa0, 0xa3, 0xa3, 0xa0, 0xa3, 0xa3, 0x92, 0x13, 0x82, 0x7d, 0x05, 0x02, 0x6c, 0x6c, 0x68, 0x00, 0x63, 0x63, 0x61, 0x5e, 0x59, 0x57, 0x54, 0x57, 0x57, 0x54, 0x57, 0x59, 0x59, 0x57, 0x57, 0x59, 0x5c, 0x59, 0x5c, 0x5e, 0x5e, 0x66, 0x6c, 0x71, 0x6c, 0x68, 0x68, 0x6c, 0x6c, 0x6c, 0x73, 0x03, 0x07, 0x07, 0x07, 0x07, 0x09, 0x13, 0x8d, 0x94, 0x21, 0x22, 0x25, 0x2c, 0xa9, 0x41, 0xbe, 0xc1, 0xc1, 0xc1, 0xc1, 0xbe, 0xbc, 0xbe, 0xc0, 0xbf, 0xc0, 0xbf, 0xc0, 0xbf, 0xc0, 0xbf, 0xc0, 0xbf, 0xbf, 0xbe, 0xbe, 0xba, 0xd4, 0xd1, 0xb0, 0xb5, 0xbc, 0xbe, 0xb7, 0xbd, 0xb5, 0xd4, 0xcd, 0xca, 0xd3, 0xb0, 0xcc, 0xb5, 0xbf, 0xbf, 0xbc, 0xbe, 0xbf, 0xbc, 0xd0, 0xb8, 0xac, 0xc9, 0xd4, 0xb0, 0xb0, 0xcd, 0xc9, 0xcc, 0x35, 0x3a, 0x3b, 0x39, 0x36, 0x31, 0x33, 0xaa, 0xd3, 0xcd, 0xcd, 0xd0, 0xb7, 0xb8, 0xb7, 0xba, 0xb7, 0xd2, 0xb5, 0xb7, 0xd2, 0xb5, 0xd2, 0xb5, 0xd1, 0xd2, 0xb5, 0xb5, 0xb5, 0xb5, 0xcd, 0xd4, 0xb5, 0xd2, 0xd2, 0xb5, 0xb0, 0xca, 0x8e, 0xce, 0xb7, 0xd2, 0xd2, 0xb7, 0xd2, 0xb7, 0xb7, 0xb7, 0xb7, 0xb5, 0xd1, 0xd2, 0xb5, 0xd2, 0xb7, 0xb7, 0xb7, 0xb7, 0xb7, 0xb7, 0xb7, 0xb7, 0xd2, 0xd2, 0xb5, 0xb5, 0xd3, 0xb5, 0xd2, 0xb5, 0xb5, 0xb5, 0xb7, 0xb7, 0xb5, 0xb0, 0xd4, 0xd3, 0xd3, 0xd3, 0xd3, 0xd3, 0xcd, 0xcb, 0xca, 0xcb, 0xcd, 0xd3, 0xd3, 0xd3, 0xd4, 0xd4, 0xd1, 0xd4, 0xa0, 0x9c, 0x9c, 0x99, 0x9c, 0x9c, 0xa0, 0x9c, 0x9c, 0x9c, 0x99, 0x99, 0x99, 0x93, 0x89, 0x83, 0x7e, 0x7a, 0x7c, 0x7e, 0x83, 0x7e, 0x7e, 0x7e, 0x7e, 0x7e, 0x83, 0x81, 0x7e, 0x7e, 0x7e, 0x7e, 0x7e, 0x7e, 0x7e, 0x83, 0x83, 0x83, 0x83, 0x7e, 0x81, 0x81, 0x7e, 0x7e, 0x7e, 0x7e, 0x7e, 0x7e, 0x7e, 0x7e, 0x83, 0x7c, 0x7e, 0x7e, 0x89, 0x86, 0x81, 0x7a, 0x7a, 0x7a, 0x7a, 0x7a, 0x77, 0x77, 0x7e, 0x7a, 0x7a, 0x7e, 0x7a, 0x7a, 
  0xa3, 0xa3, 0xa3, 0xa0, 0xa3, 0xa3, 0xa3, 0xa3, 0xa3, 0xa3, 0xa3, 0xa5, 0xa5, 0xa3, 0xa3, 0xa3, 0xa3, 0xa3, 0xa0, 0xa3, 0xa3, 0xa3, 0xa0, 0xa0, 0xa3, 0xa0, 0xa0, 0xa0, 0xa0, 0xa0, 0xa0, 0xa0, 0xa0, 0xa0, 0xa3, 0xa3, 0xa3, 0xa3, 0xa3, 0xa3, 0xa0, 0xa3, 0xa3, 0xa3, 0xa3, 0xa0, 0xa3, 0xa0, 0xa0, 0xa0, 0xa3, 0xa0, 0xa5, 0xa3, 0xa3, 0xa5, 0xa5, 0xa3, 0xa3, 0xa0, 0xa0, 0xa0, 0xa3, 0xa3, 0xa0, 0xa0, 0xa0, 0xa0, 0xa0, 0xa0, 0xa0, 0xa0, 0x9c, 0xa0, 0xa3, 0xa3, 0xa3, 0xa3, 0xa3, 0xa5, 0xa5, 0xa5, 0xa3, 0xa3, 0xa3, 0xa0, 0xa0, 0xa0, 0xa5, 0xa3, 0xa0, 0xa0, 0xa3, 0xa3, 0xa3, 0xa0, 0x9f, 0x8d, 0x82, 0x0e, 0x05, 0x73, 0x6c, 0x6f, 0x6c, 0x00, 0x61, 0x63, 0x63, 0x5e, 0x59, 0x57, 0x54, 0x57, 0x57, 0x57, 0x59, 0x59, 0x57, 0x57, 0x57, 0x59, 0x59, 0x5c, 0x5e, 0x5c, 0x5e, 0x00, 0x71, 0x6b, 0x6b, 0x66, 0x00, 0x6c, 0x6c, 0x73, 0x71, 0x03, 0x05, 0x07, 0x05, 0x07, 0x09, 0x7f, 0x15, 0x8f, 0x1e, 0x21, 0x22, 0x25, 0x2c, 0xa9, 0x48, 0xc1, 0xc1, 0xc1, 0xc1, 0xbe, 0xb7, 0xbc, 0xbf, 0xc0, 0xc1, 0xc0, 0xc1, 0xc0, 0xc0, 0xc0, 0xc0, 0xbf, 0xbf, 0xbe, 0xbf, 0xbc, 0xb5, 0xb0, 0xb0, 0xd0, 0xb0, 0xbe, 0xbe, 0xbe, 0xb5, 0xd4, 0xd3, 0xcd, 0xcd, 0xd3, 0xb7, 0xbf, 0xc1, 0xc1, 0xc1, 0xc1, 0xc1, 0xc1, 0xbe, 0xc0, 0xba, 0xca, 0xcb, 0xd1, 0xb5, 0xb0, 0x98, 0xca, 0xd3, 0x2f, 0x2f, 0x2e, 0xa9, 0xa8, 0xd3, 0xd3, 0xd3, 0xcd, 0xd3, 0xd4, 0xb5, 0xb8, 0xb5, 0xb7, 0xb7, 0xd2, 0xb5, 0xb3, 0xb0, 0xd1, 0xd2, 0xd2, 0xb5, 0xb0, 0xb5, 0xb5, 0xb5, 0xb5, 0xb5, 0xb7, 0xb7, 0xb5, 0xd1, 0xb5, 0xb5, 0xb3, 0xb5, 0xb7, 0xb7, 0xd2, 0xd2, 0xd2, 0xd2, 0xb7, 0xb7, 0xb7, 0xb7, 0xb5, 0xb0, 0xd2, 0xb5, 0xd2, 0xb7, 0xb7, 0xb7, 0xb7, 0xb7, 0xb7, 0xb5, 0xb7, 0xb7, 0xb6, 0xd2, 0xd1, 0xca, 0xd0, 0xd2, 0xb5, 0xb5, 0xb5, 0xb5, 0xb0, 0xd4, 0xd3, 0xd4, 0xd3, 0xd3, 0xd3, 0xd3, 0xd3, 0xd3, 0xcd, 0xa3, 0xca, 0xcb, 0xd3, 0xd4, 0xd4, 0xd4, 0xd4, 0xd4, 0xb0, 0xa5, 0x99, 0x9c, 0x9c, 0x9c, 0x9c, 0xa0, 0xa0, 0x9c, 0x9c, 0x9c, 0x99, 0x99, 0x93, 0x90, 0x89, 0x7e, 0x7e, 0x83, 0x83, 0x83, 0x81, 0x81, 0x81, 0x81, 0x81, 0x81, 0x7e, 0x7e, 0x7e, 0x83, 0x7e, 0x83, 0x83, 0x7e, 0x83, 0x83, 0x83, 0x86, 0x7e, 0x7e, 0x7e, 0x7e, 0x7e, 0x7e, 0x7e, 0x7e, 0x7e, 0x7e, 0x7c, 0x83, 0x81, 0x7e, 0x81, 0x83, 0x89, 0x83, 0x7e, 0x7e, 0x7a, 0x7a, 0x7a, 0x7e, 0x7e, 0x7e, 0x7a, 0x7a, 0x7c, 0x7a, 0x7a, 
  0xa3, 0xa3, 0xa3, 0xa3, 0xa0, 0xa3, 0xa3, 0xa0, 0xa3, 0xa3, 0xa5, 0xa3, 0xa3, 0xa3, 0xa3, 0xa3, 0xa3, 0xa3, 0xa3, 0xa0, 0xa0, 0xa0, 0xa3, 0xa3, 0xa3, 0xa0, 0x9c, 0xa0, 0xa0, 0xa0, 0xc9, 0xa0, 0xa0, 0x9c, 0xa0, 0xa0, 0xa0, 0xa3, 0xa3, 0xa3, 0xa0, 0xa3, 0xa0, 0xa0, 0xa3, 0xa3, 0xa3, 0xa3, 0xa0, 0xa3, 0xa3, 0xa3, 0xa3, 0xa3, 0xa0, 0xa3, 0xa5, 0xa5, 0xa3, 0xa0, 0xa0, 0xa0, 0xa0, 0xa3, 0xa0, 0xa0, 0xa0, 0xa0, 0xa3, 0xa0, 0xa0, 0xa0, 0xa0, 0xa0, 0xa0, 0xa3, 0xa3, 0xa3, 0xa3, 0xa3, 0xa3, 0xa3, 0xa3, 0xa3, 0xa3, 0xa3, 0xa0, 0xa0, 0xa3, 0xa3, 0xa3, 0xa3, 0xa3, 0xa0, 0xa0, 0xa0, 0xa1, 0x8f, 0x13, 0x82, 0x09, 0x74, 0x73, 0x6f, 0x6c, 0x6c, 0x00, 0x63, 0x63, 0x5e, 0x59, 0x57, 0x57, 0x59, 0x54, 0x57, 0x59, 0x57, 0x57, 0x57, 0x57, 0x59, 0x59, 0x5c, 0x5e, 0x61, 0x00, 0x6c, 0x73, 0x66, 0x63, 0x66, 0x00, 0x00, 0x66, 0x6c, 0x71, 0x03, 0x05, 0x07, 0x07, 0x09, 0x09, 0x0e, 0x13, 0x8d, 0x1e, 0x1e, 0x24, 0x25, 0x2c, 0x2a, 0x3b, 0x4a, 0xc0, 0xc1, 0xc1, 0xc0, 0xbe, 0xbc, 0xbe, 0xc0, 0xc1, 0xbf, 0xc0, 0xbf, 0xc0, 0xbf, 0xc0, 0xc0, 0xc0, 0xbe, 0xbe, 0xbe, 0xba, 0xd4, 0xd0, 0xb0, 0xb0, 0xba, 0xc1, 0xbf, 0xb7, 0xd4, 0xd4, 0xd4, 0xb5, 0xbe, 0xc0, 0xc1, 0xc1, 0xc1, 0xc1, 0xc1, 0xc1, 0xc1, 0xc1, 0xc0, 0xbf, 0xb7, 0xd4, 0xb0, 0xb5, 0xd1, 0xcc, 0xca, 0xcb, 0xa8, 0xab, 0xd3, 0xa8, 0xcd, 0xcd, 0xd3, 0xd3, 0xd3, 0xd3, 0xce, 0xd0, 0xb5, 0xb0, 0xd2, 0xb7, 0xd2, 0xb0, 0xcb, 0xb5, 0xb5, 0xb5, 0xb5, 0xca, 0x98, 0xb5, 0xd2, 0xd2, 0xb5, 0xd0, 0xd0, 0xb5, 0xb3, 0xcd, 0xb6, 0xb5, 0xb5, 0xd0, 0xd3, 0xb0, 0xb7, 0xd2, 0xb7, 0xb7, 0xb7, 0xb5, 0xb5, 0xb7, 0xd2, 0xb5, 0xb5, 0xb7, 0xb5, 0xd2, 0xd2, 0xb7, 0xb7, 0xb7, 0xb7, 0xa8, 0xb0, 0xb7, 0xb7, 0xb7, 0xb5, 0xb5, 0xb5, 0xb7, 0xb5, 0xd1, 0xd0, 0xd3, 0xd3, 0xce, 0xaa, 0xa7, 0xac, 0xd3, 0xd3, 0xd3, 0xd3, 0xd3, 0xd3, 0xd3, 0xcb, 0xca, 0xcc, 0xd3, 0xd4, 0xd4, 0xd4, 0xd4, 0xaf, 0xb3, 0xa3, 0xa0, 0x9c, 0x9c, 0x9c, 0x9c, 0x9c, 0x9c, 0x9c, 0x9c, 0x9c, 0x9c, 0x93, 0x89, 0x89, 0x81, 0x83, 0x7e, 0x7c, 0x7e, 0x81, 0x81, 0x83, 0x83, 0x7e, 0x81, 0x83, 0x81, 0x7e, 0x7e, 0x7e, 0x7e, 0x7e, 0x83, 0x83, 0x81, 0x83, 0x83, 0x83, 0x81, 0x81, 0x83, 0x7e, 0x7e, 0x7e, 0x7a, 0x7e, 0x7e, 0x81, 0x7e, 0x7a, 0x7a, 0x7e, 0x83, 0x86, 0x83, 0x7e, 0x7a, 0x7c, 0x7a, 0x77, 0x7a, 0x7a, 0x7a, 0x7c, 0x7e, 0x7a, 0x7c, 0x7e, 
  0xa3, 0xa3, 0xa3, 0xa5, 0xa3, 0xa3, 0xa3, 0xa3, 0xa3, 0xa5, 0xa3, 0xa3, 0xa3, 0xa3, 0xa3, 0xa3, 0xa3, 0xa0, 0xa3, 0xa3, 0xa3, 0xa0, 0xa0, 0xa3, 0xa3, 0xa0, 0xa0, 0xa3, 0xa3, 0xa0, 0xa0, 0xa0, 0x9c, 0xa0, 0xa0, 0xa0, 0xa3, 0xa3, 0xa3, 0xa3, 0xa3, 0xa0, 0xa3, 0xa3, 0xa3, 0xa3, 0xa3, 0xa3, 0xa0, 0xa3, 0xa3, 0xa0, 0xa3, 0xa0, 0xa3, 0xa3, 0xa3, 0xa3, 0xa3, 0xa3, 0xa3, 0xa3, 0xa3, 0xa3, 0xa0, 0xa0, 0xa0, 0xa0, 0xa0, 0xa0, 0xa0, 0xa0, 0xa0, 0xa3, 0xa3, 0xa5, 0xa5, 0xa3, 0xa3, 0xa3, 0xa3, 0xa3, 0xa3, 0xa3, 0xa0, 0xa0, 0xa0, 0xa3, 0xa3, 0xa3, 0xa3, 0xa3, 0xa0, 0xa0, 0xa0, 0xa0, 0xa0, 0x92, 0x13, 0x80, 0x09, 0x79, 0x73, 0x6f, 0x6c, 0x6c, 0x63, 0x63, 0x63, 0x5e, 0x5c, 0x59, 0x59, 0x57, 0x57, 0x57, 0x59, 0x59, 0x57, 0x59, 0x57, 0x57, 0x59, 0x5e, 0x61, 0x63, 0x66, 0x6c, 0x66, 0x61, 0x5c, 0x61, 0x68, 0x00, 0x66, 0x6c, 0x02, 0x73, 0x03, 0x05, 0x09, 0x09, 0x79, 0x7f, 0x0e, 0x8d, 0x1c, 0x1c, 0x21, 0x25, 0x28, 0x28, 0x2c, 0x3e, 0x4a, 0xc1, 0xc1, 0xc1, 0xc0, 0xbc, 0xbe, 0xbf, 0xc0, 0xc0, 0xc1, 0xc0, 0xc1, 0xc0, 0xc0, 0xbf, 0xc0, 0xbf, 0xc0, 0xbe, 0xbe, 0xb5, 0xd3, 0xb0, 0xb0, 0xb5, 0xbe, 0xbe, 0xb7, 0xb0, 0xd1, 0xbc, 0xc0, 0xc1, 0xc1, 0xc1, 0xc1, 0xc1, 0xc1, 0xc1, 0xc1, 0xc1, 0xc1, 0xc0, 0xbe, 0xbb, 0xcb, 0xca, 0xd3, 0xd1, 0xb0, 0x98, 0x98, 0xd3, 0xd3, 0xd3, 0xcd, 0xcd, 0xd3, 0xd3, 0xd3, 0xd3, 0xd3, 0xd3, 0xd4, 0xb0, 0xd3, 0xd1, 0xb7, 0xb7, 0xb5, 0xd2, 0xb5, 0xd2, 0xb5, 0xb5, 0xd4, 0xd0, 0xd2, 0xb5, 0xd2, 0xb5, 0xb0, 0xd3, 0xca, 0xb5, 0xb0, 0xb5, 0xb5, 0xd2, 0xd1, 0xd3, 0xd4, 0xb5, 0xb0, 0xb0, 0xb5, 0xb5, 0xb5, 0xd2, 0xb5, 0xb5, 0xb7, 0xd2, 0xb7, 0xb5, 0xd2, 0xd2, 0xb7, 0xb7, 0xb7, 0xb7, 0xb7, 0xb7, 0xb7, 0xb7, 0xb7, 0xb7, 0xb7, 0xb5, 0xb5, 0xd0, 0xd3, 0xd3, 0xd3, 0xd3, 0xd3, 0xa6, 0x29, 0xaa, 0xd4, 0xd3, 0xd3, 0xd3, 0xd3, 0xd3, 0xd3, 0xd3, 0xcb, 0xcb, 0xcd, 0xd4, 0xd4, 0xce, 0xd4, 0xd3, 0xd0, 0xb0, 0xa3, 0x9c, 0x9c, 0xa0, 0xa0, 0xa0, 0x9c, 0x9c, 0x9c, 0x9c, 0x99, 0x97, 0x93, 0x90, 0x84, 0x83, 0x83, 0x7e, 0x7e, 0x7e, 0x83, 0x81, 0x83, 0x83, 0x81, 0x83, 0x81, 0x81, 0x81, 0x7e, 0x81, 0x83, 0x86, 0x7e, 0x7e, 0x81, 0x83, 0x81, 0x7e, 0x7e, 0x7e, 0x7e, 0x7e, 0x7e, 0x7e, 0x7e, 0x7e, 0x7e, 0x7e, 0x7e, 0x7a, 0x7e, 0x7e, 0x83, 0x83, 0x7e, 0x7e, 0x7e, 0x7a, 0x7a, 0x7a, 0x7a, 0x7a, 0x7e, 0x7a, 0x7a, 0x7a, 0x7c, 
  0xa3, 0xa3, 0xa3, 0xa3, 0xa5, 0xa3, 0xa5, 0xa5, 0xa5, 0xa3, 0xa0, 0xa3, 0xa3, 0xa3, 0xa3, 0xa3, 0xa3, 0xa3, 0xa5, 0xa3, 0xa3, 0xa3, 0xa3, 0xa3, 0xa0, 0xa0, 0xa0, 0xa3, 0xa3, 0xa0, 0xa3, 0xa3, 0xa0, 0xa0, 0xa0, 0xa0, 0xa0, 0xa0, 0xa0, 0xa0, 0xa0, 0xa3, 0xa3, 0xa0, 0xa3, 0xa3, 0xa3, 0xa3, 0xa3, 0xa3, 0xa0, 0x9c, 0xa0, 0x9c, 0xa3, 0xa0, 0xa3, 0xa3, 0xa3, 0xa3, 0xa3, 0xa3, 0xa3, 0xa3, 0xa0, 0xa0, 0x9c, 0x9c, 0xa0, 0xa0, 0x9c, 0xa0, 0xa0, 0xa0, 0xa0, 0xa5, 0xa5, 0xa5, 0xa3, 0xa3, 0xa3, 0xa3, 0xa3, 0xa3, 0xa0, 0xa3, 0xa0, 0xa0, 0xa0, 0xa0, 0xa0, 0xa0, 0xa0, 0xa0, 0xa0, 0xa3, 0xa0, 0x9b, 0x88, 0x80, 0x7d, 0x78, 0x04, 0x73, 0x6c, 0x6c, 0x00, 0x63, 0x63, 0x63, 0x5e, 0x5c, 0x59, 0x59, 0x59, 0x57, 0x59, 0x59, 0x59, 0x57, 0x57, 0x54, 0x59, 0x61, 0x63, 0x00, 0x66, 0x66, 0x63, 0x5c, 0x5c, 0x61, 0x63, 0x00, 0x6c, 0x6c, 0x6c, 0x02, 0x05, 0x05, 0x05, 0x05, 0x79, 0x7f, 0x0e, 0x18, 0x1c, 0x1c, 0x1c, 0x21, 0x25, 0x25, 0x28, 0xa9, 0xb8, 0xbf, 0xc1, 0xc1, 0xc0, 0xbf, 0xbe, 0xbe, 0xbf, 0xbf, 0xc0, 0xbf, 0xc0, 0xbf, 0xc0, 0xc0, 0xc0, 0xbf, 0xbf, 0xbf, 0xbe, 0xbb, 0xd4, 0xd0, 0xb0, 0xb0, 0xb7, 0xb7, 0xb0, 0xb9, 0xc0, 0xc1, 0xc1, 0xc1, 0xc1, 0xc1, 0xc1, 0xc1, 0xc1, 0xc1, 0xc1, 0xc1, 0xc1, 0xbe, 0xba, 0xbe, 0xb5, 0xd3, 0xd3, 0xd4, 0xd0, 0xac, 0xc9, 0xcb, 0xd3, 0xd3, 0xcc, 0xcb, 0xd3, 0xce, 0xd3, 0xd3, 0xd3, 0xd3, 0xd3, 0xb0, 0xb0, 0xb7, 0xba, 0xb7, 0xd3, 0xb7, 0xd2, 0xd2, 0xd2, 0xb5, 0xb5, 0xb7, 0xb7, 0xb5, 0xb5, 0xb5, 0xb5, 0xb7, 0xc5, 0xd4, 0xb5, 0xb5, 0xb5, 0xd0, 0xd4, 0xcd, 0xa3, 0xd4, 0xd4, 0xd3, 0xd4, 0xd1, 0xb7, 0xd2, 0xb7, 0xb5, 0xd2, 0xd2, 0xb5, 0xb5, 0xb7, 0xb7, 0xb7, 0xb7, 0xb7, 0xb7, 0xb7, 0xb5, 0xb7, 0xb7, 0xb7, 0xb0, 0xb0, 0xd4, 0xd3, 0xd3, 0xd3, 0xd3, 0xd3, 0xd4, 0xd4, 0xa6, 0x2d, 0xae, 0xd4, 0xd4, 0xd3, 0xd3, 0xd3, 0xd3, 0xcd, 0xd3, 0xcd, 0xcb, 0xcb, 0xd3, 0xd4, 0xd4, 0xd4, 0xd4, 0xd4, 0xb0, 0xd4, 0xa0, 0x9c, 0x9c, 0xa0, 0xa0, 0xa0, 0x9c, 0x9c, 0x9c, 0x9c, 0x99, 0x93, 0x93, 0x8c, 0x86, 0x81, 0x7e, 0x7e, 0x7c, 0x7e, 0x7e, 0x83, 0x7e, 0x7e, 0x7e, 0x7a, 0x7e, 0x81, 0x7e, 0x7e, 0x7e, 0x83, 0x7e, 0x7e, 0x81, 0x81, 0x7e, 0x7e, 0x7a, 0x7e, 0x7e, 0x7e, 0x7e, 0x7e, 0x7e, 0x7c, 0x7e, 0x7a, 0x7e, 0x7a, 0x7e, 0x7e, 0x7e, 0x7e, 0x7c, 0x7a, 0x7e, 0x7a, 0x7a, 0x7e, 0x7a, 0x75, 0x7a, 0x7a, 0x77, 0x7e, 0x7e, 
  0xa3, 0xa3, 0xa3, 0xa3, 0xa5, 0xa3, 0xa3, 0xa3, 0xa3, 0xa3, 0xa3, 0xa0, 0xa3, 0xa3, 0xa3, 0xa3, 0xa3, 0xa3, 0xa5, 0xa3, 0xa0, 0xa3, 0xa3, 0xa3, 0xa3, 0xa0, 0xa0, 0xa0, 0xa3, 0xa3, 0xa0, 0xa3, 0xa3, 0xa3, 0xa0, 0xa0, 0xa0, 0xa3, 0xa0, 0xa0, 0xa0, 0xa0, 0xa3, 0xa3, 0xa3, 0xa3, 0xa3, 0xa3, 0xa3, 0xa0, 0xa0, 0xa0, 0xa0, 0xa0, 0xa3, 0xa3, 0xa3, 0xa3, 0xa3, 0xa0, 0xa0, 0xa0, 0xa0, 0xc9, 0xa0, 0xa0, 0x9c, 0xa0, 0x9c, 0xa0, 0x9c, 0xa0, 0x9c, 0xa0, 0xa0, 0xa3, 0xa3, 0xa3, 0xa0, 0xa0, 0xa3, 0xa3, 0xa3, 0xa0, 0xa0, 0xa0, 0xa0, 0xa0, 0xa0, 0xa0, 0xa0, 0xa0, 0xa0, 0xa0, 0xa0, 0xa0, 0xa0, 0x9d, 0x8f, 0x82, 0x7d, 0x05, 0x78, 0x04, 0x6f, 0x6c, 0x00, 0x00, 0x63, 0x63, 0x5e, 0x5c, 0x59, 0x5c, 0x59, 0x59, 0x57, 0x57, 0x57, 0x57, 0x57, 0x57, 0x5c, 0x61, 0x63, 0x00, 0x63, 0x61, 0x5c, 0x59, 0x59, 0x5e, 0x61, 0x00, 0x01, 0x6c, 0x6c, 0x02, 0x02, 0x02, 0x02, 0x05, 0x05, 0x09, 0x0d, 0x13, 0x8d, 0x8d, 0x1e, 0x21, 0x22, 0x25, 0x28, 0x28, 0xa9, 0x48, 0xc0, 0xc1, 0xc1, 0xc0, 0xbd, 0xbe, 0xc0, 0xc0, 0xc0, 0xc0, 0xc0, 0xc0, 0xbf, 0xbf, 0xc0, 0xbf, 0xc0, 0xbf, 0xbf, 0xbe, 0xb7, 0xd4, 0xb0, 0xb0, 0xb5, 0xba, 0xbe, 0xc1, 0xc1, 0xc1, 0xc1, 0xc1, 0xc1, 0xbf, 0xbf, 0xc1, 0xc1, 0xc1, 0xc1, 0xc1, 0xc1, 0xbe, 0xba, 0xba, 0xaf, 0xcb, 0xcb, 0xd3, 0xb0, 0xb3, 0xca, 0x98, 0xd3, 0xd3, 0xd3, 0xca, 0xcb, 0xd3, 0xd3, 0xd3, 0xd3, 0xd3, 0xd3, 0xd4, 0xb0, 0xb7, 0xb7, 0xd2, 0xc9, 0xb9, 0xd2, 0xd2, 0xd2, 0xb5, 0xb5, 0xd2, 0xd2, 0xb5, 0xb5, 0xb5, 0xb5, 0xb5, 0xc9, 0xd4, 0xb7, 0xd2, 0xd1, 0xd4, 0xaf, 0xb0, 0xd3, 0xd4, 0xb5, 0xb5, 0xb7, 0xd1, 0xb5, 0xd2, 0xd2, 0xd2, 0xb7, 0xb7, 0xb7, 0xb7, 0xb7, 0xb7, 0xb7, 0xb7, 0xb7, 0xb7, 0xb6, 0xb0, 0xb0, 0xb0, 0xb0, 0xd4, 0xd3, 0xd3, 0xd3, 0xce, 0xd3, 0xd3, 0xce, 0xd4, 0xd4, 0xa7, 0x30, 0x33, 0xac, 0xd4, 0xd4, 0xce, 0xd3, 0xd3, 0xd3, 0xd3, 0xd3, 0xcd, 0xcc, 0xcc, 0xd3, 0xd4, 0xd3, 0xd3, 0xd4, 0xd0, 0xb0, 0xcd, 0xa0, 0x9c, 0xa0, 0xa0, 0xa0, 0xa0, 0x9c, 0x9c, 0x9c, 0x99, 0x93, 0x93, 0x93, 0x89, 0x83, 0x81, 0x7e, 0x7c, 0x7e, 0x7e, 0x81, 0x81, 0x81, 0x7e, 0x7a, 0x7a, 0x7e, 0x7e, 0x7a, 0x7e, 0x7e, 0x7e, 0x81, 0x81, 0x81, 0x7e, 0x7c, 0x7a, 0x7e, 0x81, 0x7e, 0x7e, 0x7e, 0x7e, 0x77, 0x7c, 0x77, 0x7a, 0x7a, 0x7a, 0x7c, 0x7e, 0x7e, 0x7a, 0x7a, 0x7a, 0x7a, 0x7a, 0x7e, 0x7a, 0x75, 0x7c, 0x7a, 0x7e, 0x7c, 0x7a, 
  0xa3, 0xa3, 0xa0, 0xa3, 0xa3, 0xa0, 0xa3, 0xa3, 0xa3, 0xa3, 0xa3, 0xa3, 0xa3, 0xa3, 0xa3, 0xa3, 0xa3, 0xa3, 0xa3, 0xa3, 0xa3, 0xa3, 0xa3, 0xa3, 0xa3, 0xa3, 0xa3, 0xa3, 0xa3, 0xa3, 0xa0, 0xa0, 0xa3, 0xa3, 0xa3, 0xa3, 0xa3, 0xa0, 0xa0, 0xa0, 0xa0, 0xa3, 0xa3, 0xa3, 0xa3, 0xa3, 0xa3, 0xa3, 0xa0, 0xa0, 0xa0, 0xa0, 0x9c, 0xa0, 0xa0, 0xa3, 0xa0, 0xa0, 0xa0, 0xa0, 0x9c, 0x9c, 0x9c, 0x9c, 0x9c, 0xa0, 0xa0, 0xa0, 0xa0, 0xa0, 0x9c, 0x9c, 0x9c, 0xa0, 0xa0, 0xa0, 0xa0, 0xa0, 0xa0, 0xa3, 0xa3, 0xa0, 0xa0, 0xa0, 0xa0, 0xa0, 0xa0, 0xa0, 0xa0, 0xa0, 0xa0, 0xa0, 0xa0, 0xa0, 0xa0, 0xa0, 0xa0, 0x9c, 0x8f, 0x12, 0x7d, 0x78, 0x78, 0x04, 0x6c, 0x6c, 0x68, 0x00, 0x63, 0x63, 0x5e, 0x5e, 0x5c, 0x5e, 0x59, 0x59, 0x57, 0x57, 0x57, 0x57, 0x57, 0x59, 0x5e, 0x61, 0x00, 0x63, 0x5e, 0x5c, 0x59, 0x59, 0x59, 0x59, 0x5e, 0x61, 0x00, 0x6c, 0x6c, 0x02, 0x6c, 0x6c, 0x02, 0x73, 0x05, 0x09, 0x09, 0x0e, 0x13, 0x1c, 0x1c, 0x1e, 0x21, 0x22, 0x25, 0x28, 0x2a, 0xae, 0x4a, 0xc1, 0xc1, 0xc1, 0xbe, 0xbc, 0xbe, 0xbe, 0xbf, 0xc0, 0xbf, 0xc0, 0xbf, 0xc0, 0xc0, 0xc0, 0xc0, 0xbf, 0xbf, 0xbe, 0xbd, 0xb0, 0xb0, 0xb0, 0xb0, 0xb7, 0xbe, 0xc1, 0xc0, 0xc1, 0xc1, 0xc1, 0xc1, 0xbd, 0xbe, 0xc1, 0xc1, 0xc1, 0xc1, 0xc1, 0xc1, 0xc1, 0xbf, 0xd2, 0xa0, 0x91, 0x9c, 0xd3, 0xd4, 0xb7, 0xd4, 0xc9, 0xcb, 0xcd, 0xd3, 0xca, 0xca, 0xcc, 0xd3, 0xaa, 0xa7, 0xa7, 0xa8, 0xd4, 0xaf, 0xb5, 0xb7, 0xb5, 0x97, 0xba, 0xb7, 0xb7, 0xd2, 0xd2, 0xd2, 0xd3, 0xd3, 0xd2, 0xb5, 0xd2, 0xb5, 0xb5, 0xb5, 0xd3, 0xba, 0xd2, 0xb5, 0xb5, 0xb5, 0xb5, 0xb0, 0xd3, 0xb0, 0xb7, 0xb5, 0xce, 0xb0, 0xb5, 0xb5, 0xd2, 0xb7, 0xb7, 0xb7, 0xb7, 0xb5, 0xd2, 0xb7, 0xb7, 0xb7, 0xb5, 0xb0, 0xd4, 0xd4, 0xd3, 0xd3, 0xd3, 0xd4, 0xd3, 0xce, 0xd3, 0xd3, 0xd3, 0xd3, 0xce, 0xce, 0xac, 0x2c, 0x31, 0x36, 0xa9, 0xaa, 0xd4, 0xd3, 0xd3, 0xd3, 0xd3, 0xd3, 0xd3, 0xcd, 0xcc, 0xcd, 0xd3, 0xce, 0xd3, 0xd4, 0xd4, 0xd0, 0xd4, 0xa5, 0x9c, 0xa0, 0xa0, 0xa0, 0xa0, 0x9c, 0x9c, 0x9c, 0x9c, 0x9c, 0x99, 0x99, 0x8c, 0x89, 0x86, 0x83, 0x83, 0x7e, 0x7e, 0x7e, 0x83, 0x81, 0x7e, 0x7e, 0x7e, 0x7a, 0x7a, 0x7a, 0x7e, 0x7e, 0x7e, 0x81, 0x81, 0x81, 0x83, 0x7e, 0x7c, 0x7e, 0x81, 0x7e, 0x7a, 0x7a, 0x7e, 0x7a, 0x7a, 0x7c, 0x7a, 0x7a, 0x7a, 0x7a, 0x7c, 0x7e, 0x7e, 0x7a, 0x77, 0x7a, 0x7a, 0x7e, 0x7a, 0x7a, 0x7a, 0x7a, 0x7a, 0x7c, 0x7a, 
  0xa3, 0xa3, 0xa0, 0xa3, 0xa3, 0xa3, 0xa3, 0xa3, 0xa3, 0xa0, 0xa3, 0xa3, 0xa3, 0xa3, 0xa3, 0xa3, 0xa3, 0xa3, 0xa3, 0xa3, 0xa3, 0xa5, 0xa3, 0xa3, 0xa3, 0xa5, 0xa3, 0xa3, 0xa3, 0xa3, 0xa0, 0xa3, 0xa3, 0xa3, 0xa3, 0xa3, 0xa0, 0xa0, 0xa3, 0xa3, 0xa3, 0xa3, 0xa3, 0xa3, 0xa3, 0xa0, 0xa3, 0xa3, 0xa0, 0xa0, 0xa0, 0xa0, 0xa0, 0xa3, 0xa0, 0xa0, 0xa0, 0xa0, 0xa0, 0xa0, 0x9c, 0x9c, 0x9c, 0x9c, 0x9c, 0xa0, 0xa0, 0xa0, 0xa0, 0x9c, 0x9c, 0x9c, 0xa0, 0xa3, 0xa0, 0xa0, 0xa0, 0xa0, 0xa0, 0xa3, 0xa3, 0xa0, 0xa0, 0xa0, 0xa0, 0xa0, 0xa0, 0xa0, 0xa0, 0xa0, 0xa0, 0xa0, 0xa0, 0xa0, 0xa0, 0xa0, 0xa0, 0x9c, 0x94, 0x13, 0x0d, 0x07, 0x04, 0x04, 0x6c, 0x6c, 0x68, 0x00, 0x66, 0x63, 0x5e, 0x5e, 0x5e, 0x5c, 0x59, 0x59, 0x59, 0x59, 0x59, 0x59, 0x59, 0x5c, 0x5e, 0x61, 0x61, 0x5c, 0x59, 0x59, 0x59, 0x59, 0x5c, 0x59, 0x5e, 0x61, 0x00, 0x68, 0x6c, 0x6f, 0x6c, 0x6e, 0x02, 0x73, 0x78, 0x07, 0x09, 0x7f, 0x13, 0x1c, 0x1c, 0x1c, 0x1e, 0x21, 0x25, 0x28, 0x28, 0x2c, 0x43, 0xbf, 0xc1, 0xc1, 0xbf, 0xbc, 0xbd, 0xbe, 0xc0, 0xc0, 0xc0, 0xc0, 0xbf, 0xc0, 0xbf, 0xc0, 0xbf, 0xbf, 0xbf, 0xbe, 0xbe, 0xb7, 0xd4, 0xd0, 0xb0, 0xb5, 0xbc, 0xbf, 0xc1, 0xc1, 0xc1, 0xc1, 0xc1, 0xbf, 0xc0, 0xc1, 0xc1, 0xc1, 0xc1, 0xc1, 0xc1, 0xc1, 0xc0, 0xba, 0xa0, 0x8c, 0x98, 0xcd, 0xd4, 0xd0, 0xb0, 0xa3, 0x98, 0xc9, 0xca, 0xc9, 0xca, 0xa5, 0xa6, 0x33, 0x2f, 0x2f, 0x33, 0xac, 0xd4, 0xb0, 0xb5, 0xb7, 0xc9, 0xb8, 0xb7, 0xb7, 0xd2, 0xb5, 0xb5, 0xcb, 0xcb, 0xd2, 0xb5, 0xb7, 0xb5, 0xb5, 0xb5, 0xd0, 0xd1, 0xb7, 0xd2, 0xb5, 0xb5, 0xd2, 0xb5, 0xd3, 0xd4, 0xb7, 0xb5, 0xb0, 0xb5, 0xd2, 0xb5, 0xd2, 0xb7, 0xb7, 0xb7, 0xb7, 0xb7, 0xb5, 0xd1, 0xd1, 0xb0, 0xd4, 0xd4, 0xce, 0xd3, 0xd3, 0xd3, 0xd3, 0xd3, 0xd3, 0xce, 0xd4, 0xd4, 0xce, 0xd3, 0xd3, 0xd3, 0xd4, 0xa8, 0x33, 0x39, 0x2f, 0xa9, 0xce, 0xd3, 0xd3, 0xd3, 0xd3, 0xd3, 0xd3, 0xd3, 0xd3, 0xcd, 0xcd, 0xd3, 0xd3, 0xd4, 0xd4, 0xd4, 0xaf, 0xd4, 0xa3, 0x9c, 0xa0, 0xa0, 0xa0, 0x9c, 0x9c, 0x9c, 0x9c, 0x9c, 0x9c, 0x9c, 0x90, 0x90, 0x89, 0x83, 0x83, 0x7e, 0x81, 0x7e, 0x81, 0x81, 0x7e, 0x7e, 0x81, 0x7e, 0x7e, 0x7a, 0x7a, 0x7e, 0x81, 0x81, 0x7e, 0x7e, 0x83, 0x7e, 0x7e, 0x7e, 0x81, 0x7e, 0x7c, 0x7a, 0x7a, 0x7e, 0x7e, 0x7e, 0x7a, 0x7a, 0x7a, 0x7a, 0x7c, 0x7e, 0x7e, 0x7a, 0x7a, 0x7c, 0x7a, 0x7a, 0x7e, 0x7c, 0x77, 0x77, 0x7a, 0x7e, 0x7e, 
  0xa3, 0xa3, 0xa3, 0xa3, 0xa3, 0xa3, 0xa3, 0xa3, 0xa3, 0xa0, 0xa3, 0xa0, 0xa3, 0xa3, 0xa3, 0xa3, 0xa3, 0xa3, 0xa3, 0xa3, 0xa3, 0xa3, 0xa3, 0xa3, 0xa3, 0xa5, 0xa3, 0xa0, 0xa0, 0xa3, 0xa3, 0xa3, 0xa3, 0xa3, 0xa3, 0xa0, 0xa3, 0xa3, 0xa3, 0xa0, 0xa0, 0xa0, 0xa0, 0xa3, 0xa3, 0xa0, 0xa3, 0xa3, 0xa0, 0xa0, 0xa0, 0xa0, 0xa0, 0xa0, 0xa0, 0xa0, 0xa0, 0xa0, 0xa0, 0x9c, 0x9c, 0x9c, 0x9c, 0x9c, 0xa0, 0xa0, 0xa0, 0xa0, 0xa0, 0x9c, 0xa0, 0xa0, 0x9c, 0xa0, 0xa0, 0xa0, 0xa0, 0xa0, 0xa0, 0xa3, 0xa0, 0xa0, 0xa0, 0xa0, 0xa0, 0xa0, 0xa0, 0xa0, 0xa0, 0xa0, 0xa0, 0xa0, 0xa0, 0xa0, 0xa0, 0xa0, 0xa0, 0x9c, 0x9b, 0x88, 0x0d, 0x09, 0x04, 0x04, 0x73, 0x6c, 0x6c, 0x68, 0x00, 0x00, 0x63, 0x61, 0x5e, 0x5c, 0x5e, 0x59, 0x59, 0x59, 0x59, 0x5c, 0x5e, 0x5e, 0x5e, 0x61, 0x5e, 0x59, 0x59, 0x59, 0x5c, 0x5c, 0x59, 0x5c, 0x61, 0x61, 0x00, 0x68, 0x6c, 0x6c, 0x6c, 0x02, 0x02, 0x02, 0x73, 0x05, 0x78, 0x7f, 0x13, 0x8d, 0x1c, 0x8d, 0x1c, 0x1e, 0x22, 0x25, 0x28, 0x28, 0x33, 0xb8, 0xbe, 0xc1, 0xc1, 0xbe, 0xbc, 0xbe, 0xbf, 0xc0, 0xbf, 0xc0, 0xc0, 0xc0, 0xc0, 0xc0, 0xc0, 0xbf, 0xbf, 0xbe, 0xbf, 0xbe, 0xd0, 0xb0, 0xd1, 0xb0, 0xb7, 0xbe, 0xc1, 0xc1, 0xc1, 0xc1, 0xc1, 0xc1, 0xc1, 0xc1, 0xc1, 0xc1, 0xc1, 0xc1, 0xc1, 0xbe, 0xba, 0xb5, 0xa5, 0x97, 0x93, 0xa0, 0xa8, 0xd4, 0xd0, 0xb0, 0xc9, 0xc8, 0xc9, 0xca, 0xa5, 0xa4, 0x2f, 0x33, 0xa9, 0x2f, 0x33, 0xa7, 0xd3, 0xd4, 0xd1, 0xb5, 0xcd, 0xb7, 0xd2, 0xd2, 0xd2, 0xb5, 0xb5, 0xd3, 0xce, 0xd2, 0xb5, 0xb5, 0xd1, 0xb0, 0xb5, 0xb5, 0xd4, 0xb7, 0xd2, 0xd2, 0xb5, 0xd2, 0xd2, 0xb0, 0xcd, 0xd0, 0xd2, 0xb7, 0xd2, 0xd2, 0xb7, 0xb5, 0xb7, 0xb7, 0xd2, 0xd2, 0xb5, 0xb0, 0xd4, 0xd4, 0xd4, 0xd4, 0xd4, 0xd4, 0xd3, 0xce, 0xce, 0xce, 0xce, 0xce, 0xd3, 0xd4, 0xd4, 0xd4, 0xd4, 0xd4, 0xd3, 0xd4, 0xd4, 0xce, 0xac, 0xaa, 0x33, 0x2c, 0x2f, 0xa9, 0xd3, 0xd3, 0xd3, 0xd3, 0xd3, 0xd3, 0xcd, 0xcc, 0xd3, 0xce, 0xd4, 0xd4, 0xd4, 0xd4, 0xb0, 0xd3, 0xa0, 0x9c, 0xa0, 0xa0, 0x9c, 0x9c, 0x9c, 0x9c, 0x9c, 0x9c, 0x9c, 0x93, 0x93, 0x89, 0x86, 0x83, 0x83, 0x83, 0x81, 0x7e, 0x7e, 0x81, 0x83, 0x83, 0x7e, 0x7e, 0x7a, 0x7e, 0x7e, 0x81, 0x7e, 0x7e, 0x7e, 0x7e, 0x7e, 0x7e, 0x7e, 0x7a, 0x7e, 0x7c, 0x7a, 0x7a, 0x81, 0x7e, 0x7a, 0x7a, 0x7a, 0x7a, 0x7a, 0x7a, 0x7a, 0x7a, 0x75, 0x7a, 0x7a, 0x7a, 0x7a, 0x7c, 0x7e, 0x7a, 0x75, 0x7a, 0x7e, 0x7e, 
  0xa3, 0xa3, 0xa3, 0xa3, 0xa3, 0xa3, 0xa3, 0xa3, 0xa5, 0xa3, 0xa3, 0xa0, 0xa3, 0xa3, 0xa3, 0xa0, 0xa3, 0xa3, 0xa3, 0xa3, 0xa3, 0xa3, 0xa3, 0xa3, 0xa3, 0xa3, 0xa3, 0xa3, 0xa3, 0xa3, 0xa3, 0xa3, 0xa3, 0xa3, 0xa0, 0xa3, 0xa0, 0xa0, 0xa3, 0xa3, 0xa0, 0xa0, 0xa0, 0xa0, 0xa3, 0xa3, 0xa0, 0xa0, 0xa0, 0xa0, 0xa0, 0xa0, 0xa3, 0xa0, 0xa3, 0xa3, 0xa0, 0xa0, 0x9c, 0x9c, 0x9c, 0x9c, 0x9c, 0xa0, 0x9c, 0x9c, 0xa0, 0xa0, 0xa0, 0xa0, 0x9c, 0xa0, 0x9c, 0x99, 0x9c, 0xa0, 0xa0, 0xa0, 0xa0, 0xa0, 0xa0, 0x9c, 0xa0, 0xa0, 0xa0, 0x9c, 0x9c, 0xa0, 0xa0, 0xa0, 0xa0, 0xa0, 0xa0, 0xa0, 0xa0, 0xa0, 0xa3, 0x9c, 0x9d, 0x15, 0x0e, 0x09, 0x07, 0x04, 0x73, 0x6f, 0x6c, 0x68, 0x66, 0x66, 0x63, 0x61, 0x5e, 0x5c, 0x5e, 0x5e, 0x5e, 0x5e, 0x59, 0x5c, 0x5e, 0x5c, 0x5c, 0x61, 0x5c, 0x59, 0x59, 0x5c, 0x5e, 0x59, 0x59, 0x5a, 0x5c, 0x61, 0x66, 0x6c, 0x6c, 0x6c, 0x6c, 0x6c, 0x6c, 0x02, 0x02, 0x05, 0x09, 0x0d, 0x12, 0x8d, 0x18, 0x8d, 0x1c, 0x1e, 0x9a, 0x22, 0x25, 0x28, 0x28, 0x35, 0xbc, 0xc1, 0xc1, 0xc1, 0xbe, 0xbc, 0xbf, 0xbf, 0xc0, 0xc0, 0xbf, 0xc0, 0xbf, 0xc0, 0xbf, 0xbe, 0xbe, 0xbe, 0xbe, 0xbe, 0xba, 0xd3, 0xb0, 0xb0, 0xb0, 0xbc, 0xc0, 0xc1, 0xc1, 0xc1, 0xc1, 0xc1, 0xc1, 0xc1, 0xc1, 0xc1, 0xc1, 0xc1, 0xc1, 0xbc, 0xd3, 0xcb, 0x98, 0x83, 0x81, 0x90, 0x9c, 0xd4, 0xd4, 0xb5, 0xce, 0xc9, 0xca, 0xcb, 0xa4, 0xa9, 0xa9, 0x2f, 0x31, 0x31, 0x33, 0xab, 0xa8, 0xd3, 0xaf, 0xd1, 0xb0, 0xb7, 0xb7, 0xb7, 0xb7, 0xb5, 0xd2, 0xb5, 0xb7, 0xd2, 0xb5, 0xb5, 0xd1, 0xb5, 0xb5, 0xd1, 0xb0, 0xb5, 0xd2, 0xd2, 0xd2, 0xd2, 0xb7, 0xb5, 0xcd, 0xd4, 0xd2, 0xd2, 0xb7, 0xb7, 0xb5, 0xd2, 0xb5, 0xd2, 0xd3, 0xd0, 0xd4, 0xce, 0xd4, 0xd4, 0xd4, 0xd4, 0xce, 0xd4, 0xd4, 0xd4, 0xd4, 0xd3, 0xd3, 0xd3, 0xd4, 0xd4, 0xd4, 0xd4, 0xd4, 0xd4, 0xd4, 0xd4, 0xce, 0xce, 0xd4, 0xd4, 0x2f, 0x34, 0x2d, 0x36, 0x2c, 0xd3, 0xd3, 0xd3, 0xd3, 0xd3, 0xd3, 0xcd, 0xcd, 0xd3, 0xd4, 0xd3, 0xd4, 0xd4, 0xd4, 0xaf, 0xa5, 0xa0, 0xa0, 0xa0, 0x9c, 0x9c, 0xa0, 0x9c, 0x9c, 0x9c, 0x9c, 0x97, 0x93, 0x90, 0x89, 0x83, 0x83, 0x83, 0x81, 0x7e, 0x7e, 0x83, 0x86, 0x83, 0x7e, 0x7e, 0x77, 0x77, 0x7e, 0x7e, 0x7e, 0x7e, 0x7e, 0x7e, 0x81, 0x7e, 0x7e, 0x7c, 0x7e, 0x7e, 0x7e, 0x7a, 0x7e, 0x7e, 0x7a, 0x7e, 0x7c, 0x7a, 0x7a, 0x7a, 0x7a, 0x7a, 0x75, 0x7a, 0x77, 0x7a, 0x75, 0x77, 0x7e, 0x7e, 0x7a, 0x77, 0x7a, 0x7a, 
  0xa3, 0xa0, 0xa0, 0xa3, 0xa5, 0xa3, 0xa0, 0xa3, 0xa3, 0xa0, 0xa3, 0xa3, 0xa3, 0xa3, 0xa0, 0xa0, 0xa0, 0xa3, 0xa3, 0xa3, 0xa3, 0xa3, 0xa5, 0xa3, 0xa3, 0xa3, 0xa3, 0xa3, 0xa3, 0xa5, 0xa3, 0xa3, 0xa3, 0xa3, 0xa3, 0xa0, 0xa3, 0xa3, 0xa0, 0xa0, 0xa0, 0xa3, 0xa3, 0xa3, 0xa3, 0xa3, 0xa3, 0xa0, 0xa0, 0xa0, 0xa0, 0xa0, 0xa0, 0xa0, 0xa0, 0xa0, 0x9c, 0x9c, 0x9c, 0x9c, 0x9c, 0x9c, 0x9c, 0x9c, 0x9c, 0x99, 0x9c, 0x9c, 0x9c, 0x9c, 0x9c, 0xa0, 0x9c, 0x9c, 0x99, 0x9c, 0xa0, 0xa0, 0x9c, 0x9c, 0x9c, 0x9c, 0x9c, 0x9c, 0x9c, 0x9c, 0x9c, 0xa0, 0x9c, 0xa0, 0x9c, 0xa0, 0xa0, 0xa0, 0xa0, 0xa0, 0xa0, 0xa0, 0x9f, 0x8f, 0x13, 0x0e, 0x09, 0x08, 0x73, 0x6f, 0x6e, 0x6c, 0x68, 0x00, 0x63, 0x63, 0x5e, 0x61, 0x5e, 0x5e, 0x5e, 0x59, 0x5c, 0x5c, 0x5c, 0x59, 0x59, 0x59, 0x59, 0x59, 0x59, 0x59, 0x59, 0x59, 0x59, 0x5c, 0x61, 0x6c, 0x6c, 0x68, 0x00, 0x00, 0x00, 0x68, 0x6c, 0x02, 0x02, 0x05, 0x07, 0x09, 0x13, 0x12, 0x13, 0x13, 0x8d, 0x8d, 0x1e, 0x22, 0x25, 0x28, 0x28, 0x2c, 0x3e, 0xbe, 0xc1, 0xc1, 0xc0, 0xbc, 0xbf, 0xc0, 0xbf, 0xc0, 0xc0, 0xc0, 0xc0, 0xc0, 0xc0, 0xbf, 0xbe, 0xbe, 0xbe, 0xbe, 0xbe, 0xb3, 0xa8, 0xd1, 0xd0, 0xb7, 0xbe, 0xc1, 0xc1, 0xc1, 0xc1, 0xc1, 0xc1, 0xc1, 0xc1, 0xc1, 0xc1, 0xc1, 0xc0, 0xbd, 0xca, 0x70, 0x7c, 0x6d, 0x69, 0x7c, 0x93, 0xa8, 0xd2, 0xd0, 0xb5, 0xca, 0xc9, 0xcd, 0xab, 0x2f, 0xa9, 0x2f, 0x36, 0x39, 0xae, 0xa9, 0x2c, 0xa5, 0xd3, 0xb0, 0xb5, 0xb5, 0xb0, 0xb7, 0xb5, 0xd2, 0xd2, 0xb7, 0xb8, 0xd2, 0xd1, 0xb5, 0xb5, 0xb5, 0xb5, 0xd2, 0xb5, 0xd4, 0xd2, 0xd2, 0xd2, 0xb5, 0xb5, 0xb5, 0xb0, 0xb5, 0xb7, 0xb7, 0xb7, 0xb7, 0xb7, 0xd1, 0xd0, 0xd4, 0xd3, 0xd4, 0xd3, 0xce, 0xd4, 0xd0, 0xd4, 0xd4, 0xd4, 0xd4, 0xd4, 0xd4, 0xd4, 0xd3, 0xcd, 0xca, 0xd4, 0xd4, 0xd4, 0xd4, 0xd4, 0xd4, 0xd4, 0xce, 0xce, 0xd4, 0xd3, 0xd3, 0x35, 0x34, 0x37, 0x37, 0x36, 0x35, 0xd3, 0xd3, 0xd3, 0xd3, 0xd3, 0xd3, 0xcd, 0xcd, 0xd4, 0xd4, 0xd4, 0xd4, 0xd4, 0xd4, 0xaf, 0xa5, 0x9c, 0xa0, 0xa0, 0xa0, 0x9c, 0xa0, 0xa0, 0x9c, 0xa0, 0x97, 0x97, 0x93, 0x90, 0x89, 0x83, 0x81, 0x83, 0x7e, 0x7e, 0x7e, 0x83, 0x86, 0x83, 0x7c, 0x7e, 0x7c, 0x7e, 0x83, 0x7e, 0x7e, 0x7e, 0x81, 0x7e, 0x7a, 0x7c, 0x81, 0x7e, 0x7c, 0x7a, 0x7a, 0x7c, 0x7c, 0x7a, 0x7a, 0x81, 0x7e, 0x7e, 0x7a, 0x7a, 0x77, 0x77, 0x7a, 0x77, 0x77, 0x72, 0x7a, 0x7e, 0x7e, 0x7a, 0x7a, 0x7e, 0x7c, 
  0xa0, 0xa0, 0xa0, 0xa3, 0xa3, 0xa5, 0xa3, 0xa3, 0xa0, 0xa3, 0xa0, 0xa5, 0xa3, 0xa3, 0xa3, 0xa3, 0xa3, 0xa3, 0xa5, 0xa3, 0xa5, 0xa3, 0xa3, 0xa0, 0xa3, 0xa5, 0xa3, 0xa3, 0xa3, 0xa5, 0xa3, 0xa3, 0xa3, 0xa5, 0xa3, 0xa0, 0xa3, 0xa3, 0xa0, 0xa3, 0xa3, 0xa0, 0xa0, 0xa3, 0xa3, 0xa3, 0xa3, 0xa3, 0xa3, 0xa3, 0xa3, 0xa0, 0xa3, 0xa0, 0x9c, 0x9c, 0xa0, 0x9c, 0x9c, 0x9c, 0x9c, 0x9c, 0x99, 0x9c, 0x9c, 0x9c, 0x9c, 0x9c, 0x99, 0x9c, 0x9c, 0x9c, 0x9c, 0x9c, 0x99, 0x9c, 0x9c, 0x9c, 0x9c, 0x99, 0x99, 0x9c, 0x9c, 0x9c, 0x9c, 0x9c, 0x9c, 0x9c, 0xa0, 0x9c, 0x9c, 0xa0, 0xa0, 0xa0, 0xa0, 0xa0, 0xa0, 0x9c, 0xa0, 0x94, 0x18, 0x7d, 0x7d, 0x78, 0x04, 0x02, 0x6f, 0x6c, 0x66, 0x68, 0x00, 0x63, 0x61, 0x61, 0x5c, 0x61, 0x5e, 0x5e, 0x61, 0x61, 0x5c, 0x59, 0x59, 0x59, 0x59, 0x59, 0x59, 0x59, 0x5c, 0x59, 0x5a, 0x5c, 0x61, 0x00, 0x61, 0x61, 0x61, 0x61, 0x00, 0x00, 0x6c, 0x71, 0x03, 0x05, 0x07, 0x7f, 0x82, 0x0d, 0x12, 0x13, 0x8d, 0x8d, 0x94, 0x22, 0x25, 0x28, 0x28, 0x28, 0xa9, 0x46, 0xc0, 0xc1, 0xc1, 0xbe, 0xbc, 0xc0, 0xc1, 0xc0, 0xbf, 0xc0, 0xbf, 0xc0, 0xbf, 0xbf, 0xc0, 0xbf, 0xbe, 0xbe, 0xbe, 0xbc, 0xcd, 0xd1, 0xb0, 0xb0, 0xba, 0xbe, 0xc0, 0xc0, 0xc1, 0xc1, 0xc0, 0xbe, 0xbd, 0xbd, 0xbe, 0xc0, 0xbf, 0xba, 0xb0, 0xc8, 0x77, 0x77, 0x7e, 0x7a, 0x75, 0x8c, 0xce, 0xd3, 0xb5, 0xd0, 0x9e, 0xcb, 0xa7, 0x2f, 0x33, 0x33, 0x36, 0x34, 0x36, 0x3a, 0x2f, 0xa7, 0xcb, 0xd4, 0xb0, 0xb5, 0xd1, 0xb5, 0xb5, 0xd2, 0xb7, 0xb7, 0xb7, 0xb7, 0xb5, 0xb5, 0xd2, 0xb5, 0xb5, 0xd2, 0xb5, 0xd1, 0xb5, 0xd2, 0xd2, 0xb7, 0xaf, 0xd3, 0xb0, 0xcd, 0xb0, 0xb7, 0xb7, 0xd1, 0xd4, 0xce, 0xd4, 0xd4, 0xd4, 0xd4, 0xd4, 0xd4, 0xd4, 0xd4, 0xd4, 0xd4, 0xd4, 0xd4, 0xd4, 0xd4, 0xd4, 0xd4, 0xce, 0xd3, 0xd4, 0xd4, 0xd4, 0xd4, 0xd4, 0xd4, 0xd4, 0xd4, 0xd3, 0xd4, 0xd3, 0xd4, 0xac, 0x2f, 0x37, 0x30, 0x37, 0x2e, 0xae, 0xd3, 0xd3, 0xd3, 0xd3, 0xd3, 0xd3, 0xcd, 0xd3, 0xd3, 0xd4, 0xd4, 0xd4, 0xd4, 0xd4, 0xac, 0xa3, 0xa0, 0x9c, 0xa0, 0xa0, 0xa0, 0xa0, 0x9c, 0xa0, 0x9c, 0x99, 0x91, 0x91, 0x91, 0x90, 0x84, 0x83, 0x81, 0x81, 0x7e, 0x81, 0x83, 0x86, 0x7e, 0x7a, 0x7e, 0x7e, 0x83, 0x81, 0x81, 0x7e, 0x81, 0x7e, 0x7c, 0x7a, 0x7a, 0x7a, 0x7a, 0x7e, 0x7c, 0x7a, 0x7a, 0x81, 0x7e, 0x7e, 0x7a, 0x7a, 0x77, 0x7a, 0x75, 0x75, 0x77, 0x7a, 0x75, 0x72, 0x7a, 0x7a, 0x7a, 0x75, 0x7a, 0x7e, 0x7e, 
  0xa0, 0xa3, 0xa3, 0xa3, 0xa3, 0xa5, 0xa3, 0xa3, 0xa0, 0xa3, 0xa0, 0xa3, 0xa0, 0xa0, 0xa3, 0xa5, 0xa3, 0xa3, 0xa3, 0xa3, 0xa3, 0xa3, 0xa3, 0xa3, 0xa3, 0xa3, 0xa3, 0xa3, 0xa5, 0xa5, 0xa3, 0xa5, 0xa5, 0xa3, 0xa3, 0xa3, 0xa3, 0xa3, 0xa5, 0xa3, 0xa0, 0xa0, 0xa3, 0xa3, 0xa3, 0xa3, 0xa3, 0xa3, 0xa0, 0xa0, 0xa0, 0xa0, 0xa3, 0xa0, 0xa0, 0xa0, 0x9c, 0xa0, 0x9c, 0x9c, 0x9c, 0x9c, 0x9c, 0x99, 0x9c, 0x9c, 0x9c, 0x99, 0x9c, 0xa0, 0x99, 0x9c, 0x9c, 0x9c, 0x9c, 0x9c, 0x9c, 0x9c, 0x9c, 0x99, 0x99, 0x9c, 0x9c, 0x9c, 0x9c, 0x9c, 0x9c, 0x9c, 0xa0, 0x9c, 0x9c, 0x9c, 0x9c, 0x9c, 0xa0, 0xa0, 0xa0, 0x9c, 0x9d, 0x94, 0x13, 0x82, 0x80, 0x08, 0x78, 0x02, 0x02, 0x6c, 0x6c, 0x00, 0x61, 0x61, 0x61, 0x5c, 0x61, 0x5e, 0x5c, 0x5e, 0x5a, 0x59, 0x59, 0x59, 0x57, 0x57, 0x59, 0x59, 0x59, 0x59, 0x5a, 0x59, 0x5c, 0x63, 0x63, 0x61, 0x61, 0x63, 0x00, 0x63, 0x00, 0x00, 0x6c, 0x73, 0x03, 0x05, 0x09, 0x09, 0x07, 0x09, 0x09, 0x82, 0x13, 0x8d, 0x1c, 0x1e, 0x21, 0x24, 0x28, 0x28, 0x28, 0x3b, 0xbe, 0xc1, 0xc1, 0xbf, 0xba, 0xbe, 0xbf, 0xc0, 0xc0, 0xc1, 0xc0, 0xc0, 0xc0, 0xc0, 0xc0, 0xbf, 0xbf, 0xbf, 0xbf, 0xbe, 0xb5, 0xd4, 0xb0, 0xd4, 0xd1, 0xba, 0xbd, 0xc0, 0xbf, 0xbb, 0xd1, 0xcb, 0xcb, 0xd2, 0xbe, 0xbe, 0xbd, 0xb0, 0xbc, 0xd4, 0x98, 0xca, 0xcd, 0x98, 0x83, 0x86, 0x8e, 0xb0, 0xcf, 0xb0, 0xcc, 0xcb, 0xa8, 0x33, 0x2c, 0xa6, 0x31, 0x34, 0x37, 0x39, 0x3a, 0x35, 0xa8, 0xcc, 0xd0, 0xb5, 0xd2, 0xb7, 0xb5, 0xb5, 0xb5, 0xb7, 0xb5, 0xb5, 0xb5, 0xd2, 0xd2, 0xd4, 0xd1, 0xd2, 0xb5, 0xb7, 0xb5, 0xb5, 0xb5, 0xd2, 0xb5, 0xd1, 0xb5, 0xd3, 0xce, 0xd4, 0xd4, 0xd4, 0xd4, 0xd3, 0xd4, 0xd4, 0xd4, 0xcf, 0xd4, 0xd4, 0xd4, 0xd4, 0xd4, 0xcf, 0xd4, 0xcf, 0xd4, 0xd4, 0xd4, 0xd4, 0xd4, 0xd4, 0xd4, 0xd4, 0xd4, 0xd4, 0xd4, 0xd4, 0xce, 0xd4, 0xd4, 0xd3, 0xd4, 0xd4, 0xd4, 0xaa, 0x2e, 0x36, 0x31, 0x35, 0xae, 0xd4, 0xd4, 0xd3, 0xd3, 0xd3, 0xd3, 0xd3, 0xcd, 0xd3, 0xd4, 0xd3, 0xd3, 0xd4, 0xce, 0xd4, 0xa8, 0xa3, 0xa0, 0x9c, 0x9c, 0x9c, 0x9c, 0x9c, 0x9c, 0xa3, 0x9c, 0x93, 0x97, 0x93, 0x90, 0x90, 0x89, 0x81, 0x7e, 0x7e, 0x7e, 0x7e, 0x7e, 0x83, 0x75, 0x7a, 0x7e, 0x7e, 0x7e, 0x7e, 0x7e, 0x7e, 0x81, 0x81, 0x7c, 0x7a, 0x7c, 0x7c, 0x7e, 0x7a, 0x7c, 0x7a, 0x7a, 0x7a, 0x7a, 0x7a, 0x7a, 0x7a, 0x7a, 0x7a, 0x77, 0x77, 0x77, 0x75, 0x7a, 0x75, 0x77, 0x7e, 0x75, 0x7a, 0x7a, 0x7c, 
  0xa0, 0xa0, 0xa0, 0xa3, 0xa5, 0xa3, 0xa0, 0xa3, 0xa0, 0xa3, 0xa5, 0xa3, 0xa3, 0xa3, 0xa3, 0xa5, 0xa5, 0xa3, 0xa3, 0xa3, 0xa3, 0xa3, 0xa3, 0xa3, 0xa3, 0xa3, 0xa3, 0xa5, 0xa3, 0xa5, 0xa3, 0xa3, 0xa5, 0xa3, 0xa3, 0xa0, 0xa3, 0xa0, 0xa3, 0xa3, 0xa0, 0xa0, 0xa3, 0xa3, 0xa0, 0xa3, 0xa3, 0xa3, 0xa0, 0xa0, 0xa0, 0xa0, 0xa0, 0xa0, 0xa0, 0xa0, 0x9c, 0x9c, 0x9c, 0x9c, 0x9c, 0x9c, 0x9c, 0x99, 0x9c, 0x9c, 0x9c, 0x9c, 0x9c, 0x9c, 0x9c, 0x99, 0x99, 0xa0, 0x9c, 0x9c, 0x9c, 0x9c, 0x9c, 0x9c, 0x9c, 0x9c, 0x9c, 0x9c, 0x9c, 0x9c, 0x9c, 0x99, 0x9c, 0x9c, 0x9c, 0x9c, 0x9c, 0x9c, 0x9c, 0x9c, 0x9c, 0x9c, 0x9c, 0x92, 0x88, 0x12, 0x80, 0x7d, 0x7d, 0x05, 0x02, 0x6c, 0x6c, 0x00, 0x00, 0x00, 0x61, 0x5e, 0x5e, 0x5e, 0x5c, 0x5e, 0x59, 0x59, 0x5c, 0x59, 0x57, 0x57, 0x59, 0x59, 0x59, 0x59, 0x59, 0x5a, 0x61, 0x00, 0x61, 0x61, 0x61, 0x61, 0x63, 0x61, 0x00, 0x00, 0x6c, 0x73, 0x04, 0x07, 0x07, 0x05, 0x05, 0x05, 0x09, 0x0e, 0x13, 0x18, 0x8d, 0x1c, 0x1e, 0x22, 0x25, 0x28, 0x25, 0x2c, 0x41, 0xbf, 0xc1, 0xc1, 0xbd, 0xbc, 0xbf, 0xc0, 0xbf, 0xc0, 0xbf, 0xc0, 0xbf, 0xc0, 0xbf, 0xc0, 0xc0, 0xc0, 0xbf, 0xbf, 0xbc, 0xd4, 0xd4, 0xd0, 0xd0, 0xb7, 0xbd, 0xbf, 0xb7, 0x98, 0xc8, 0x87, 0xcc, 0xb7, 0xbc, 0xbe, 0xb7, 0xd4, 0xbc, 0xbc, 0xb0, 0xd1, 0xbc, 0xd1, 0xcd, 0xd3, 0xcb, 0xcb, 0xd0, 0xd1, 0xb0, 0xc9, 0xca, 0xa8, 0x2f, 0xa9, 0x31, 0x34, 0x37, 0x36, 0xa9, 0x33, 0xd3, 0xcd, 0xd3, 0xd1, 0xb5, 0xb7, 0xb5, 0xb5, 0xb5, 0xd2, 0xd4, 0xb0, 0xb5, 0xd2, 0xb5, 0xb5, 0xb5, 0xb5, 0xb5, 0xb0, 0xcb, 0xd4, 0xb5, 0xb7, 0xd2, 0xd1, 0xd1, 0xd4, 0xd3, 0xd3, 0xd4, 0xd4, 0xd4, 0xd3, 0xd4, 0xd3, 0xd4, 0xd0, 0xd4, 0xd4, 0xd0, 0xd0, 0xd4, 0xd4, 0xd4, 0xd4, 0xd4, 0xd4, 0xd4, 0xd4, 0xd4, 0xd4, 0xd4, 0xd4, 0xd4, 0xd4, 0xd4, 0xd3, 0xd4, 0xd4, 0xd4, 0xce, 0xd3, 0xd3, 0xd4, 0xd4, 0xae, 0xae, 0xae, 0xaf, 0xd4, 0xd3, 0xce, 0xd3, 0xd3, 0xd3, 0xd3, 0xd3, 0xd3, 0xd3, 0xd3, 0xd3, 0xd3, 0xd4, 0xd3, 0xd4, 0xaf, 0xcd, 0xa0, 0xa0, 0x9c, 0x9c, 0x9c, 0x9c, 0x9c, 0xa0, 0xa0, 0x9c, 0x99, 0x97, 0x97, 0x90, 0x89, 0x81, 0x7e, 0x7e, 0x81, 0x81, 0x7e, 0x7e, 0x7e, 0x77, 0x7a, 0x7e, 0x81, 0x7e, 0x7e, 0x7e, 0x81, 0x7e, 0x7e, 0x7e, 0x7e, 0x7e, 0x7a, 0x7c, 0x7e, 0x7e, 0x7a, 0x7a, 0x7a, 0x7a, 0x7a, 0x75, 0x75, 0x7a, 0x7a, 0x7a, 0x7a, 0x77, 0x77, 0x75, 0x77, 0x7a, 0x7a, 0x81, 0x7e, 0x7e, 
  0xa0, 0xa0, 0xa3, 0xa5, 0xa3, 0xa0, 0xa3, 0xa3, 0xa0, 0xa0, 0xa3, 0xa5, 0xa3, 0xa5, 0xa3, 0xa3, 0xa3, 0xa3, 0xa3, 0xa3, 0xa0, 0xa3, 0xa3, 0xa3, 0xa0, 0xa3, 0xa5, 0xa5, 0xa3, 0xa3, 0xa0, 0xa0, 0xa3, 0xa3, 0xa3, 0xa3, 0xa3, 0xa3, 0xa0, 0xa3, 0xa3, 0xa3, 0xa3, 0xa3, 0xa0, 0xa3, 0xa0, 0xa3, 0xa0, 0xa0, 0xa0, 0xa0, 0x9c, 0xa0, 0x9c, 0x9c, 0x9c, 0xa0, 0xa0, 0xa0, 0x9c, 0x9c, 0x9c, 0x9c, 0xa0, 0x9c, 0x9c, 0x9c, 0x9c, 0x9c, 0x9c, 0x99, 0x99, 0x9c, 0x9c, 0x97, 0x99, 0x97, 0x97, 0x9c, 0x9c, 0x9c, 0x9c, 0x9c, 0x9c, 0x99, 0x9c, 0x9c, 0x9c, 0x9c, 0x9c, 0x9c, 0x9c, 0xa0, 0xa0, 0x9c, 0x9c, 0x9c, 0xa0, 0x92, 0x88, 0x13, 0x0d, 0x08, 0x08, 0x07, 0x73, 0x6c, 0x6c, 0x00, 0x66, 0x00, 0x61, 0x61, 0x5e, 0x5e, 0x5e, 0x5c, 0x59, 0x59, 0x5c, 0x59, 0x57, 0x57, 0x59, 0x59, 0x5c, 0x5c, 0x5e, 0x5c, 0x61, 0x5e, 0x5c, 0x5c, 0x5e, 0x61, 0x63, 0x63, 0x00, 0x68, 0x71, 0x73, 0x05, 0x07, 0x05, 0x74, 0x74, 0x05, 0x79, 0x0e, 0x13, 0x18, 0x18, 0x8d, 0x1c, 0x9a, 0x22, 0x25, 0x25, 0x28, 0xa9, 0x48, 0xc1, 0xc0, 0xc0, 0xbd, 0xbe, 0xc0, 0xc0, 0xc0, 0xc0, 0xc0, 0xc0, 0xbe, 0xc0, 0xc0, 0xc0, 0xc0, 0xbf, 0xc0, 0xbe, 0xb7, 0xd3, 0xb0, 0xcf, 0xb1, 0xb9, 0xbe, 0xb8, 0x76, 0x8c, 0x8e, 0xc9, 0xd3, 0xb7, 0xd4, 0xb0, 0xb7, 0xc0, 0xbf, 0xbd, 0xbe, 0xc1, 0xbe, 0xba, 0xba, 0xb5, 0x97, 0xaf, 0xaf, 0xb0, 0xcb, 0xc8, 0xa3, 0xa9, 0x2f, 0x39, 0x31, 0x3c, 0x33, 0x2c, 0xa4, 0xd3, 0xcd, 0xcd, 0xd4, 0xb5, 0xd2, 0xb5, 0xd1, 0xb5, 0xb8, 0xcd, 0xd3, 0xb5, 0xd2, 0xd2, 0xd2, 0xb5, 0xb5, 0xd2, 0xd3, 0xca, 0xd1, 0xb0, 0xb0, 0xd0, 0xd4, 0xd4, 0xd4, 0xd4, 0xd4, 0xd4, 0xd4, 0xd4, 0xd4, 0xd4, 0xd4, 0xd4, 0xd0, 0xd4, 0xd4, 0xcf, 0xcf, 0xd0, 0xd4, 0xd4, 0xd4, 0xd4, 0xd4, 0xd4, 0xd4, 0xd4, 0xd4, 0xd4, 0xd4, 0xd4, 0xd4, 0xd4, 0xd4, 0xd4, 0xce, 0xd4, 0xce, 0xd3, 0xd3, 0xd3, 0xce, 0xce, 0xa7, 0x3e, 0x3b, 0xa7, 0xce, 0xd3, 0xd3, 0xd3, 0xd3, 0xd3, 0xd3, 0xd3, 0xd4, 0xd4, 0xce, 0xd4, 0xd4, 0xd4, 0xd4, 0xd4, 0xac, 0xa3, 0xa0, 0xa0, 0x9c, 0x9c, 0x9c, 0x9c, 0x9c, 0x9c, 0x9c, 0x99, 0x99, 0x9c, 0x97, 0x8c, 0x83, 0x7e, 0x7e, 0x7e, 0x81, 0x7a, 0x7e, 0x7e, 0x7c, 0x7e, 0x81, 0x7e, 0x7c, 0x7a, 0x7a, 0x7e, 0x7e, 0x7e, 0x7c, 0x7a, 0x7c, 0x7a, 0x7a, 0x7a, 0x7e, 0x7e, 0x7a, 0x7a, 0x7c, 0x7a, 0x7a, 0x7a, 0x7a, 0x7a, 0x7a, 0x7a, 0x7a, 0x77, 0x7a, 0x7a, 0x77, 0x7a, 0x7e, 0x7e, 0x83, 
  0xa0, 0xa0, 0xa3, 0xa8, 0xa3, 0xa3, 0xa3, 0xa0, 0xa0, 0xa0, 0xa3, 0xa3, 0xa3, 0xa3, 0xa3, 0xa3, 0xa3, 0xa3, 0xa3, 0xa3, 0xa0, 0xa3, 0xa3, 0xa3, 0xa3, 0xa3, 0xa3, 0xa3, 0xa0, 0x9c, 0xa0, 0xa3, 0xa3, 0xa3, 0xa5, 0xa3, 0xa3, 0xa5, 0xa3, 0xa3, 0xa3, 0xa3, 0xa0, 0xa3, 0xa3, 0xa0, 0xa0, 0xa0, 0xa0, 0xa0, 0xa0, 0xa0, 0xa0, 0xa0, 0xa0, 0xa0, 0xa0, 0xa0, 0xa0, 0x9c, 0x9c, 0xa0, 0xa0, 0xa0, 0x9c, 0x9c, 0x9c, 0x9c, 0x9c, 0x99, 0x9c, 0x9c, 0x9c, 0x9c, 0x9c, 0x99, 0x97, 0x97, 0x97, 0x99, 0x99, 0x9c, 0x9c, 0x9c, 0x9c, 0x99, 0x99, 0x9c, 0x9c, 0x9c, 0x9c, 0x9c, 0x9c, 0x9c, 0xa0, 0xa0, 0xa0, 0xa0, 0xa0, 0x96, 0x8f, 0x13, 0x7d, 0x07, 0x7d, 0x08, 0x78, 0x03, 0x02, 0x6c, 0x66, 0x00, 0x63, 0x61, 0x5e, 0x63, 0x61, 0x5c, 0x59, 0x5c, 0x59, 0x59, 0x59, 0x59, 0x59, 0x59, 0x5c, 0x5e, 0x5e, 0x61, 0x61, 0x5c, 0x5c, 0x59, 0x5c, 0x61, 0x61, 0x63, 0x00, 0x6c, 0x02, 0x03, 0x03, 0x02, 0x02, 0x02, 0x74, 0x05, 0x79, 0x7f, 0x13, 0x18, 0x13, 0x13, 0x8d, 0x1e, 0x22, 0x25, 0x25, 0x25, 0x28, 0x3b, 0xbe, 0xc1, 0xc1, 0xbe, 0xbc, 0xbe, 0xbf, 0xc0, 0xbf, 0xc0, 0xbf, 0xbe, 0xc0, 0xbf, 0xc0, 0xc0, 0xc0, 0xc0, 0xbe, 0xbc, 0xd1, 0xd4, 0xb0, 0xb0, 0xb7, 0xbd, 0xbf, 0x9e, 0x70, 0xc6, 0xca, 0xc9, 0xd1, 0xb0, 0xbe, 0xc1, 0xc1, 0xc1, 0xc0, 0xc0, 0xc1, 0xc1, 0xc1, 0xc1, 0xbf, 0xd3, 0xc9, 0xb0, 0xd0, 0xaf, 0xca, 0x98, 0xa8, 0xab, 0x33, 0x33, 0x33, 0xaa, 0xd3, 0xcc, 0xca, 0xcb, 0xd3, 0xd4, 0xb0, 0xb5, 0xd2, 0xd2, 0xd2, 0xd0, 0xcb, 0xce, 0xb5, 0xb5, 0xb7, 0xb7, 0xd2, 0xb7, 0xb7, 0xd1, 0xd4, 0xd0, 0xd4, 0xd3, 0xce, 0xd4, 0xd4, 0xd4, 0xd4, 0xd4, 0xd4, 0xd4, 0xd4, 0xd4, 0xd4, 0xd4, 0xd4, 0xd0, 0xd4, 0xd4, 0xd4, 0xcf, 0xd0, 0xd4, 0xd4, 0xd4, 0xd4, 0xd4, 0xd4, 0xd4, 0xd4, 0xd4, 0xd3, 0xd4, 0xd4, 0xd4, 0xd4, 0xd4, 0xd4, 0xd4, 0xce, 0xd4, 0xd4, 0xd3, 0xd3, 0xd3, 0xd3, 0xa4, 0x31, 0x30, 0x34, 0xac, 0xce, 0xd4, 0xd4, 0xd3, 0xd3, 0xd3, 0xd3, 0xd4, 0xd4, 0xce, 0xd4, 0xd4, 0xd3, 0xce, 0xd4, 0xaf, 0xd3, 0xcb, 0xa0, 0xa0, 0x9c, 0x9c, 0x9c, 0x9c, 0x9c, 0xa0, 0x9c, 0x9c, 0x9c, 0x99, 0x97, 0x90, 0x83, 0x7e, 0x7e, 0x81, 0x81, 0x81, 0x7e, 0x7e, 0x7e, 0x83, 0x7e, 0x7e, 0x7e, 0x7e, 0x7e, 0x7e, 0x7e, 0x7e, 0x7e, 0x7e, 0x7e, 0x7e, 0x7a, 0x7c, 0x7e, 0x81, 0x7e, 0x7a, 0x7c, 0x7e, 0x7e, 0x7c, 0x7a, 0x7c, 0x7e, 0x81, 0x7e, 0x7e, 0x7a, 0x77, 0x7e, 0x7a, 0x7a, 0x7e, 
  0xa0, 0xa0, 0xa3, 0xa5, 0xa0, 0xa0, 0xa0, 0xa3, 0xa3, 0xa3, 0xa3, 0xa0, 0xa3, 0xa5, 0xa5, 0xa5, 0xa3, 0xa5, 0xa3, 0xa0, 0xa0, 0xa3, 0xa3, 0xa3, 0xa3, 0xa3, 0xa3, 0xa3, 0xa0, 0xa0, 0xa0, 0xa0, 0xa3, 0xa3, 0xa5, 0xa3, 0xa3, 0xa3, 0xa3, 0xa3, 0xa0, 0xa0, 0xa0, 0xa3, 0xa3, 0xa3, 0xa3, 0xa0, 0xa0, 0xa0, 0xa0, 0xa0, 0xa3, 0xa0, 0xa0, 0xa0, 0xa0, 0xa0, 0xa0, 0x9c, 0x9c, 0xa0, 0xa0, 0x9c, 0x9c, 0x9c, 0x9c, 0x9c, 0x9c, 0x9c, 0x9c, 0x9c, 0x9c, 0xa0, 0xa0, 0x99, 0x97, 0x97, 0x97, 0x97, 0x97, 0x99, 0x99, 0x9c, 0x99, 0x9c, 0x99, 0x9c, 0x9c, 0x9c, 0x9c, 0x9c, 0x9c, 0x9c, 0x9c, 0x9c, 0x9c, 0x9c, 0x9c, 0x9d, 0x94, 0x88, 0x80, 0x0d, 0x7d, 0x08, 0x04, 0x78, 0x04, 0x02, 0x66, 0x00, 0x00, 0x61, 0x61, 0x00, 0x61, 0x59, 0x59, 0x5c, 0x59, 0x59, 0x59, 0x59, 0x59, 0x5c, 0x61, 0x61, 0x63, 0x5c, 0x5c, 0x59, 0x5e, 0x59, 0x59, 0x5c, 0x61, 0x00, 0x6c, 0x02, 0x03, 0x02, 0x02, 0x02, 0x02, 0x02, 0x73, 0x79, 0x05, 0x7f, 0x0e, 0x13, 0x13, 0x13, 0x18, 0x1c, 0x21, 0x22, 0x25, 0x25, 0x28, 0xa9, 0x48, 0xc1, 0xc1, 0xc0, 0xbd, 0xbe, 0xc0, 0xc0, 0xc0, 0xc0, 0xc0, 0xc0, 0xc0, 0xc0, 0xc0, 0xbf, 0xbf, 0xbf, 0xbe, 0xbe, 0xba, 0xb0, 0xb0, 0xb0, 0xb0, 0xba, 0xbe, 0xd4, 0x67, 0xc7, 0xd3, 0xb5, 0xbd, 0xc0, 0xc1, 0xc1, 0xc1, 0xc1, 0xc1, 0xc1, 0xc1, 0xc1, 0xc1, 0xc1, 0xc1, 0xbc, 0xca, 0xcd, 0xb0, 0xb0, 0xcc, 0xc9, 0xcb, 0xa8, 0xaa, 0xac, 0xd3, 0xd3, 0xd3, 0xd3, 0xcc, 0x98, 0xc8, 0xcb, 0xd4, 0xb5, 0xb5, 0xb7, 0xb5, 0xd0, 0xd3, 0xd0, 0xb5, 0xd1, 0xd1, 0xd2, 0xb7, 0xb7, 0xd0, 0xd0, 0xd4, 0xd4, 0xd4, 0xd4, 0xd4, 0xd4, 0xd4, 0xd4, 0xd4, 0xd4, 0xd4, 0xd4, 0xd0, 0xd0, 0xd0, 0xd0, 0xd4, 0xd4, 0xd4, 0xd4, 0xd4, 0xcf, 0xd0, 0xd0, 0xd4, 0xd4, 0xd4, 0xd4, 0xd4, 0xd0, 0xd2, 0xb0, 0xca, 0xd3, 0xd4, 0xd4, 0xd4, 0xce, 0xce, 0xce, 0xd3, 0xd3, 0xd4, 0xd3, 0xd3, 0xd3, 0xd3, 0xcd, 0xa7, 0x34, 0x32, 0xa6, 0xd3, 0xd4, 0xd4, 0xd4, 0xd3, 0xd3, 0xd3, 0xd3, 0xd3, 0xd3, 0xd4, 0xd4, 0xd3, 0xd3, 0xce, 0xd4, 0xd4, 0xa8, 0xa3, 0xa0, 0x9c, 0x9c, 0x9c, 0xa0, 0xa0, 0xa0, 0x9c, 0x99, 0x99, 0x99, 0x99, 0x93, 0x89, 0x7e, 0x7e, 0x7e, 0x7e, 0x81, 0x81, 0x7e, 0x7e, 0x83, 0x7e, 0x7a, 0x7a, 0x7e, 0x7c, 0x7e, 0x7e, 0x7e, 0x7e, 0x7e, 0x7e, 0x7a, 0x7a, 0x7a, 0x7e, 0x7e, 0x7e, 0x7a, 0x7a, 0x7a, 0x7e, 0x7a, 0x7e, 0x7a, 0x7e, 0x7e, 0x7e, 0x7a, 0x75, 0x7a, 0x7e, 0x7a, 0x75, 0x7a, 
  0xa0, 0xa3, 0xa5, 0xa5, 0xa0, 0xa3, 0xa3, 0xa3, 0xa5, 0xa3, 0xa0, 0xa0, 0xa3, 0xa3, 0xa3, 0xa5, 0xa3, 0xa3, 0xa3, 0xa0, 0xa3, 0xa3, 0xa3, 0xa3, 0xa3, 0xa3, 0xa5, 0xa5, 0xa3, 0xa3, 0xa0, 0xa0, 0xa3, 0xa5, 0xa5, 0xa3, 0xa5, 0xa3, 0xa5, 0xa3, 0xa0, 0xa3, 0xa0, 0xa0, 0xa3, 0xa3, 0xa0, 0xa3, 0xa0, 0xa0, 0xa0, 0xa0, 0xa0, 0xa0, 0xa3, 0xa0, 0xa0, 0xa0, 0xa0, 0x9c, 0x9c, 0xa0, 0xa0, 0x9c, 0x9c, 0x9c, 0x9c, 0xa0, 0xa0, 0xa0, 0x9c, 0x99, 0x9c, 0xa0, 0xa0, 0x9c, 0x99, 0x99, 0x99, 0x97, 0x99, 0x9c, 0xa0, 0x9c, 0x99, 0x9c, 0x99, 0x9c, 0x9c, 0x99, 0x9c, 0x99, 0x9c, 0x9c, 0x9c, 0x9c, 0x9c, 0x9c, 0x9c, 0x9c, 0x95, 0x8d, 0x80, 0x07, 0x07, 0x08, 0x08, 0x08, 0x08, 0x03, 0x6b, 0x68, 0x00, 0x61, 0x00, 0x00, 0x61, 0x5c, 0x5c, 0x5c, 0x59, 0x59, 0x5c, 0x59, 0x5c, 0x61, 0x61, 0x61, 0x5e, 0x59, 0x59, 0x57, 0x59, 0x59, 0x59, 0x59, 0x61, 0x01, 0x02, 0x05, 0x02, 0x02, 0x02, 0x02, 0x02, 0x02, 0x73, 0x05, 0x79, 0x7f, 0x0e, 0x13, 0x13, 0x0e, 0x13, 0x1c, 0x1e, 0x22, 0x24, 0x25, 0x25, 0x2a, 0x3b, 0xc0, 0xc0, 0xc1, 0xbe, 0xbd, 0xbe, 0xbf, 0xc0, 0xbf, 0xc1, 0xbf, 0xc0, 0xbf, 0xc0, 0xc0, 0xbf, 0xbf, 0xbf, 0xbf, 0xbc, 0xb5, 0xd4, 0xb0, 0xb0, 0xb5, 0xbc, 0xb0, 0xca, 0xcd, 0xba, 0xbf, 0xc0, 0xc1, 0xc1, 0xc1, 0xc1, 0xc1, 0xc1, 0xc1, 0xc1, 0xc1, 0xc1, 0xc1, 0xc1, 0xc0, 0xb0, 0x98, 0xd4, 0xd4, 0xb0, 0xcb, 0x97, 0xcd, 0xd3, 0xd3, 0xd3, 0xd3, 0xd3, 0xd3, 0xd3, 0xcc, 0x98, 0xc7, 0xcb, 0xaf, 0xb5, 0xd2, 0xb5, 0xb5, 0xd3, 0xd4, 0xd2, 0xcd, 0xcb, 0xd3, 0xd4, 0xd0, 0xd4, 0xce, 0xd4, 0xd4, 0xd4, 0xd4, 0xd0, 0xd0, 0xd0, 0xd0, 0xd4, 0xd4, 0xd4, 0xd4, 0xd0, 0xd4, 0xd4, 0xd4, 0xd4, 0xd4, 0xd4, 0xd4, 0xd4, 0xd0, 0xd4, 0xaf, 0xd4, 0xd0, 0xd0, 0xd2, 0xb8, 0xbc, 0xbe, 0xbd, 0xb0, 0xca, 0xcc, 0xd3, 0xd4, 0xd4, 0xce, 0xd4, 0xd3, 0xd4, 0xd4, 0xce, 0xce, 0xd4, 0xd3, 0xd3, 0xd4, 0xae, 0x34, 0x2d, 0xa6, 0xac, 0xd4, 0xd4, 0xd4, 0xd3, 0xd3, 0xd3, 0xd3, 0xd3, 0xd3, 0xd4, 0xce, 0xce, 0xd4, 0xd4, 0xd4, 0xce, 0xa3, 0xa0, 0x9c, 0xa0, 0x9c, 0x99, 0x9c, 0xa0, 0x9c, 0x9c, 0x99, 0x99, 0x99, 0x99, 0x90, 0x86, 0x81, 0x7e, 0x7a, 0x7e, 0x7e, 0x7e, 0x7a, 0x7a, 0x7a, 0x7e, 0x7e, 0x81, 0x81, 0x7e, 0x7a, 0x7e, 0x7e, 0x7e, 0x7c, 0x7a, 0x7a, 0x7a, 0x7e, 0x7e, 0x83, 0x7e, 0x7a, 0x7a, 0x7a, 0x75, 0x7a, 0x7a, 0x77, 0x77, 0x7a, 0x7c, 0x7a, 0x7c, 0x7c, 0x7a, 0x75, 0x7a, 
  0xa0, 0xa0, 0xa5, 0xa5, 0xa3, 0xa3, 0xa3, 0xa0, 0xa3, 0xa3, 0xa3, 0xa5, 0xa3, 0xa3, 0xa3, 0xa3, 0xa5, 0xa5, 0xa5, 0xa5, 0xa3, 0xa3, 0xa3, 0xa3, 0xa3, 0xa3, 0xa3, 0xa3, 0xa5, 0xa5, 0xa3, 0xa0, 0xa0, 0xa3, 0xa5, 0xa5, 0xa5, 0xa5, 0xa3, 0xa0, 0xa3, 0xa3, 0xa0, 0xa0, 0xa3, 0xa0, 0xa0, 0xa3, 0xa0, 0xa0, 0xa0, 0xa0, 0xa0, 0xa3, 0xa3, 0xa0, 0xa0, 0x9c, 0x9c, 0x9c, 0x9c, 0xa0, 0x9c, 0x9c, 0x9c, 0x9c, 0x9c, 0x9c, 0x9c, 0x9c, 0xa0, 0x9c, 0x9c, 0xa0, 0x9c, 0x9c, 0x99, 0x97, 0x99, 0x99, 0x99, 0x9c, 0x9c, 0x9c, 0x9c, 0x9c, 0x9c, 0x9c, 0x9c, 0x9c, 0x9c, 0x9c, 0x9c, 0x9c, 0x9c, 0x9c, 0x9c, 0xa0, 0x9c, 0x9c, 0x9b, 0x8f, 0x82, 0x7d, 0x07, 0x07, 0x08, 0x07, 0x05, 0x02, 0x6c, 0x00, 0x00, 0x00, 0x00, 0x00, 0x63, 0x61, 0x5e, 0x5c, 0x5c, 0x59, 0x59, 0x5e, 0x61, 0x61, 0x61, 0x61, 0x5c, 0x59, 0x5c, 0x59, 0x59, 0x5c, 0x5c, 0x59, 0x61, 0x71, 0x71, 0x02, 0x6c, 0x6f, 0x6c, 0x6e, 0x02, 0x02, 0x05, 0x74, 0x09, 0x7f, 0x0e, 0x0e, 0x7f, 0x0e, 0x88, 0x8d, 0x1c, 0x1e, 0x22, 0x25, 0x25, 0x2a, 0x2c, 0xbb, 0xc1, 0xc1, 0xc0, 0xbe, 0xbf, 0xc0, 0xc0, 0xc0, 0xc1, 0xc0, 0xc0, 0xc0, 0xbf, 0xc0, 0xbf, 0xc0, 0xbf, 0xbf, 0xbe, 0xba, 0xd0, 0xaf, 0xaf, 0xaf, 0xb6, 0xcd, 0xba, 0xbe, 0xc1, 0xc1, 0xc1, 0xc1, 0xc1, 0xc0, 0xc0, 0xc1, 0xc1, 0xc1, 0xc1, 0xc1, 0xc1, 0xc1, 0xc1, 0xc0, 0xbc, 0x9c, 0x9c, 0xd4, 0xb0, 0xd3, 0xc9, 0xc9, 0xd3, 0xd3, 0xd3, 0xd3, 0xcd, 0xd3, 0xd3, 0xd3, 0xcd, 0xcc, 0xca, 0xcb, 0xcf, 0xb5, 0xb0, 0xb0, 0xd0, 0xb0, 0xb5, 0xd4, 0xcc, 0x8e, 0xca, 0xd4, 0xd3, 0xd3, 0xaf, 0xb0, 0xcf, 0xd4, 0xd4, 0xcf, 0xcf, 0xd0, 0xd4, 0xd4, 0xd4, 0xd0, 0xd4, 0xd4, 0xd4, 0xd4, 0xd4, 0xd0, 0xd4, 0xd4, 0xd4, 0xd0, 0xd3, 0xcd, 0xcf, 0xba, 0xba, 0xbc, 0xbd, 0xbe, 0xbe, 0xbe, 0xbc, 0xd4, 0xc9, 0xcd, 0xd3, 0xd4, 0xd4, 0xd4, 0xd4, 0xd4, 0xd3, 0xd4, 0xd4, 0xd3, 0xd3, 0xce, 0xd3, 0xa8, 0x31, 0x32, 0x36, 0x35, 0xce, 0xce, 0xd4, 0xd3, 0xd3, 0xd4, 0xd3, 0xd3, 0xd3, 0xd4, 0xd3, 0xd4, 0xd4, 0xd4, 0xd4, 0xd4, 0xd3, 0xa0, 0x9c, 0x9c, 0xa3, 0x9c, 0xa0, 0xa0, 0xa0, 0x9c, 0x9c, 0x99, 0x9c, 0x9c, 0x97, 0x8b, 0x83, 0x83, 0x7e, 0x81, 0x83, 0x7c, 0x7e, 0x7a, 0x7a, 0x83, 0x81, 0x81, 0x7e, 0x7c, 0x7e, 0x7e, 0x7e, 0x7e, 0x7a, 0x7e, 0x7a, 0x7e, 0x7e, 0x7e, 0x7e, 0x7c, 0x7e, 0x7a, 0x7a, 0x7a, 0x7e, 0x7a, 0x7a, 0x7a, 0x7a, 0x7c, 0x7a, 0x7a, 0x7e, 0x7e, 0x7a, 0x7a, 
  0xa0, 0xa0, 0xa5, 0xa8, 0xa3, 0xa3, 0xa3, 0xa0, 0xa3, 0xa3, 0xa3, 0xa3, 0xa3, 0xa3, 0xa3, 0xa3, 0xa3, 0xa3, 0xa3, 0xa5, 0xa5, 0xa5, 0xa3, 0xa3, 0xa3, 0xa3, 0xa5, 0xa5, 0xa3, 0xa3, 0xa0, 0xa0, 0xa0, 0xa3, 0xa3, 0xa5, 0xa3, 0xa3, 0xa3, 0xa3, 0xa3, 0xa3, 0xa0, 0xa0, 0xa0, 0xa0, 0xa0, 0xa3, 0xa0, 0xa0, 0xa0, 0xa0, 0xa0, 0xa3, 0xa3, 0x9c, 0xa0, 0xa0, 0xa0, 0xa0, 0xa0, 0xa0, 0xa0, 0x9c, 0x9c, 0x9c, 0x9c, 0x9c, 0xa0, 0x9c, 0xa0, 0x99, 0x9c, 0xa0, 0xa0, 0xa0, 0x99, 0x97, 0x97, 0x97, 0x99, 0x99, 0x99, 0x9c, 0x99, 0x9c, 0x9c, 0x99, 0x9c, 0x9c, 0x9c, 0x9c, 0x9c, 0x9c, 0x99, 0x9c, 0x9c, 0xa0, 0xa0, 0x9c, 0x9f, 0x1c, 0x13, 0x82, 0x08, 0x08, 0x04, 0x04, 0x02, 0x6f, 0x6c, 0x00, 0x00, 0x01, 0x00, 0x00, 0x63, 0x63, 0x61, 0x5e, 0x5c, 0x59, 0x5c, 0x61, 0x61, 0x61, 0x61, 0x5e, 0x59, 0x5c, 0x59, 0x59, 0x59, 0x59, 0x59, 0x5e, 0x00, 0x02, 0x6e, 0x02, 0x02, 0x6e, 0x6f, 0x02, 0x6f, 0x02, 0x02, 0x05, 0x09, 0x7f, 0x0e, 0x7f, 0x7f, 0x13, 0x13, 0x8d, 0x8d, 0x1c, 0x20, 0x22, 0x25, 0x25, 0x27, 0x35, 0xc0, 0xc0, 0xc1, 0xbe, 0xbe, 0xc0, 0xc0, 0xc0, 0xc0, 0xc1, 0xc0, 0xc0, 0xc0, 0xc0, 0xc0, 0xbf, 0xc0, 0xc0, 0xbe, 0xbd, 0xb7, 0xb0, 0xb0, 0xd4, 0xb5, 0xbc, 0xbf, 0xc1, 0xc1, 0xc1, 0xc1, 0xc1, 0xc0, 0xbc, 0xbe, 0xc1, 0xc1, 0xc1, 0xc1, 0xc1, 0xc1, 0xc1, 0xc1, 0xbe, 0xb0, 0x9c, 0x99, 0xd4, 0xd4, 0xd0, 0xcb, 0xca, 0xcc, 0xd3, 0xd3, 0xd3, 0xd3, 0xd3, 0xd3, 0xd3, 0xd3, 0xd3, 0xd3, 0xcd, 0xd4, 0xb5, 0xb0, 0xd1, 0xd0, 0xd0, 0xd0, 0xd4, 0xd4, 0xc9, 0x8e, 0xce, 0xd4, 0xd3, 0xd3, 0xce, 0xd4, 0xd4, 0xd4, 0xd0, 0xd0, 0xd4, 0xd4, 0xd0, 0xcf, 0xd4, 0xd4, 0xd4, 0xd4, 0xd0, 0xd4, 0xd0, 0xd4, 0xcf, 0xcf, 0xd0, 0xd4, 0xcc, 0xb7, 0xbd, 0xbe, 0xbe, 0xbe, 0xbe, 0xc0, 0xbe, 0xbf, 0xbc, 0xd4, 0xca, 0xd3, 0xce, 0xd4, 0xd4, 0xd4, 0xce, 0xce, 0xd4, 0xd4, 0xd3, 0xd3, 0xd3, 0xd3, 0xd3, 0xa4, 0x2f, 0x35, 0xae, 0xd4, 0xcc, 0xcd, 0xd3, 0xd3, 0xd3, 0xd4, 0xd4, 0xd3, 0xd3, 0xd4, 0xce, 0xd4, 0xd4, 0xd4, 0xd4, 0xaf, 0xcb, 0x9c, 0x9c, 0xa0, 0xa0, 0x9c, 0x9c, 0x9c, 0x9c, 0x9c, 0x9c, 0x9c, 0x97, 0x97, 0x91, 0x8c, 0x86, 0x84, 0x81, 0x81, 0x7e, 0x89, 0x7e, 0x7e, 0x7e, 0x81, 0x83, 0x83, 0x81, 0x7c, 0x7e, 0x81, 0x83, 0x7e, 0x7c, 0x7a, 0x7e, 0x7e, 0x7a, 0x7e, 0x81, 0x83, 0x7e, 0x7c, 0x7e, 0x7e, 0x83, 0x7a, 0x7a, 0x7c, 0x7a, 0x7a, 0x7a, 0x7c, 0x7a, 0x75, 0x7a, 
  0xa0, 0xa3, 0xa5, 0xa8, 0xa3, 0xa0, 0xa0, 0xa0, 0xa3, 0xa0, 0xa0, 0xa0, 0xa3, 0xa3, 0xa3, 0xa3, 0xa3, 0xa0, 0xa3, 0xa3, 0xa8, 0xa5, 0xa3, 0xa0, 0xa3, 0xa0, 0xa3, 0xa3, 0xa3, 0xa3, 0xa3, 0xa3, 0xa3, 0xa3, 0xa3, 0xa3, 0xa3, 0xa3, 0xa3, 0xa5, 0xa5, 0xa3, 0xa3, 0xa3, 0xa3, 0xa0, 0xa3, 0xa3, 0xa0, 0xa0, 0xa0, 0xa0, 0xa3, 0xa0, 0xa3, 0xa0, 0xa0, 0x9c, 0x9c, 0x9c, 0x9c, 0x9c, 0x9c, 0x9c, 0x99, 0x99, 0x9c, 0x9c, 0x99, 0x97, 0x9c, 0x99, 0x9c, 0x9c, 0xa0, 0xa0, 0x9c, 0x97, 0x99, 0x9c, 0x99, 0x99, 0x9c, 0x99, 0x99, 0x9c, 0x9c, 0x9c, 0x99, 0x9c, 0x99, 0x99, 0x99, 0x9c, 0x9c, 0x9c, 0x9c, 0xa0, 0x9c, 0x9c, 0x9f, 0x1c, 0x0e, 0x82, 0x7d, 0x08, 0x78, 0x03, 0x73, 0x6c, 0x6c, 0x68, 0x00, 0x68, 0x00, 0x00, 0x00, 0x63, 0x61, 0x61, 0x61, 0x5e, 0x61, 0x61, 0x61, 0x63, 0x61, 0x59, 0x59, 0x59, 0x59, 0x59, 0x57, 0x57, 0x59, 0x61, 0x00, 0x01, 0x6c, 0x6e, 0x6c, 0x68, 0x6c, 0x6e, 0x02, 0x74, 0x02, 0x05, 0x09, 0x7f, 0x7f, 0x7f, 0x0e, 0x13, 0x13, 0x13, 0x8d, 0x1c, 0x1e, 0x21, 0x25, 0x28, 0x25, 0x2c, 0xbb, 0xc1, 0xc1, 0xbf, 0xbe, 0xbe, 0xc0, 0xc1, 0xc1, 0xc1, 0xc1, 0xc0, 0xbf, 0xc0, 0xc0, 0xc0, 0xbf, 0xbf, 0xbe, 0xbe, 0xbc, 0xb5, 0xb0, 0xb0, 0xb0, 0xba, 0xc0, 0xc1, 0xc1, 0xc1, 0xc1, 0xc0, 0xbe, 0xba, 0xbe, 0xc1, 0xc1, 0xc1, 0xc1, 0xc1, 0xc1, 0xc1, 0xc1, 0xbb, 0x91, 0x89, 0x9c, 0xce, 0xd4, 0xd0, 0xb0, 0xca, 0xca, 0xd3, 0xd3, 0xd3, 0xd3, 0xd3, 0xd3, 0xd3, 0xcb, 0xd3, 0xd3, 0xd3, 0xd4, 0xb0, 0xd1, 0xd0, 0xd0, 0xd0, 0xd0, 0xb0, 0xcf, 0xd3, 0xca, 0xd3, 0xd0, 0xd4, 0xd4, 0xd3, 0xd3, 0xd3, 0xd4, 0xd4, 0xd4, 0xd4, 0xd4, 0xd0, 0xd0, 0xd4, 0xd4, 0xd4, 0xd0, 0xcf, 0xd4, 0xcf, 0xd4, 0xd0, 0xd1, 0xb7, 0xbc, 0xbc, 0xbd, 0xbe, 0xbe, 0x4a, 0x4a, 0x4a, 0xbe, 0xbf, 0xc0, 0xbe, 0xbb, 0xd0, 0xcd, 0xd3, 0xd3, 0xd3, 0xd4, 0xd4, 0xd3, 0xd3, 0xd3, 0xd3, 0xd3, 0xd3, 0xd4, 0xd3, 0xd3, 0xa8, 0xa8, 0xd4, 0xce, 0xcb, 0xcb, 0xcd, 0xd3, 0xd4, 0xd4, 0xce, 0xd3, 0xd3, 0xce, 0xd4, 0xce, 0xd4, 0xd4, 0xd4, 0xd4, 0xd3, 0xa0, 0xa0, 0xa0, 0xa3, 0xa0, 0xa0, 0x9c, 0x9c, 0x9c, 0xa0, 0x9c, 0x9c, 0x9c, 0x97, 0x91, 0x8c, 0x8c, 0x86, 0x7e, 0x83, 0x83, 0x7e, 0x83, 0x83, 0x83, 0x81, 0x83, 0x81, 0x7a, 0x7a, 0x7e, 0x81, 0x7e, 0x7a, 0x7a, 0x7e, 0x7a, 0x7a, 0x7a, 0x7e, 0x7c, 0x7a, 0x7a, 0x7c, 0x7a, 0x7e, 0x7a, 0x7a, 0x7a, 0x75, 0x7e, 0x75, 0x72, 0x77, 0x77, 0x7a, 
  0xa0, 0xa3, 0xa5, 0xa8, 0xa3, 0xa3, 0xa3, 0x9c, 0xa0, 0xa0, 0xa0, 0xa0, 0xa3, 0xa3, 0xa3, 0xa3, 0xa0, 0xa0, 0xa3, 0xa3, 0xa5, 0xa3, 0xa3, 0xa0, 0xa3, 0xa3, 0xa3, 0xa3, 0xa3, 0xa3, 0xa3, 0xa3, 0xa3, 0xa3, 0xa3, 0xa3, 0xa3, 0xa3, 0xa3, 0xa3, 0xa3, 0xa0, 0xa3, 0xa3, 0xa0, 0xa0, 0xa0, 0xa0, 0xa0, 0xa0, 0xa0, 0xa0, 0xa0, 0xa0, 0xa0, 0xa0, 0xa0, 0x9c, 0x9c, 0x9c, 0x9c, 0x9c, 0x99, 0x99, 0x99, 0x99, 0x99, 0x97, 0x97, 0x97, 0x99, 0x9c, 0x9c, 0x9c, 0xa0, 0xa0, 0x9c, 0x97, 0x97, 0x99, 0x97, 0x97, 0x97, 0x99, 0x99, 0x9c, 0x99, 0x9c, 0x9c, 0x99, 0x99, 0x99, 0x99, 0x9c, 0x9c, 0x9c, 0x9c, 0xa0, 0x9c, 0xa0, 0xa0, 0x94, 0x88, 0x82, 0x7d, 0x08, 0x07, 0x07, 0x02, 0x6c, 0x6c, 0x6c, 0x00, 0x00, 0x00, 0x00, 0x00, 0x61, 0x61, 0x61, 0x61, 0x61, 0x61, 0x61, 0x61, 0x61, 0x5c, 0x59, 0x59, 0x59, 0x59, 0x59, 0x57, 0x59, 0x5e, 0x61, 0x00, 0x68, 0x6c, 0x00, 0x00, 0x00, 0x6c, 0x6f, 0x02, 0x02, 0x74, 0x05, 0x09, 0x7f, 0x09, 0x09, 0x0e, 0x13, 0x13, 0x13, 0x8d, 0x1c, 0x1e, 0x21, 0x22, 0x25, 0x25, 0x28, 0x3b, 0xbe, 0xc1, 0xc0, 0xbe, 0xbe, 0xc0, 0xc0, 0xc1, 0xc1, 0xc1, 0xc1, 0xc0, 0xc1, 0xc0, 0xc0, 0xbf, 0xbf, 0xbe, 0xbe, 0xbd, 0xb7, 0xcf, 0xb0, 0xd0, 0xb5, 0xbd, 0xc0, 0xc1, 0xc1, 0xbf, 0xbe, 0xbd, 0xc1, 0xc1, 0xc1, 0xc1, 0xc1, 0xc1, 0xc1, 0xc1, 0xc1, 0xc1, 0xbb, 0x91, 0x7c, 0xcc, 0xd4, 0xd4, 0xd4, 0xd0, 0xcd, 0xcb, 0xcc, 0xd3, 0xd3, 0xd3, 0xd3, 0xd3, 0xcd, 0xca, 0xd3, 0xcd, 0xcd, 0xd3, 0xd4, 0xd1, 0xb0, 0xaf, 0xd4, 0xd0, 0xd0, 0xcf, 0xd4, 0xd3, 0xd3, 0xd0, 0xcf, 0xd0, 0xd4, 0xd4, 0xd3, 0xcd, 0xd3, 0xd4, 0xd4, 0xd4, 0xd4, 0xd0, 0xd0, 0xd4, 0xd4, 0xd4, 0xcf, 0xd0, 0xd4, 0xd4, 0xb0, 0xba, 0xbe, 0xbe, 0xbe, 0xbe, 0xbe, 0xbe, 0x45, 0x44, 0x45, 0x4a, 0xbe, 0xbf, 0xbe, 0xbd, 0xb9, 0xd4, 0xcd, 0xd3, 0xd3, 0xd4, 0xce, 0xd4, 0xd3, 0xd4, 0xd3, 0xd3, 0xd3, 0xd4, 0xd3, 0xd3, 0xd3, 0xce, 0xce, 0xce, 0xd3, 0xcc, 0xcb, 0xca, 0xd3, 0xd4, 0xd3, 0xd3, 0xd3, 0xd3, 0xd4, 0xd4, 0xd4, 0xd4, 0xd4, 0xd4, 0xaf, 0xa5, 0xa0, 0xa0, 0xa0, 0xa0, 0xa0, 0xa0, 0x9c, 0x9c, 0xa0, 0xa0, 0xa0, 0x9c, 0x97, 0x97, 0x91, 0x89, 0x8c, 0x7e, 0x7e, 0x81, 0x7e, 0x83, 0x7e, 0x81, 0x83, 0x81, 0x7e, 0x7e, 0x7e, 0x7e, 0x7e, 0x81, 0x7e, 0x7e, 0x7e, 0x7a, 0x7a, 0x7a, 0x7a, 0x7a, 0x7a, 0x7a, 0x7a, 0x7e, 0x7e, 0x7a, 0x7e, 0x7a, 0x7a, 0x7e, 0x7a, 0x75, 0x7c, 0x7a, 0x7a, 
  0xa3, 0xa3, 0xa5, 0xa3, 0xa3, 0xa5, 0xa5, 0xa3, 0xa0, 0xa3, 0xa0, 0xa0, 0xa0, 0xa3, 0xa3, 0xa0, 0xa0, 0xa3, 0xa3, 0xa3, 0xa3, 0xa3, 0xa0, 0xa0, 0xa0, 0xa3, 0xa3, 0xa3, 0xa3, 0xa3, 0xa3, 0xa3, 0xa3, 0xa3, 0xa0, 0xa0, 0xa3, 0xa3, 0xa3, 0xa3, 0xa0, 0xa0, 0xa0, 0xa0, 0xa0, 0xa0, 0xa0, 0xa0, 0xa0, 0xa0, 0xa0, 0xa0, 0xa0, 0xa0, 0xa0, 0xa0, 0x9c, 0x9c, 0x9c, 0x9c, 0x9c, 0x9c, 0x99, 0x99, 0x9c, 0x9c, 0x99, 0x93, 0x97, 0x97, 0x97, 0x99, 0x99, 0x99, 0x9c, 0x9c, 0x9c, 0x99, 0x9c, 0x99, 0x93, 0x93, 0x93, 0x97, 0x97, 0x99, 0x9c, 0x99, 0x99, 0x99, 0x97, 0x99, 0x99, 0x99, 0x9c, 0x9c, 0x9c, 0x9c, 0x9c, 0x9c, 0x9c, 0x95, 0x8d, 0x82, 0x7d, 0x08, 0x0d, 0x80, 0x05, 0x6c, 0x6c, 0x6c, 0x6c, 0x00, 0x00, 0x00, 0x63, 0x61, 0x5e, 0x5e, 0x61, 0x61, 0x61, 0x61, 0x61, 0x5c, 0x59, 0x59, 0x5c, 0x59, 0x59, 0x59, 0x59, 0x5c, 0x61, 0x61, 0x61, 0x00, 0x00, 0x61, 0x63, 0x00, 0x68, 0x6c, 0x6c, 0x6e, 0x02, 0x79, 0x09, 0x09, 0x09, 0x7f, 0x0e, 0x12, 0x13, 0x13, 0x8d, 0x8d, 0x1e, 0x1e, 0x9a, 0x22, 0x25, 0x25, 0xa9, 0x48, 0xc1, 0xc0, 0xc0, 0xbe, 0xbe, 0xc1, 0xc1, 0xc1, 0xc1, 0xc1, 0xc0, 0xc0, 0xbf, 0xc0, 0xbf, 0xc0, 0xbf, 0xbe, 0xbe, 0xbb, 0xb0, 0xd0, 0xd0, 0xd0, 0xb9, 0xbe, 0xc0, 0xbe, 0xbd, 0xbd, 0xbc, 0xc0, 0xc1, 0xc1, 0xc1, 0xc1, 0xc1, 0xc1, 0xc1, 0xc1, 0xbd, 0xd2, 0xca, 0x89, 0xce, 0xce, 0xce, 0xd4, 0xb0, 0xd0, 0xcb, 0xca, 0xcd, 0xd3, 0xd3, 0xd3, 0xd3, 0xd3, 0xd3, 0xd3, 0xcd, 0xcb, 0xcb, 0xcc, 0xd0, 0xb0, 0xaf, 0xcd, 0xd3, 0xce, 0xd3, 0xd4, 0xd4, 0xce, 0xcf, 0xcf, 0xb0, 0xcf, 0xd4, 0xd4, 0xd3, 0xd4, 0xd4, 0xce, 0xce, 0xd4, 0xd4, 0xd0, 0xcf, 0xcf, 0xd0, 0xd0, 0xcf, 0xcf, 0xd4, 0xb0, 0xb7, 0xbc, 0xbe, 0xbe, 0xbe, 0xbe, 0xbe, 0x45, 0x37, 0x37, 0x46, 0xbe, 0x4a, 0xbe, 0xbe, 0xbc, 0xb5, 0xd3, 0xcd, 0xd3, 0xd3, 0xd4, 0xce, 0xd3, 0xd4, 0xd4, 0xd4, 0xd4, 0xd3, 0xcc, 0xd3, 0xd3, 0xd3, 0xd3, 0xd4, 0xd3, 0xd3, 0xcc, 0xca, 0x98, 0xce, 0xd4, 0xd3, 0xd3, 0xd3, 0xd4, 0xd4, 0xd4, 0xd4, 0xd4, 0xd4, 0xd4, 0xd3, 0xa0, 0xa0, 0xa0, 0xa0, 0xa0, 0xa0, 0xa0, 0x9c, 0xa0, 0xa0, 0xa0, 0x9c, 0x99, 0x97, 0x93, 0x90, 0x89, 0x83, 0x7e, 0x7e, 0x7e, 0x7e, 0x7e, 0x81, 0x81, 0x81, 0x83, 0x7e, 0x81, 0x7e, 0x7e, 0x83, 0x83, 0x7e, 0x7a, 0x83, 0x7c, 0x77, 0x7a, 0x7a, 0x7a, 0x7e, 0x7a, 0x7e, 0x7e, 0x7e, 0x7e, 0x7e, 0x7e, 0x7e, 0x7e, 0x7e, 0x7e, 0x7a, 0x7a, 
  0xa3, 0xa5, 0xa5, 0xa0, 0xa3, 0xa5, 0xa5, 0xa3, 0xa3, 0xa3, 0xa0, 0xa3, 0xa0, 0xa0, 0xa3, 0xa0, 0xa3, 0xa3, 0xa3, 0xa3, 0xa3, 0xa0, 0xa3, 0xa3, 0xa3, 0xa3, 0xa0, 0xa3, 0xa3, 0xa3, 0xa3, 0xa3, 0xa3, 0xa0, 0xa0, 0xa0, 0xa3, 0xa3, 0xa3, 0xa3, 0xa3, 0xa0, 0xa0, 0xa0, 0xa0, 0x9c, 0x9c, 0xa0, 0xa0, 0xa0, 0xa0, 0xa0, 0xa0, 0xa0, 0xa0, 0xa0, 0x9c, 0x99, 0x9c, 0x9c, 0x9c, 0x9c, 0x9c, 0x9c, 0x9c, 0x9c, 0x99, 0x97, 0x97, 0x97, 0x97, 0x99, 0x9c, 0x99, 0x9c, 0x9c, 0x9c, 0x9c, 0x9c, 0x99, 0x93, 0x93, 0x93, 0x97, 0x99, 0x99, 0x9c, 0x99, 0x99, 0x99, 0x97, 0x97, 0x9c, 0x9c, 0x9c, 0x9c, 0x9c, 0x9c, 0x9c, 0x9c, 0x9c, 0x9d, 0x8f, 0x13, 0x0e, 0x09, 0x0d, 0x11, 0x07, 0x02, 0x6c, 0x6c, 0x6c, 0x00, 0x66, 0x63, 0x63, 0x61, 0x5c, 0x5c, 0x61, 0x61, 0x61, 0x61, 0x61, 0x5e, 0x5c, 0x5e, 0x5c, 0x59, 0x59, 0x59, 0x5c, 0x00, 0x00, 0x00, 0x61, 0x63, 0x61, 0x61, 0x63, 0x63, 0x00, 0x6c, 0x6c, 0x6e, 0x74, 0x05, 0x05, 0x09, 0x0d, 0x7f, 0x0e, 0x0e, 0x13, 0x13, 0x18, 0x8d, 0x1c, 0x1c, 0x1c, 0x1e, 0x24, 0x25, 0x2c, 0x3e, 0xbe, 0xc1, 0xc1, 0xbe, 0xbe, 0xc0, 0xc1, 0xc1, 0xc1, 0xc1, 0xc1, 0xc1, 0xc0, 0xc1, 0xc0, 0xc0, 0xbf, 0xbe, 0xbe, 0xbe, 0xb7, 0xd4, 0xb0, 0xb0, 0xb5, 0xbc, 0xbe, 0xbe, 0xbc, 0xbd, 0xbe, 0xbf, 0xc1, 0xc1, 0xc1, 0xc1, 0xc1, 0xc1, 0xc0, 0xc1, 0xb0, 0xa3, 0x98, 0xca, 0xce, 0xd4, 0xb0, 0xd0, 0xb0, 0xb0, 0xd3, 0xca, 0xcb, 0xcd, 0xd3, 0xd3, 0xce, 0xd3, 0xd3, 0xd3, 0xd3, 0xcd, 0xca, 0xc9, 0xc9, 0xd3, 0xb5, 0xd3, 0xd3, 0xd3, 0xd3, 0xd4, 0xd4, 0xce, 0xb0, 0xd0, 0xb0, 0xd0, 0xd0, 0xd4, 0xd4, 0xd4, 0xd4, 0xd4, 0xd4, 0xd4, 0xd4, 0xd4, 0xd4, 0xd4, 0xd0, 0xd4, 0xd4, 0xd4, 0xd4, 0xd4, 0xd4, 0xd2, 0xbe, 0xbe, 0xbe, 0xbe, 0xbe, 0x4a, 0x3f, 0x38, 0x3f, 0x48, 0x49, 0x46, 0x4a, 0xbe, 0xbc, 0xb0, 0xd3, 0xd3, 0xd3, 0xd3, 0xd3, 0xd3, 0xd3, 0xce, 0xd4, 0xd4, 0xcd, 0xcb, 0xcd, 0xcd, 0xd3, 0xd3, 0xd4, 0xce, 0xd4, 0xd3, 0xcd, 0x87, 0xcb, 0xd4, 0xd3, 0xd3, 0xd3, 0xd3, 0xd4, 0xd4, 0xd4, 0xce, 0xce, 0xd4, 0xd4, 0xa3, 0x9c, 0x9c, 0xa0, 0xa0, 0xa0, 0xa0, 0xa0, 0xa0, 0xa0, 0x9c, 0x9c, 0x9c, 0x9c, 0x99, 0x93, 0x90, 0x8c, 0x83, 0x7e, 0x7e, 0x7e, 0x81, 0x81, 0x7e, 0x7e, 0x83, 0x83, 0x83, 0x81, 0x81, 0x81, 0x81, 0x81, 0x7e, 0x81, 0x7c, 0x7c, 0x7c, 0x7c, 0x7a, 0x7e, 0x7e, 0x7e, 0x7a, 0x7e, 0x7e, 0x7e, 0x7c, 0x7a, 0x7e, 0x7e, 0x7e, 0x7a, 0x7a, 
  0xa3, 0xa5, 0xa5, 0xa0, 0xa3, 0xa5, 0xa5, 0xa3, 0xa0, 0xa0, 0xa0, 0xa3, 0xa3, 0xa0, 0xa0, 0xa3, 0xa3, 0xa3, 0xa3, 0xa3, 0xa3, 0xa0, 0xa3, 0xa3, 0xa3, 0xa3, 0xa3, 0xa3, 0xa3, 0xa3, 0xa3, 0xa3, 0xa3, 0xa0, 0xa0, 0xa3, 0xa3, 0xa3, 0xa3, 0xa5, 0xa3, 0xa0, 0xa0, 0xa0, 0x9c, 0x9c, 0x9c, 0xa0, 0xa0, 0xa0, 0xa0, 0xa0, 0xa0, 0xa0, 0x9c, 0xa0, 0x9c, 0x9c, 0x99, 0x9c, 0x9c, 0x9c, 0x9c, 0x99, 0x99, 0x99, 0x99, 0x99, 0x99, 0x99, 0x97, 0x99, 0x9c, 0x9c, 0x99, 0x99, 0x9c, 0x99, 0x99, 0x99, 0x99, 0x97, 0x97, 0x97, 0x99, 0x99, 0x99, 0x99, 0x99, 0x99, 0x99, 0x99, 0x9c, 0x9c, 0x9c, 0x9c, 0x9c, 0x9c, 0x9c, 0x9c, 0xa0, 0x9f, 0x94, 0x18, 0x0e, 0x09, 0x7d, 0x0c, 0x07, 0x02, 0x6c, 0x6c, 0x6c, 0x00, 0x00, 0x00, 0x63, 0x61, 0x5c, 0x5c, 0x5e, 0x61, 0x61, 0x61, 0x5e, 0x5c, 0x5c, 0x5c, 0x5e, 0x59, 0x59, 0x5c, 0x61, 0x61, 0x00, 0x00, 0x5e, 0x5e, 0x61, 0x61, 0x61, 0x61, 0x00, 0x6c, 0x6c, 0x02, 0x02, 0x74, 0x05, 0x09, 0x0d, 0x0e, 0x0e, 0x0e, 0x0e, 0x13, 0x13, 0x8d, 0x8d, 0x1c, 0x1c, 0x1e, 0x21, 0x22, 0x28, 0xa9, 0xb8, 0xbf, 0xc1, 0xc0, 0xbe, 0xbe, 0xc0, 0xc1, 0xc1, 0xc0, 0xc1, 0xc0, 0xc0, 0xc1, 0xbf, 0xc0, 0xbf, 0xbe, 0xbe, 0xbe, 0xba, 0xaf, 0xd4, 0xb0, 0xd0, 0xb7, 0xbd, 0xbe, 0xbe, 0xbe, 0xbf, 0xc0, 0xc1, 0xc1, 0xc1, 0xc1, 0xc1, 0xc1, 0xc1, 0xc0, 0xd4, 0x97, 0xcb, 0xd4, 0xd1, 0xb5, 0xb0, 0xb0, 0xb0, 0xb3, 0xd0, 0xcb, 0xca, 0xcd, 0xd3, 0xd3, 0xd3, 0xd3, 0xd3, 0xd3, 0xd3, 0xd3, 0xcd, 0xca, 0xc8, 0x9e, 0xd4, 0xb0, 0xd3, 0xd3, 0xd4, 0xd0, 0xb0, 0xd0, 0xd4, 0xd4, 0xd0, 0xd0, 0xd0, 0xcd, 0xca, 0xd3, 0xd4, 0xd4, 0xd4, 0xd4, 0xd4, 0xd4, 0xd3, 0xd4, 0xd0, 0xd4, 0xd4, 0xd4, 0xd4, 0xd4, 0xd4, 0xd2, 0xbe, 0xbe, 0xbd, 0xbd, 0xbc, 0xbc, 0x46, 0x3f, 0x38, 0x42, 0x49, 0x42, 0x45, 0x46, 0x4a, 0xbb, 0xb0, 0xd3, 0xd3, 0xd3, 0xce, 0xd3, 0xd3, 0xd3, 0xd4, 0xd3, 0xd3, 0xcc, 0xcc, 0xcc, 0xd3, 0xd3, 0xd4, 0xd4, 0xd4, 0xd3, 0xcd, 0xc5, 0xc7, 0xd4, 0xce, 0xce, 0xd3, 0xd3, 0xd4, 0xd4, 0xd4, 0xce, 0xce, 0xd4, 0xd0, 0xa8, 0xa0, 0xa0, 0xa0, 0xa0, 0x9c, 0xa0, 0x9c, 0x9c, 0xa0, 0x9c, 0x9c, 0x9c, 0x9c, 0x9c, 0x97, 0x91, 0x90, 0x83, 0x83, 0x7a, 0x7e, 0x81, 0x7e, 0x7e, 0x7e, 0x83, 0x81, 0x81, 0x83, 0x83, 0x81, 0x7c, 0x7e, 0x7e, 0x7c, 0x7c, 0x7e, 0x83, 0x7e, 0x7a, 0x7a, 0x7c, 0x7e, 0x7e, 0x7a, 0x7a, 0x7a, 0x75, 0x77, 0x7c, 0x81, 0x7e, 0x7a, 0x7a, 
  0xa3, 0xa5, 0xa5, 0xa3, 0xa3, 0xa5, 0xa5, 0xa5, 0xa0, 0x9c, 0xa0, 0xa3, 0xa3, 0xa0, 0xa3, 0xa3, 0xa3, 0xa3, 0xa3, 0xa0, 0xa0, 0xa0, 0xa3, 0xa3, 0xa3, 0xa3, 0xa0, 0xa0, 0xa0, 0xa3, 0xa3, 0xa3, 0xa3, 0xa3, 0xa3, 0xa3, 0xa3, 0xa0, 0xa3, 0xa3, 0xa0, 0xa0, 0x9c, 0x9c, 0x9c, 0x9c, 0x9c, 0xa0, 0xa0, 0xa0, 0xa0, 0xa0, 0x9c, 0x9c, 0x9c, 0x9c, 0x9c, 0x9c, 0x9c, 0x9c, 0x9c, 0x99, 0x99, 0x99, 0x97, 0x97, 0x99, 0x97, 0x9c, 0x99, 0x97, 0x99, 0x97, 0x97, 0x97, 0x97, 0x97, 0x99, 0x9c, 0x9c, 0x9c, 0x99, 0x97, 0x99, 0x9c, 0x9c, 0x99, 0x9c, 0x99, 0x99, 0x99, 0x99, 0x99, 0x9c, 0x9c, 0x9c, 0x9c, 0x9c, 0x9c, 0x9c, 0x9c, 0xa1, 0x94, 0x8d, 0x82, 0x0d, 0x7d, 0x07, 0x03, 0x73, 0x6f, 0x68, 0x6e, 0x00, 0x00, 0x00, 0x63, 0x61, 0x61, 0x61, 0x5e, 0x61, 0x61, 0x5e, 0x5c, 0x5c, 0x5c, 0x5e, 0x5e, 0x59, 0x5c, 0x61, 0x61, 0x61, 0x00, 0x61, 0x5c, 0x59, 0x5e, 0x61, 0x61, 0x00, 0x6c, 0x6c, 0x6c, 0x02, 0x02, 0x74, 0x05, 0x09, 0x09, 0x0d, 0x0d, 0x0e, 0x0e, 0x0e, 0x13, 0x18, 0x8d, 0x8d, 0x1c, 0x1e, 0x1e, 0x9a, 0x25, 0x2a, 0x3b, 0xbc, 0xc0, 0xc1, 0xbf, 0xbe, 0xc0, 0xbf, 0xc0, 0xbf, 0xc1, 0xc1, 0xc1, 0xc1, 0xc0, 0xc0, 0xbf, 0xbf, 0xbe, 0xbe, 0xbe, 0xd2, 0xd4, 0xb0, 0xb0, 0xb0, 0xba, 0xbc, 0xbd, 0xc0, 0xc1, 0xc1, 0xbf, 0xbe, 0xc0, 0xc0, 0xc1, 0xc1, 0xc1, 0xbf, 0xd4, 0xcb, 0xb0, 0xb7, 0xb7, 0xb5, 0xb0, 0xb0, 0xb5, 0xb5, 0xb5, 0xd4, 0xca, 0xca, 0xcd, 0xd3, 0xd3, 0xd3, 0xd3, 0xd3, 0xd3, 0xd3, 0xd3, 0xd3, 0xcb, 0xca, 0xd3, 0xb0, 0xd4, 0xce, 0xd4, 0xd3, 0xd3, 0xb0, 0xcf, 0xd3, 0xd4, 0xd0, 0xd0, 0xcc, 0xca, 0xd4, 0xd0, 0xd4, 0xd4, 0xd4, 0xd4, 0xd4, 0xd4, 0xd3, 0xd0, 0xd0, 0xd4, 0xd4, 0xd4, 0xd4, 0xd4, 0xb0, 0xd2, 0xbc, 0xbe, 0xbe, 0xbd, 0x48, 0x45, 0x49, 0x40, 0x3f, 0x4b, 0x48, 0x49, 0x42, 0x43, 0x4a, 0xba, 0xcb, 0xcc, 0xd3, 0xcb, 0xd3, 0xd3, 0xd3, 0xce, 0xd3, 0xd3, 0xd4, 0xce, 0xd3, 0xd3, 0xd4, 0xce, 0xd4, 0xd4, 0xd3, 0xd3, 0x8e, 0xc7, 0xd3, 0xd4, 0xd4, 0xce, 0xd3, 0xce, 0xd4, 0xce, 0xd3, 0xd3, 0xd3, 0xd0, 0xb0, 0xa0, 0xa3, 0xa3, 0xa0, 0x9c, 0x9c, 0x9c, 0xa0, 0xa0, 0x9c, 0x9c, 0x9c, 0x9c, 0x9c, 0x97, 0x93, 0x93, 0x89, 0x83, 0x7e, 0x81, 0x81, 0x7e, 0x7e, 0x7e, 0x7e, 0x7e, 0x7e, 0x7e, 0x83, 0x81, 0x7a, 0x7a, 0x7e, 0x81, 0x7e, 0x81, 0x81, 0x7e, 0x7a, 0x7c, 0x7c, 0x81, 0x7e, 0x7a, 0x77, 0x75, 0x77, 0x7e, 0x7c, 0x7e, 0x7a, 0x7a, 0x7a, 
  0xa3, 0xa5, 0xa8, 0xa8, 0xa5, 0xa5, 0xa3, 0xa3, 0xa0, 0xa0, 0xa3, 0xa0, 0xa3, 0xa3, 0xa0, 0xa3, 0xa3, 0xa3, 0xa0, 0xa0, 0xa3, 0xa0, 0xa3, 0xa0, 0xa3, 0xa3, 0xa3, 0xa0, 0xa0, 0xa3, 0xa3, 0xa3, 0xa3, 0xa0, 0xa0, 0xa3, 0xa3, 0xa0, 0xa3, 0xa3, 0xa3, 0xa0, 0xa0, 0xa0, 0xa0, 0xa0, 0x9c, 0x9c, 0x9c, 0x9c, 0xa0, 0xa0, 0x9c, 0xa0, 0xa0, 0x9c, 0x9c, 0x9c, 0x9c, 0x9c, 0x9c, 0x99, 0x9c, 0x99, 0x97, 0x99, 0x97, 0x99, 0x97, 0x93, 0x93, 0x93, 0x93, 0x93, 0x97, 0x97, 0x97, 0x99, 0x99, 0x99, 0x99, 0x99, 0x99, 0x99, 0x99, 0x97, 0x97, 0x9c, 0x99, 0x9c, 0x99, 0x99, 0x99, 0x99, 0x9c, 0x9c, 0x9c, 0x9c, 0x9c, 0x9c, 0x9c, 0xa0, 0x95, 0x8f, 0x88, 0x80, 0x0e, 0x09, 0x05, 0x73, 0x6f, 0x6c, 0x6c, 0x01, 0x00, 0x00, 0x63, 0x61, 0x61, 0x61, 0x61, 0x61, 0x61, 0x5e, 0x61, 0x5e, 0x5c, 0x5c, 0x5a, 0x5c, 0x61, 0x5c, 0x5e, 0x61, 0x61, 0x5c, 0x59, 0x5c, 0x5c, 0x5e, 0x61, 0x00, 0x01, 0x6c, 0x6c, 0x02, 0x02, 0x05, 0x02, 0x05, 0x09, 0x09, 0x0d, 0x0e, 0x0e, 0x0e, 0x12, 0x13, 0x13, 0x8d, 0x1c, 0x1c, 0x94, 0x1e, 0x25, 0x28, 0xa9, 0xb8, 0xc0, 0xc1, 0xc1, 0xbe, 0xbf, 0xc1, 0xc1, 0xc0, 0xc1, 0xc1, 0xc1, 0xc1, 0xbf, 0xc0, 0xbf, 0xc0, 0xbf, 0xbe, 0xbe, 0xbc, 0xd0, 0xd0, 0xb0, 0xd4, 0xb5, 0xbc, 0xbe, 0xbe, 0xd4, 0xba, 0xd2, 0xbc, 0xbd, 0xbf, 0xc0, 0xc1, 0xbe, 0xd2, 0xd0, 0xb5, 0xba, 0xd2, 0xb3, 0xb0, 0xb0, 0xb0, 0xd1, 0xb0, 0xb5, 0xb5, 0xce, 0xcb, 0xcc, 0xcd, 0xd3, 0xd3, 0xd3, 0xd3, 0xd3, 0xd3, 0xd3, 0xd3, 0xd3, 0xd3, 0xd4, 0xb0, 0xd0, 0xd3, 0xd3, 0xce, 0xcb, 0x98, 0xd4, 0xd4, 0xd0, 0xb0, 0xd0, 0xcd, 0xcb, 0xd4, 0xb0, 0xd0, 0xd0, 0xd4, 0xcf, 0xd4, 0xd3, 0xd3, 0xcc, 0xd0, 0xd4, 0xd0, 0xcf, 0xd4, 0xd4, 0xd4, 0xd4, 0xd4, 0xbb, 0xbe, 0xbe, 0x4a, 0x3f, 0x47, 0x48, 0x46, 0xbe, 0xbe, 0x4a, 0x49, 0x42, 0x46, 0x4a, 0xb5, 0xcb, 0xd3, 0xcd, 0xd4, 0xd3, 0xd3, 0xd3, 0xce, 0xd3, 0xd4, 0xd4, 0xd4, 0xd3, 0xd3, 0xce, 0xd3, 0xd4, 0xd4, 0xd3, 0xcc, 0xcb, 0xcc, 0xd3, 0xd3, 0xce, 0xd4, 0xd4, 0xce, 0xd3, 0xd3, 0xce, 0xd4, 0xb0, 0xb5, 0xa0, 0xa5, 0xa3, 0xa0, 0x9c, 0x99, 0x9c, 0xa0, 0xa3, 0xa0, 0xa0, 0x9c, 0x9c, 0x9c, 0x97, 0x97, 0x93, 0x91, 0x89, 0x83, 0x83, 0x7e, 0x7e, 0x83, 0x81, 0x7e, 0x81, 0x83, 0x83, 0x83, 0x83, 0x7a, 0x7e, 0x81, 0x7e, 0x7e, 0x81, 0x7e, 0x81, 0x7e, 0x7e, 0x7a, 0x7e, 0x83, 0x83, 0x81, 0x7a, 0x7a, 0x7a, 0x7e, 0x7e, 0x75, 0x77, 0x7a, 
  0xa3, 0xa5, 0xa8, 0xa5, 0xa3, 0xa5, 0xa5, 0xa3, 0xa0, 0xa0, 0xa3, 0xa3, 0xa3, 0xa3, 0xa0, 0xa0, 0xa0, 0xa3, 0xa3, 0xa0, 0xa0, 0xa0, 0xa0, 0xa0, 0xa0, 0xa0, 0xa3, 0xa0, 0xa3, 0xa3, 0xa3, 0xa3, 0xa3, 0xa3, 0xa3, 0xa3, 0xa0, 0xa3, 0xa3, 0xa3, 0xa3, 0xa3, 0xa0, 0xa0, 0xa0, 0xa0, 0xa0, 0x9c, 0x9c, 0x9c, 0xa0, 0x9c, 0x99, 0xa0, 0xa0, 0x9c, 0x99, 0x9c, 0x9c, 0x9c, 0x9c, 0x9c, 0x99, 0x97, 0x97, 0x97, 0x93, 0x97, 0x93, 0x97, 0x91, 0x93, 0x97, 0x93, 0x93, 0x97, 0x99, 0x99, 0x97, 0x99, 0x9c, 0x9c, 0x9c, 0x9c, 0x99, 0x99, 0x93, 0x9c, 0x99, 0x9c, 0x99, 0x99, 0x99, 0x9c, 0x9c, 0x9c, 0x9c, 0x9c, 0x9c, 0x9c, 0x9c, 0x9c, 0x9d, 0x1c, 0x12, 0x82, 0x80, 0x08, 0x04, 0x73, 0x02, 0x73, 0x6c, 0x6c, 0x00, 0x6c, 0x00, 0x63, 0x61, 0x61, 0x61, 0x61, 0x5e, 0x61, 0x61, 0x61, 0x61, 0x5e, 0x59, 0x5c, 0x61, 0x61, 0x00, 0x61, 0x59, 0x5c, 0x5c, 0x59, 0x59, 0x61, 0x63, 0x00, 0x00, 0x01, 0x6c, 0x02, 0x02, 0x02, 0x02, 0x79, 0x09, 0x09, 0x7f, 0x0e, 0x0d, 0x0e, 0x12, 0x12, 0x12, 0x13, 0x18, 0x8d, 0x1c, 0x1e, 0x21, 0x25, 0x2c, 0x3b, 0xbd, 0xc0, 0xc1, 0xbf, 0xbe, 0xc0, 0xc0, 0xc0, 0xc0, 0xc1, 0xc0, 0xc1, 0xc0, 0xc0, 0xc0, 0xc0, 0xbe, 0xbe, 0xbe, 0xbe, 0xba, 0xd4, 0xaf, 0xd0, 0xb0, 0xba, 0xd0, 0xba, 0xb5, 0xcb, 0xd3, 0xb7, 0xbe, 0xc0, 0xbf, 0xba, 0xd1, 0xb5, 0xba, 0xb7, 0xb5, 0xb0, 0xb0, 0xb0, 0xd1, 0xb5, 0xb0, 0xb0, 0xb0, 0xb5, 0xb0, 0xca, 0xca, 0xd3, 0xd3, 0xd3, 0xd4, 0xd3, 0xd3, 0xd3, 0xd3, 0xd3, 0xce, 0xd3, 0xd4, 0xb0, 0xb0, 0xd4, 0xd3, 0xd4, 0xd3, 0xcb, 0x89, 0xcd, 0xd0, 0xd4, 0xb0, 0xd4, 0xd3, 0xd4, 0xd0, 0xcf, 0xd4, 0xd0, 0xd4, 0xd4, 0xd4, 0xcf, 0xd3, 0xcd, 0xd3, 0xd4, 0xd4, 0xd4, 0xd4, 0xd4, 0xd3, 0xd4, 0xcc, 0xba, 0xbe, 0x4a, 0x42, 0x3d, 0x48, 0xbe, 0xbf, 0xbe, 0xbe, 0x4c, 0x49, 0x45, 0x48, 0xbe, 0xba, 0xa8, 0xd3, 0xd4, 0xd3, 0xd3, 0xd3, 0xd4, 0xd3, 0xce, 0xd4, 0xd4, 0xd3, 0xd3, 0xd4, 0xd3, 0xd3, 0xd4, 0xd4, 0xd3, 0xce, 0xcd, 0xcb, 0xcc, 0xcb, 0xcc, 0xd4, 0xce, 0xd3, 0xd3, 0xce, 0xb0, 0xd1, 0xb0, 0xa0, 0xa3, 0xa3, 0xa0, 0x9c, 0x9c, 0x9c, 0x9c, 0x9c, 0xa0, 0xa0, 0xa0, 0x9c, 0x9c, 0x97, 0x99, 0x99, 0x90, 0x7e, 0x83, 0x7e, 0x83, 0x89, 0x89, 0x83, 0x7e, 0x83, 0x83, 0x7e, 0x7e, 0x7e, 0x7e, 0x7e, 0x7e, 0x7e, 0x7c, 0x7c, 0x7e, 0x7e, 0x7a, 0x7a, 0x7a, 0x7a, 0x7e, 0x83, 0x81, 0x7e, 0x7e, 0x7e, 0x83, 0x7e, 0x75, 0x7a, 0x7a, 
  0xa0, 0xa5, 0xa5, 0xcd, 0xa3, 0xa5, 0xa3, 0xa0, 0xa0, 0xa3, 0xa0, 0xa0, 0xa0, 0xa0, 0xa0, 0xa0, 0xa0, 0xa3, 0xa0, 0x9c, 0xa0, 0xa0, 0xa3, 0xa3, 0xa3, 0xa3, 0xa0, 0xa3, 0xa5, 0xa3, 0xa3, 0xa3, 0xa3, 0xa3, 0xa5, 0xa0, 0xa0, 0xa3, 0xa0, 0xa0, 0xa3, 0xa3, 0xa0, 0xa0, 0xa0, 0xa0, 0xa0, 0x9c, 0x9c, 0xa0, 0x9c, 0xa0, 0xa0, 0x9c, 0x9c, 0x9c, 0x99, 0x99, 0x9c, 0x9c, 0x9c, 0x99, 0x99, 0x99, 0x97, 0x97, 0x93, 0x93, 0x91, 0x93, 0x93, 0x93, 0x97, 0x93, 0x97, 0x97, 0x97, 0x97, 0x97, 0x99, 0x99, 0x99, 0x9c, 0x9c, 0x9c, 0x99, 0x99, 0x97, 0x9c, 0x97, 0x97, 0x99, 0x99, 0x99, 0x9c, 0x9c, 0x9c, 0xa0, 0x9c, 0x9c, 0x9c, 0x9c, 0x96, 0x94, 0x88, 0x82, 0x80, 0x08, 0x04, 0x73, 0x73, 0x73, 0x6c, 0x6c, 0x00, 0x6c, 0x6c, 0x61, 0x5e, 0x61, 0x63, 0x61, 0x61, 0x63, 0x63, 0x61, 0x61, 0x5c, 0x61, 0x5e, 0x61, 0x61, 0x5e, 0x59, 0x57, 0x59, 0x5e, 0x59, 0x5e, 0x63, 0x00, 0x00, 0x00, 0x01, 0x01, 0x02, 0x6f, 0x02, 0x05, 0x05, 0x05, 0x09, 0x0d, 0x0d, 0x82, 0x12, 0x12, 0x12, 0x13, 0x13, 0x13, 0x8d, 0x8d, 0x1c, 0x1e, 0x22, 0x28, 0xa9, 0xb8, 0xbf, 0xc1, 0xc1, 0xbe, 0xbe, 0xc0, 0xc0, 0xc1, 0xc0, 0xc0, 0xc1, 0xbf, 0xc0, 0xbf, 0xc0, 0xbf, 0xbf, 0xbe, 0xbe, 0xbe, 0xd0, 0xd4, 0xb0, 0xd0, 0xb3, 0xba, 0xbe, 0xb5, 0x76, 0xcc, 0xd1, 0xba, 0xba, 0xb5, 0xb0, 0xb7, 0xb7, 0xb5, 0xb0, 0xb0, 0xb0, 0xb0, 0xd0, 0xb0, 0xb0, 0xb0, 0xb5, 0xb5, 0xb5, 0xb5, 0xd4, 0x98, 0xca, 0xcc, 0xd3, 0xd3, 0xd3, 0xd3, 0xd3, 0xd3, 0xd3, 0xd3, 0xd3, 0xd3, 0xd4, 0xb5, 0xb0, 0xd3, 0xd4, 0xd0, 0xd4, 0xcb, 0xcb, 0xd0, 0xd4, 0xd4, 0xd4, 0xd4, 0xd0, 0xcf, 0xcf, 0xd0, 0xd0, 0xd4, 0xd4, 0xd0, 0xd4, 0xd4, 0xd4, 0xd3, 0xd4, 0xd4, 0xd4, 0xd4, 0xd0, 0xd4, 0xd4, 0xb7, 0xbe, 0xbe, 0xbe, 0x43, 0x3c, 0x49, 0xba, 0xbc, 0xbd, 0xbe, 0xbe, 0x46, 0x3f, 0x49, 0x4c, 0xbe, 0xcd, 0xcc, 0xd4, 0xd4, 0xd3, 0xd4, 0xd4, 0xd4, 0xce, 0xce, 0xce, 0xce, 0xce, 0xd4, 0xd3, 0xd4, 0xd4, 0xd4, 0xd4, 0xd4, 0xd3, 0xcb, 0x98, 0xca, 0xca, 0xcb, 0xd3, 0xd3, 0xd4, 0xb5, 0xb7, 0xb5, 0xb3, 0xa3, 0xa0, 0xa0, 0xa0, 0xa0, 0xa0, 0x9c, 0x9c, 0x9c, 0x9c, 0xa0, 0xa0, 0xa0, 0xa0, 0x9c, 0x9c, 0x99, 0x93, 0x83, 0x81, 0x81, 0x83, 0x7e, 0x7e, 0x7e, 0x83, 0x83, 0x7e, 0x7a, 0x7e, 0x7e, 0x83, 0x83, 0x7e, 0x7e, 0x83, 0x7e, 0x81, 0x7e, 0x7c, 0x7e, 0x83, 0x81, 0x7a, 0x7a, 0x7a, 0x7a, 0x7a, 0x7a, 0x7a, 0x7a, 0x7c, 0x7c, 0x83, 
  0xa0, 0xa3, 0xa5, 0xa8, 0xa5, 0xa5, 0xa3, 0xa3, 0xa3, 0xa3, 0xa0, 0x9c, 0xa0, 0xa3, 0xa0, 0xa0, 0xa0, 0xa0, 0xa0, 0x9c, 0xa0, 0xa0, 0xa0, 0xa3, 0xa3, 0xa3, 0xa3, 0xa5, 0xa5, 0xa3, 0xa3, 0xa3, 0xa0, 0xa3, 0xa3, 0xa5, 0xa3, 0xa3, 0xa3, 0xa3, 0xa3, 0xa3, 0xa0, 0xa3, 0xa3, 0xa3, 0x9c, 0x9c, 0xa0, 0xa0, 0x9c, 0x9c, 0x9c, 0xa0, 0x9c, 0x9c, 0x9c, 0x9c, 0x9c, 0x99, 0x99, 0x97, 0x9c, 0x99, 0x97, 0x93, 0x97, 0x99, 0x93, 0x91, 0x93, 0x93, 0x93, 0x93, 0x97, 0x99, 0x93, 0x93, 0x99, 0x99, 0x9c, 0x9c, 0x9c, 0x9c, 0x99, 0x97, 0x99, 0x97, 0x9c, 0x99, 0x9c, 0x99, 0x99, 0x99, 0x99, 0x9c, 0x9c, 0x9c, 0x9c, 0x9c, 0xa0, 0xa0, 0x9c, 0x95, 0x18, 0x82, 0x82, 0x08, 0x03, 0x02, 0x02, 0x02, 0x02, 0x6c, 0x6c, 0x00, 0x66, 0x00, 0x63, 0x00, 0x63, 0x61, 0x61, 0x61, 0x61, 0x61, 0x61, 0x5e, 0x63, 0x61, 0x00, 0x5e, 0x59, 0x57, 0x59, 0x5c, 0x59, 0x5c, 0x61, 0x61, 0x61, 0x61, 0x00, 0x00, 0x6c, 0x02, 0x6c, 0x02, 0x74, 0x74, 0x05, 0x09, 0x09, 0x0e, 0x0e, 0x0e, 0x13, 0x13, 0x13, 0x12, 0x13, 0x18, 0x18, 0x1c, 0x94, 0x21, 0x24, 0x2c, 0x3b, 0x4a, 0xc1, 0xc1, 0xc0, 0xbc, 0xbf, 0xc0, 0xc1, 0xc1, 0xc0, 0xc1, 0xc0, 0xc0, 0xc0, 0xc0, 0xbf, 0xc0, 0xbe, 0xbe, 0xbe, 0xbc, 0xaa, 0xb0, 0xd0, 0xd0, 0xd1, 0xb0, 0xbc, 0xcd, 0xc6, 0xca, 0xb0, 0xb0, 0xb7, 0xb7, 0xb5, 0xb0, 0xb0, 0xb0, 0xb0, 0xb0, 0xd0, 0xd0, 0xb0, 0xb0, 0xb0, 0xb0, 0xb0, 0xb5, 0xb5, 0xd0, 0xcc, 0x9e, 0xcc, 0xd3, 0xd3, 0xd3, 0xd3, 0xd3, 0xd3, 0xd3, 0xd3, 0xd3, 0xce, 0xd4, 0xb0, 0xb0, 0xd4, 0xd0, 0xd0, 0xd4, 0xd0, 0xd4, 0xd4, 0xd3, 0xd4, 0xd3, 0xd3, 0xd4, 0xd0, 0xd0, 0xd4, 0xd0, 0xd4, 0xd4, 0xd4, 0xd0, 0xd0, 0xd0, 0xd4, 0xd3, 0xd4, 0xd4, 0xd4, 0xd4, 0xd4, 0xd4, 0xd0, 0xba, 0xbc, 0xbe, 0xbe, 0x44, 0x47, 0xbe, 0xbe, 0xbe, 0xbe, 0xbe, 0x4c, 0x42, 0x42, 0x4a, 0xbe, 0xbc, 0xcb, 0xcd, 0xd4, 0xd4, 0xd4, 0xd3, 0xd4, 0xd3, 0xd3, 0xd4, 0xd4, 0xd4, 0xd4, 0xd4, 0xd4, 0xd3, 0xd3, 0xd3, 0xd3, 0xd3, 0xd3, 0xcb, 0x87, 0xc8, 0xcb, 0xcc, 0xb5, 0xba, 0xba, 0xb7, 0xb5, 0xb5, 0xa3, 0xa0, 0xa0, 0xa3, 0x9c, 0x9c, 0xa0, 0x9c, 0xa0, 0x9c, 0xa0, 0xa0, 0xa0, 0x9c, 0x9c, 0x99, 0x99, 0x91, 0x83, 0x86, 0x81, 0x7c, 0x7c, 0x81, 0x7e, 0x7e, 0x83, 0x83, 0x7e, 0x89, 0x89, 0x83, 0x7e, 0x83, 0x83, 0x7e, 0x81, 0x7e, 0x7c, 0x7e, 0x83, 0x81, 0x7b, 0x86, 0x83, 0x7e, 0x7a, 0x81, 0x7e, 0x7e, 0x7e, 0x7a, 0x83, 0x7e, 
  0xa3, 0xa3, 0xa0, 0xa3, 0xa5, 0xa3, 0xa5, 0xa3, 0xa3, 0xa0, 0x9c, 0x9c, 0xa0, 0xa0, 0xa0, 0xa0, 0xa3, 0xa0, 0xa0, 0xa0, 0xa0, 0xa0, 0xa3, 0xa3, 0xa3, 0xa3, 0xa3, 0xa3, 0xa3, 0xa0, 0xa0, 0xa0, 0xa3, 0xa3, 0xa3, 0xa3, 0xa0, 0xa3, 0xa3, 0xa3, 0xa3, 0xa3, 0xa3, 0xa0, 0xa0, 0xa0, 0x9c, 0x9c, 0xa0, 0xa0, 0xa0, 0xa0, 0xa3, 0x9c, 0xa0, 0x9c, 0xa0, 0x9c, 0x99, 0x99, 0x99, 0x97, 0x9c, 0x99, 0x97, 0x93, 0x90, 0x93, 0x90, 0x90, 0x97, 0x97, 0x93, 0x93, 0x93, 0x93, 0x93, 0x93, 0x99, 0x9c, 0x99, 0x9c, 0x9c, 0x9c, 0x99, 0x99, 0x97, 0x99, 0x9c, 0x99, 0x9c, 0x9c, 0x9c, 0x9c, 0x9c, 0x9c, 0x9c, 0x9c, 0x9c, 0x9c, 0x9c, 0x9c, 0x9d, 0x95, 0x8d, 0x12, 0x0d, 0x09, 0x78, 0x04, 0x03, 0x73, 0x02, 0x73, 0x6c, 0x68, 0x01, 0x00, 0x00, 0x00, 0x63, 0x63, 0x63, 0x61, 0x61, 0x61, 0x61, 0x61, 0x61, 0x00, 0x61, 0x59, 0x59, 0x59, 0x59, 0x59, 0x5c, 0x61, 0x5e, 0x5e, 0x5c, 0x61, 0x00, 0x00, 0x01, 0x6c, 0x02, 0x02, 0x02, 0x05, 0x05, 0x05, 0x09, 0x0d, 0x0e, 0x13, 0x13, 0x13, 0x13, 0x13, 0x13, 0x13, 0x18, 0x8d, 0x94, 0x1e, 0x22, 0x28, 0xa9, 0xb8, 0xbf, 0xc1, 0xc0, 0xbf, 0xbe, 0xc1, 0xc1, 0xc1, 0xc1, 0xc1, 0xbf, 0xc0, 0xbf, 0xc0, 0xc0, 0xc0, 0xbe, 0xbe, 0xbe, 0xbc, 0xb0, 0xd4, 0xb0, 0xd0, 0xb5, 0xbc, 0xba, 0xb0, 0x8e, 0xb0, 0xb5, 0xb7, 0xb5, 0xd0, 0xd0, 0xb0, 0xb0, 0xb0, 0xb0, 0xb0, 0xb0, 0xb0, 0xd0, 0xb0, 0xb3, 0xb0, 0xb5, 0xb5, 0xd2, 0xb7, 0xd0, 0xc9, 0xca, 0xd3, 0xd3, 0xd3, 0xd3, 0xd3, 0xd3, 0xce, 0xd3, 0xce, 0xd4, 0xd3, 0xd4, 0xb0, 0xd0, 0xd4, 0xd0, 0xd0, 0xd0, 0xd0, 0xd4, 0xd3, 0xd3, 0xd4, 0xd4, 0xd4, 0xd4, 0xd4, 0xd0, 0xd0, 0xd4, 0xd0, 0xd0, 0xb0, 0xd4, 0xd0, 0xd4, 0xd4, 0xd4, 0xd4, 0xd4, 0xd4, 0xd4, 0xd4, 0xd4, 0xd3, 0xd3, 0xb7, 0xbe, 0x46, 0x3f, 0x49, 0xc0, 0xbe, 0xbe, 0xbe, 0x48, 0x44, 0x42, 0x4a, 0xbe, 0xbd, 0xd0, 0xcb, 0xd4, 0xd4, 0xce, 0xd4, 0xd4, 0xd3, 0xd4, 0xd4, 0xd4, 0xce, 0xd3, 0xd3, 0xd3, 0xd3, 0xd3, 0xd3, 0xd4, 0xd3, 0xd3, 0xd3, 0xc9, 0xc5, 0xcc, 0xba, 0xbc, 0xbc, 0xbc, 0xba, 0xd2, 0xb5, 0xa3, 0x9c, 0x9c, 0x9c, 0x9c, 0xa0, 0x9c, 0xa0, 0x9c, 0x9c, 0x9c, 0xa0, 0x9c, 0x9c, 0xa0, 0x9c, 0x99, 0x93, 0x86, 0x83, 0x7e, 0x7a, 0x7a, 0x7e, 0x7e, 0x7e, 0x83, 0x81, 0x83, 0x83, 0x83, 0x83, 0x83, 0x83, 0x81, 0x7a, 0x7e, 0x7c, 0x77, 0x7a, 0x7e, 0x7c, 0x7a, 0x81, 0x7e, 0x7e, 0x7a, 0x7c, 0x7a, 0x7c, 0x77, 0x7a, 0x7e, 0x77, 
  0xa3, 0xa5, 0xa3, 0xa3, 0xa3, 0xa3, 0xa3, 0xa3, 0xa3, 0xa3, 0xa0, 0xa0, 0xa0, 0xa0, 0xa0, 0xa0, 0xa3, 0xa0, 0xa0, 0xa0, 0xa0, 0xa0, 0xa3, 0xa3, 0xa0, 0xa0, 0xa3, 0xa3, 0xa3, 0xa3, 0xa0, 0xa3, 0xa3, 0xa3, 0xa0, 0xa3, 0xa0, 0xa3, 0xa3, 0xa0, 0xa0, 0xa0, 0xa0, 0xa0, 0xa0, 0xa0, 0x9c, 0x9c, 0x9c, 0x9c, 0xa0, 0xa0, 0xa0, 0xa0, 0x9c, 0x9c, 0x9c, 0x9c, 0x99, 0x9c, 0x99, 0x97, 0x99, 0x97, 0x97, 0x93, 0x90, 0x91, 0x90, 0x90, 0x93, 0x93, 0x97, 0x93, 0x93, 0x99, 0x97, 0x97, 0x99, 0x9c, 0x99, 0x99, 0x9c, 0x9c, 0x99, 0x93, 0x9c, 0x9c, 0x99, 0x9c, 0x99, 0x9c, 0x9c, 0x9c, 0xa0, 0x9c, 0x9c, 0x9c, 0x9c, 0x9c, 0x99, 0x9c, 0x9c, 0x9f, 0x1c, 0x13, 0x0e, 0x0d, 0x08, 0x05, 0x02, 0x73, 0x02, 0x02, 0x6c, 0x6c, 0x00, 0x00, 0x00, 0x00, 0x00, 0x00, 0x61, 0x61, 0x00, 0x61, 0x61, 0x61, 0x00, 0x5e, 0x59, 0x59, 0x59, 0x59, 0x59, 0x59, 0x5e, 0x61, 0x5e, 0x5e, 0x5e, 0x61, 0x00, 0x00, 0x01, 0x6c, 0x6c, 0x6c, 0x02, 0x05, 0x05, 0x09, 0x09, 0x09, 0x09, 0x0e, 0x12, 0x13, 0x13, 0x13, 0x18, 0x18, 0x18, 0x8d, 0x1c, 0x1e, 0x22, 0x25, 0x2c, 0x3e, 0x4c, 0xc1, 0xc1, 0xbf, 0xbd, 0xbe, 0xc1, 0xc1, 0xc1, 0xc0, 0xc0, 0xc0, 0xc0, 0xc0, 0xbf, 0xc0, 0xbf, 0xbf, 0xbe, 0xbe, 0xba, 0xd3, 0xb0, 0xaf, 0xd4, 0xb5, 0xb3, 0xb0, 0xb0, 0xb5, 0xb7, 0xb5, 0xb0, 0xd4, 0xd4, 0xb0, 0xb0, 0xb0, 0xb0, 0xb0, 0xd1, 0xd1, 0xb0, 0xb0, 0xb5, 0xb0, 0xb5, 0xb5, 0xb5, 0xd2, 0xb5, 0xd3, 0x98, 0xcc, 0xd3, 0xd3, 0xd3, 0xd3, 0xd3, 0xd3, 0xd3, 0xd3, 0xd3, 0xd3, 0xce, 0xcf, 0xb0, 0xd4, 0xd4, 0xd4, 0xd4, 0xd4, 0xd4, 0xce, 0xd3, 0xd4, 0xd4, 0xd4, 0xd4, 0xd3, 0xd4, 0xd0, 0xd0, 0xd0, 0xd0, 0xd0, 0xd4, 0xd4, 0xd4, 0xd4, 0xd4, 0xd3, 0xd4, 0xd4, 0xd4, 0xd4, 0xd4, 0xd4, 0xaf, 0xd1, 0xbe, 0xbc, 0x43, 0x3f, 0x45, 0x4b, 0xbe, 0x4a, 0x46, 0x3f, 0x42, 0x4a, 0xbe, 0xbe, 0xba, 0xd3, 0xd4, 0xd4, 0xd4, 0xd4, 0xce, 0xd3, 0xd3, 0xd4, 0xd4, 0xd4, 0xd4, 0xd3, 0xd3, 0xd3, 0xce, 0xd3, 0xd3, 0xd3, 0xd3, 0xd4, 0xd3, 0x87, 0x98, 0xbc, 0xbe, 0xbd, 0xbc, 0xba, 0xb7, 0xb7, 0xa3, 0xa0, 0xa0, 0x9c, 0xa0, 0xa0, 0x9c, 0xa0, 0xc9, 0x9c, 0x9c, 0x9c, 0x9c, 0xa0, 0xa3, 0x9c, 0x99, 0x90, 0x81, 0x83, 0x83, 0x81, 0x7e, 0x7e, 0x81, 0x81, 0x83, 0x7e, 0x7e, 0x7e, 0x83, 0x83, 0x81, 0x81, 0x7e, 0x7e, 0x7e, 0x7e, 0x7a, 0x7a, 0x7a, 0x7a, 0x7a, 0x81, 0x7e, 0x7a, 0x7c, 0x7a, 0x7c, 0x7e, 0x7e, 0x7e, 0x7e, 0x7e, 
  0xa0, 0xa3, 0xa3, 0xa3, 0xa5, 0xa3, 0xa3, 0xa3, 0xa3, 0xa3, 0xa0, 0xa0, 0xa0, 0xa0, 0xa0, 0xa0, 0xa3, 0xa0, 0xa0, 0xa0, 0xa0, 0xa3, 0xa3, 0xa3, 0xa0, 0xa0, 0xa3, 0xa3, 0xa0, 0xa0, 0xa0, 0xa3, 0xa5, 0xa3, 0xa0, 0xa3, 0xa3, 0xa3, 0xa0, 0xa0, 0xa0, 0xa0, 0xa3, 0xa0, 0xa0, 0xa0, 0xa0, 0x9c, 0x9c, 0x9c, 0x9c, 0xa0, 0xa0, 0x9c, 0xa0, 0xa0, 0x9c, 0x99, 0x99, 0x9c, 0x9c, 0x99, 0x97, 0x97, 0x97, 0x97, 0x93, 0x93, 0x90, 0x91, 0x93, 0x90, 0x93, 0x93, 0x93, 0x97, 0x97, 0x99, 0x9c, 0x99, 0x97, 0x97, 0x9c, 0x9c, 0x99, 0x97, 0x9c, 0x9c, 0x99, 0x9c, 0x9c, 0x9c, 0x9c, 0x9c, 0x9c, 0x9c, 0x9c, 0x9c, 0x99, 0x9c, 0x9c, 0x9c, 0x9c, 0x9d, 0x1c, 0x13, 0x0d, 0x7d, 0x08, 0x04, 0x02, 0x73, 0x02, 0x02, 0x6c, 0x6c, 0x6c, 0x68, 0x00, 0x00, 0x00, 0x00, 0x61, 0x61, 0x61, 0x5e, 0x5c, 0x61, 0x63, 0x5a, 0x59, 0x59, 0x59, 0x59, 0x5c, 0x61, 0x5e, 0x5e, 0x5c, 0x5e, 0x63, 0x61, 0x00, 0x00, 0x00, 0x6f, 0x6c, 0x6c, 0x6e, 0x74, 0x07, 0x09, 0x07, 0x09, 0x09, 0x0e, 0x13, 0x13, 0x13, 0x13, 0x18, 0x18, 0x8d, 0x8d, 0x1c, 0x1c, 0x21, 0x25, 0x28, 0x33, 0xba, 0xbf, 0xc1, 0xc0, 0xbd, 0xbe, 0xc0, 0xc1, 0xc0, 0xc1, 0xbf, 0xc0, 0xbf, 0xc0, 0xc0, 0xc0, 0xbe, 0xbe, 0xbf, 0xbf, 0xbd, 0xd2, 0xd4, 0xb0, 0xd4, 0xcf, 0xba, 0xb7, 0xb7, 0xb5, 0xb0, 0xd0, 0xd0, 0xd0, 0xd0, 0xb0, 0xb0, 0xb0, 0xd1, 0xb0, 0xb0, 0xd1, 0xb5, 0xd1, 0xb5, 0xb0, 0xb0, 0xd1, 0xd1, 0xb5, 0xb7, 0xb5, 0xcb, 0x98, 0xd3, 0xd3, 0xd3, 0xd3, 0xd3, 0xd3, 0xd3, 0xd3, 0xd3, 0xd3, 0xd3, 0xce, 0xb0, 0xd0, 0xcf, 0xd4, 0xd4, 0xd4, 0xd4, 0xd4, 0xd4, 0xce, 0xd4, 0xd4, 0xd4, 0xd4, 0xd4, 0xd0, 0xd0, 0xd4, 0xcf, 0xd0, 0xd4, 0xd4, 0xd4, 0xd0, 0xd4, 0xd4, 0xd4, 0xd4, 0xd4, 0xd4, 0xd4, 0xd4, 0xd0, 0xb5, 0xbb, 0xbd, 0xbb, 0x43, 0x3d, 0x44, 0x45, 0x45, 0x3f, 0x3c, 0x45, 0x4a, 0xbf, 0xbe, 0xbc, 0xd1, 0xcd, 0xd4, 0xd4, 0xce, 0xd3, 0xd4, 0xd3, 0xd3, 0xd4, 0xd4, 0xd4, 0xd3, 0xd4, 0xd3, 0xcb, 0xd3, 0xd3, 0xd4, 0xd1, 0xb7, 0xb7, 0xac, 0xac, 0xba, 0xbd, 0xbe, 0xbc, 0xba, 0xba, 0xb5, 0xa3, 0xa0, 0xa0, 0xa0, 0xa3, 0xa0, 0xa0, 0xa0, 0xa0, 0x9c, 0x9c, 0x9c, 0x9c, 0x9c, 0xa0, 0x9c, 0x97, 0x90, 0x7e, 0x81, 0x83, 0x83, 0x7e, 0x7e, 0x7e, 0x83, 0x81, 0x7e, 0x7e, 0x7e, 0x83, 0x83, 0x83, 0x7e, 0x7a, 0x81, 0x81, 0x81, 0x83, 0x7c, 0x7a, 0x7c, 0x7c, 0x83, 0x7c, 0x7e, 0x7e, 0x7a, 0x7a, 0x83, 0x81, 0x83, 0x83, 0x89, 
  0xa3, 0xa3, 0xa3, 0xa3, 0xa3, 0xa3, 0xa3, 0xa3, 0xa3, 0xa3, 0xa0, 0xa0, 0xa0, 0xa0, 0xa0, 0xa0, 0xa3, 0xa0, 0xa0, 0xa3, 0xa3, 0xa3, 0xa3, 0xa3, 0xa3, 0xa3, 0xa3, 0xa3, 0xa3, 0xa0, 0xa3, 0xa3, 0xa3, 0xa3, 0xa0, 0xa3, 0xa3, 0xa5, 0xa3, 0xa0, 0xa0, 0xa3, 0xa3, 0xa3, 0xa0, 0xa0, 0xa0, 0x9c, 0x9c, 0x99, 0x9c, 0x9c, 0xa0, 0xa0, 0xa0, 0xa0, 0x9c, 0x9c, 0x9c, 0x9c, 0x99, 0x99, 0x99, 0x97, 0x97, 0x93, 0x93, 0x93, 0x90, 0x93, 0x93, 0x90, 0x93, 0x93, 0x93, 0x97, 0x93, 0x97, 0x99, 0x9c, 0x99, 0x97, 0x9c, 0x9c, 0x9c, 0x9c, 0x9c, 0x9c, 0x99, 0x99, 0x9c, 0x9c, 0x9c, 0x9c, 0x9c, 0x9c, 0x9c, 0x9c, 0x9c, 0x9c, 0x9c, 0x9c, 0x9c, 0xa0, 0x94, 0x13, 0x82, 0x80, 0x07, 0x05, 0x05, 0x73, 0x02, 0x02, 0x6c, 0x6f, 0x6c, 0x6c, 0x00, 0x00, 0x00, 0x00, 0x61, 0x61, 0x63, 0x5e, 0x61, 0x61, 0x5e, 0x5a, 0x59, 0x59, 0x59, 0x59, 0x5c, 0x5e, 0x5c, 0x5e, 0x5c, 0x61, 0x61, 0x61, 0x63, 0x61, 0x00, 0x6c, 0x6c, 0x00, 0x6e, 0x02, 0x05, 0x09, 0x78, 0x09, 0x09, 0x0e, 0x0e, 0x12, 0x12, 0x13, 0x13, 0x8d, 0x8d, 0x8d, 0x1c, 0x1c, 0x1e, 0x22, 0x28, 0x2c, 0x3e, 0xbe, 0xc1, 0xc1, 0xbf, 0xbd, 0xbf, 0xc0, 0xc0, 0xc1, 0xc0, 0xc0, 0xbf, 0xc0, 0xbf, 0xc0, 0xbe, 0xbe, 0xbe, 0xbe, 0xbe, 0xbc, 0xd0, 0xb0, 0xd0, 0xd4, 0xb5, 0xb7, 0xb0, 0xd0, 0xd0, 0xb0, 0xb0, 0xb0, 0xb0, 0xb0, 0xb0, 0xb0, 0xb0, 0xd4, 0xb0, 0xd1, 0xb5, 0xd1, 0xb0, 0xb0, 0xb0, 0xb0, 0xd0, 0xaf, 0xb5, 0xb7, 0xb0, 0x98, 0xca, 0xd3, 0xd3, 0xd3, 0xd3, 0xd3, 0xd3, 0xd3, 0xd3, 0xd3, 0xd3, 0xd3, 0xd4, 0xb0, 0xd0, 0xd0, 0xd4, 0xce, 0xd4, 0xd4, 0xd4, 0xd4, 0xd4, 0xd4, 0xce, 0xd4, 0xd4, 0xcf, 0xd4, 0xd4, 0xd0, 0xcf, 0xd4, 0xce, 0xd4, 0xd0, 0xcf, 0xd4, 0xd3, 0xcd, 0xd4, 0xd4, 0xd4, 0xd4, 0xd4, 0xd4, 0xd4, 0xba, 0xbc, 0xba, 0x48, 0x42, 0x3c, 0x3c, 0x3c, 0x3f, 0x48, 0xbf, 0xc1, 0xc0, 0xbe, 0xd2, 0xd3, 0xd4, 0xd4, 0xd3, 0xd3, 0xd4, 0xce, 0xcd, 0xcc, 0xd3, 0xd3, 0xd3, 0xce, 0xce, 0xd3, 0xd4, 0xb0, 0xba, 0xbc, 0xbc, 0x4a, 0x48, 0x46, 0xbb, 0xbd, 0xbd, 0xbc, 0xbc, 0xba, 0xac, 0xa0, 0xa0, 0xa0, 0xa0, 0xa0, 0xa0, 0xa0, 0x9c, 0xa0, 0x9c, 0x9c, 0x9c, 0x9c, 0x9c, 0x9c, 0x93, 0x90, 0x90, 0x83, 0x81, 0x7e, 0x83, 0x81, 0x7e, 0x7e, 0x83, 0x81, 0x83, 0x83, 0x83, 0x86, 0x86, 0x7e, 0x89, 0x7e, 0x81, 0x81, 0x81, 0x83, 0x7e, 0x7e, 0x7e, 0x7a, 0x7c, 0x7e, 0x7c, 0x81, 0x7e, 0x7e, 0x7a, 0x83, 0x83, 0x83, 0x89, 
  0xa3, 0xa3, 0xa3, 0xa3, 0xa3, 0xa3, 0xa3, 0xa3, 0xa3, 0xa0, 0xa3, 0xa3, 0xa3, 0xa3, 0xa0, 0xa0, 0xa3, 0xa0, 0xa0, 0xa3, 0xa3, 0xa0, 0xa0, 0xa3, 0xa3, 0xa3, 0xa3, 0xa3, 0xa3, 0xa3, 0xa3, 0xa3, 0xa3, 0xa3, 0xa3, 0xa3, 0xa3, 0xa5, 0xa0, 0xa0, 0xa0, 0xa3, 0xa3, 0xa3, 0xa3, 0xa0, 0xa0, 0x9c, 0x9c, 0x9c, 0x99, 0x9c, 0x9c, 0x9c, 0x9c, 0x9c, 0x9c, 0x9c, 0x9c, 0x99, 0x97, 0x99, 0x99, 0x99, 0x93, 0x93, 0x93, 0x90, 0x91, 0x97, 0x91, 0x91, 0x91, 0x93, 0x97, 0x99, 0x97, 0x93, 0x93, 0x99, 0x9c, 0x9c, 0x99, 0x99, 0x97, 0x99, 0x99, 0x99, 0x9c, 0x99, 0x9c, 0x9c, 0x9c, 0x9c, 0x9c, 0x9c, 0x9c, 0x9c, 0x9c, 0x9c, 0x9c, 0x9c, 0x9c, 0xa3, 0x95, 0x8d, 0x13, 0x0e, 0x09, 0x05, 0x05, 0x05, 0x73, 0x6f, 0x6e, 0x6c, 0x6c, 0x6c, 0x6c, 0x66, 0x00, 0x00, 0x00, 0x61, 0x61, 0x63, 0x63, 0x63, 0x5e, 0x5c, 0x5e, 0x59, 0x5c, 0x5c, 0x5c, 0x5c, 0x59, 0x5c, 0x61, 0x61, 0x61, 0x61, 0x63, 0x61, 0x61, 0x63, 0x01, 0x6c, 0x6e, 0x74, 0x05, 0x05, 0x09, 0x09, 0x09, 0x0d, 0x0d, 0x0d, 0x0e, 0x13, 0x13, 0x13, 0x8d, 0x1c, 0x1c, 0x1c, 0x1e, 0x22, 0x25, 0x2a, 0x35, 0xbb, 0xc0, 0xc1, 0xc0, 0xbe, 0xbe, 0xc1, 0xc0, 0xc0, 0xbf, 0xc0, 0xbf, 0xc0, 0xc0, 0xc0, 0xbf, 0xbf, 0xbe, 0xbe, 0xbe, 0xbe, 0xb5, 0xd4, 0xb0, 0xd4, 0xd0, 0xb0, 0xd0, 0xd0, 0xd0, 0xb0, 0xb0, 0xb0, 0xb0, 0xb0, 0xb0, 0xb0, 0xd1, 0xb0, 0xb0, 0xb0, 0xb0, 0xb0, 0xb0, 0xb0, 0xb0, 0xb5, 0xb0, 0xb0, 0xb0, 0xb5, 0xb7, 0xcc, 0xc8, 0xcc, 0xd3, 0xd3, 0xd3, 0xd3, 0xd3, 0xd3, 0xd3, 0xd3, 0xd3, 0xd3, 0xce, 0xd0, 0xb0, 0xd4, 0xd0, 0xd4, 0xd4, 0xd4, 0xd4, 0xd0, 0xd4, 0xd4, 0xd4, 0xd4, 0xd4, 0xd4, 0xd0, 0xd4, 0xd4, 0xd0, 0xd0, 0xd4, 0xd4, 0xd4, 0xd4, 0xd4, 0xce, 0xd3, 0xd3, 0xd3, 0xd3, 0xd4, 0xd3, 0xd3, 0xb0, 0xba, 0xbe, 0xbe, 0xbe, 0x4c, 0x49, 0x49, 0x49, 0x4b, 0x4d, 0xc1, 0xc1, 0xbf, 0xba, 0xd3, 0xcd, 0xce, 0xd4, 0xd4, 0xcd, 0xd3, 0xd3, 0xcb, 0x98, 0xca, 0xcd, 0xcb, 0xcd, 0xd4, 0xb0, 0xba, 0xbb, 0xbe, 0xbe, 0xbb, 0xba, 0x48, 0xb8, 0x4a, 0xbd, 0xbd, 0xbc, 0xbb, 0xb0, 0xa5, 0xa0, 0xa0, 0xa0, 0xa0, 0xa0, 0xa0, 0xa0, 0xa0, 0xa0, 0x9c, 0x9c, 0xa0, 0x9c, 0x9c, 0x9c, 0x97, 0x90, 0x8c, 0x7e, 0x83, 0x7a, 0x7e, 0x83, 0x7e, 0x7e, 0x83, 0x81, 0x83, 0x83, 0x7e, 0x81, 0x81, 0x81, 0x83, 0x81, 0x7e, 0x7e, 0x81, 0x83, 0x86, 0x8c, 0x81, 0x7a, 0x7a, 0x7e, 0x7a, 0x81, 0x83, 0x75, 0x72, 0x83, 0x7e, 0x7e, 0x7e, 
  0xa3, 0xa5, 0xa3, 0xa3, 0xa0, 0xa0, 0xa0, 0xa0, 0xa3, 0xa3, 0xa5, 0xa3, 0xa0, 0xa0, 0xa0, 0xa0, 0xa0, 0xa0, 0xa0, 0xa0, 0xa3, 0xa0, 0xa0, 0xa0, 0xa3, 0xa3, 0xa0, 0xa0, 0xa3, 0xa3, 0xa3, 0xa3, 0xa3, 0xa3, 0xa0, 0xa0, 0xa3, 0xa3, 0xa0, 0xa0, 0xa0, 0xa0, 0xa0, 0xa0, 0xa3, 0xa0, 0x9c, 0x9c, 0x9c, 0x9c, 0x99, 0x99, 0x9c, 0x9c, 0x99, 0x9c, 0x9c, 0x9c, 0x9c, 0x99, 0x99, 0x99, 0x99, 0x97, 0x93, 0x97, 0x97, 0x90, 0x93, 0x93, 0x91, 0x97, 0x93, 0x93, 0x93, 0x97, 0x97, 0x93, 0x93, 0x99, 0x9c, 0x9c, 0x93, 0x93, 0x93, 0x99, 0x97, 0x99, 0x99, 0x9c, 0x9c, 0x9c, 0x99, 0x9c, 0xa0, 0xa0, 0x9c, 0x99, 0x9c, 0x9c, 0x9c, 0x9c, 0xc9, 0xa3, 0x9b, 0x8f, 0x13, 0x0e, 0x09, 0x07, 0x03, 0x05, 0x04, 0x02, 0x6f, 0x6c, 0x6c, 0x6c, 0x6c, 0x6c, 0x00, 0x00, 0x00, 0x00, 0x61, 0x00, 0x63, 0x5e, 0x61, 0x5c, 0x5e, 0x5e, 0x61, 0x61, 0x5c, 0x5c, 0x59, 0x5c, 0x5e, 0x5c, 0x5c, 0x5e, 0x63, 0x00, 0x61, 0x00, 0x00, 0x6e, 0x02, 0x02, 0x02, 0x05, 0x09, 0x09, 0x0d, 0x0e, 0x0e, 0x0d, 0x7f, 0x13, 0x18, 0x18, 0x8d, 0x1c, 0x94, 0x1c, 0x1e, 0x9a, 0x24, 0x28, 0xa6, 0x41, 0xbe, 0xc1, 0xc1, 0xc0, 0xbe, 0xbf, 0xc0, 0xbf, 0xc0, 0xc0, 0xc0, 0xc0, 0xbf, 0xbf, 0xbf, 0xbf, 0xbe, 0xbf, 0xbe, 0xbe, 0xbc, 0xd0, 0xd4, 0xb0, 0xb0, 0xb0, 0xd1, 0xb0, 0xb0, 0xb0, 0xb0, 0xb0, 0xb0, 0xd1, 0xb0, 0xb0, 0xd1, 0xb0, 0xb0, 0xb0, 0xb0, 0xb0, 0xb0, 0xb0, 0xb0, 0xb5, 0xd1, 0xb0, 0xb0, 0xb0, 0xb5, 0xb0, 0x9c, 0x98, 0xd3, 0xd3, 0xd3, 0xd3, 0xd3, 0xd3, 0xd3, 0xd3, 0xd3, 0xd3, 0xd3, 0xd3, 0xd0, 0xd0, 0xd4, 0xd4, 0xd0, 0xd4, 0xd4, 0xd4, 0xd4, 0xd4, 0xd4, 0xd4, 0xd4, 0xd4, 0xd4, 0xd4, 0xcf, 0xd0, 0xd4, 0xd4, 0xd0, 0xd4, 0xd4, 0xd4, 0xd4, 0xd4, 0xd3, 0xcd, 0xd3, 0xd3, 0xd3, 0xd3, 0xd4, 0xd2, 0xbe, 0xc0, 0xc0, 0xc0, 0xc0, 0xc0, 0xc0, 0xc0, 0xc1, 0xc1, 0xbe, 0xb9, 0xb0, 0xd3, 0xcd, 0xcd, 0xce, 0xd3, 0xca, 0xd4, 0xd4, 0xd4, 0xcb, 0xca, 0xd3, 0xcb, 0xd3, 0xb9, 0xbc, 0xbe, 0xbd, 0xbe, 0xbe, 0xbb, 0x48, 0x4a, 0x4a, 0xbe, 0xbd, 0xbc, 0xbc, 0xb5, 0xcd, 0xa3, 0xa3, 0x9c, 0xa0, 0x9c, 0x9c, 0xa0, 0xa0, 0xa0, 0xa0, 0xa0, 0xa0, 0xa0, 0x9c, 0x9c, 0x99, 0x99, 0x91, 0x89, 0x81, 0x83, 0x7e, 0x7e, 0x7e, 0x83, 0x83, 0x7e, 0x7e, 0x81, 0x7e, 0x81, 0x7e, 0x81, 0x7e, 0x83, 0x86, 0x81, 0x7e, 0x7e, 0x83, 0x7e, 0x83, 0x83, 0x81, 0x83, 0x83, 0x7c, 0x7e, 0x7e, 0x75, 0x7c, 0x83, 0x7e, 0x7e, 0x7e, 
  0xa3, 0xa3, 0xa5, 0xa5, 0xa3, 0xa3, 0xa0, 0xa3, 0xa3, 0xa3, 0xa3, 0xa3, 0xa3, 0xa0, 0xa0, 0xa0, 0xa0, 0xa0, 0xa0, 0xa0, 0xa0, 0xa0, 0xa0, 0xa0, 0xa3, 0xa3, 0xa0, 0xa0, 0xa3, 0xa3, 0xa3, 0xa3, 0xa3, 0xa3, 0xa3, 0xa3, 0xa0, 0xa0, 0xa3, 0xa0, 0xa0, 0xa0, 0xa0, 0xa0, 0xa3, 0xa0, 0xa0, 0x9c, 0x9c, 0x99, 0x97, 0x97, 0x97, 0x9c, 0x99, 0x9c, 0x9c, 0x9c, 0x99, 0x9c, 0x99, 0x99, 0x97, 0x97, 0x93, 0x93, 0x93, 0x91, 0x93, 0x93, 0x91, 0x91, 0x90, 0x91, 0x97, 0x93, 0x93, 0x93, 0x93, 0x99, 0x9c, 0x9c, 0x97, 0x97, 0x93, 0x99, 0x9c, 0x9c, 0x99, 0x9c, 0x9c, 0x9c, 0x9c, 0x9c, 0x9c, 0x9c, 0x9c, 0x9c, 0x9c, 0x9c, 0x9c, 0x9c, 0x9c, 0xa0, 0x9d, 0x8f, 0x13, 0x0e, 0x7f, 0x09, 0x78, 0x73, 0x78, 0x02, 0x6c, 0x02, 0x6c, 0x02, 0x6c, 0x6c, 0x6c, 0x68, 0x00, 0x00, 0x00, 0x00, 0x61, 0x5c, 0x5e, 0x5c, 0x5e, 0x5e, 0x61, 0x5e, 0x5e, 0x5e, 0x5c, 0x5c, 0x5c, 0x5c, 0x5c, 0x61, 0x61, 0x63, 0x61, 0x00, 0x01, 0x6e, 0x6c, 0x02, 0x74, 0x05, 0x09, 0x09, 0x0d, 0x0e, 0x0e, 0x0e, 0x0e, 0x13, 0x13, 0x13, 0x8d, 0x8d, 0x1c, 0x1c, 0x94, 0x1e, 0x22, 0x25, 0x2a, 0xab, 0x4a, 0xc1, 0xc1, 0xc1, 0xbf, 0xbe, 0xb7, 0xbe, 0xc0, 0xc0, 0xbf, 0xc0, 0xbf, 0xc0, 0xc0, 0xbf, 0xbe, 0xbe, 0xbe, 0xbe, 0xbe, 0xb7, 0xd4, 0xb0, 0xb5, 0xb0, 0xb0, 0xd0, 0xb0, 0xb0, 0xb0, 0xb0, 0xb0, 0xd4, 0xd4, 0xce, 0xd4, 0xb0, 0xb5, 0xb0, 0xb3, 0xb0, 0xb0, 0xb0, 0xb5, 0xb5, 0xd1, 0xb0, 0xb0, 0xb0, 0xb5, 0xb7, 0xa8, 0x9e, 0xca, 0xd3, 0xd3, 0xd3, 0xd3, 0xd3, 0xd3, 0xd3, 0xd3, 0xd3, 0xd3, 0xcc, 0xd3, 0xb0, 0xb0, 0xd0, 0xd4, 0xd4, 0xd4, 0xd4, 0xd4, 0xd4, 0xd4, 0xd4, 0xd4, 0xce, 0xcd, 0xcc, 0xd4, 0xce, 0xd3, 0xcc, 0xd3, 0xce, 0xce, 0xd4, 0xd4, 0xd4, 0xd4, 0xce, 0xcd, 0xcd, 0xd3, 0xd4, 0xce, 0xd1, 0xbc, 0xbe, 0xbf, 0xc0, 0xbf, 0xc0, 0xbf, 0xbe, 0xbc, 0xba, 0xb5, 0xd4, 0xd4, 0xd3, 0xce, 0xca, 0xcb, 0xd4, 0xd4, 0xd3, 0xd3, 0xcd, 0xd3, 0xd4, 0xb5, 0xb7, 0xba, 0xbe, 0xbe, 0xbe, 0xbe, 0xbe, 0xbd, 0x4a, 0xbc, 0x4a, 0x4a, 0xbd, 0xbc, 0xba, 0xb0, 0xcb, 0xa3, 0x9c, 0xa5, 0xa0, 0xa0, 0xa0, 0xa0, 0xa0, 0xa0, 0xa0, 0xa0, 0xa0, 0xa0, 0xa0, 0x9c, 0x99, 0x97, 0x97, 0x90, 0x8c, 0x8c, 0x89, 0x89, 0x81, 0x7e, 0x7e, 0x83, 0x83, 0x81, 0x7e, 0x7e, 0x83, 0x83, 0x83, 0x83, 0x81, 0x84, 0x7e, 0x81, 0x7e, 0x81, 0x7e, 0x7e, 0x83, 0x7e, 0x7e, 0x81, 0x77, 0x7a, 0x7a, 0x7a, 0x7e, 0x7c, 0x83, 0x7e, 0x7a, 
  0xa3, 0xa3, 0xa3, 0xa3, 0xa3, 0xa3, 0xa3, 0xa3, 0xa0, 0xa3, 0xa3, 0xa3, 0xa3, 0xa0, 0xa0, 0xa0, 0xa3, 0xa3, 0xa0, 0xa0, 0xa0, 0xa0, 0xa3, 0xa0, 0xa3, 0xa3, 0xa3, 0xa3, 0xa3, 0xa3, 0xa3, 0xa3, 0xa3, 0xa3, 0xa3, 0xa3, 0xa3, 0xa3, 0xa0, 0xa0, 0xa3, 0xa0, 0x9c, 0xa0, 0xa3, 0xa3, 0xa0, 0x9c, 0x99, 0x93, 0x93, 0x93, 0x97, 0x99, 0x9c, 0x9c, 0x9c, 0x99, 0x99, 0x99, 0x9c, 0x99, 0x97, 0x97, 0x97, 0x97, 0x93, 0x93, 0x97, 0x93, 0x91, 0x90, 0x90, 0x93, 0x97, 0x93, 0x93, 0x97, 0x97, 0x99, 0x9c, 0x9c, 0x99, 0x99, 0x97, 0x9c, 0x99, 0x9c, 0x9c, 0x9c, 0x99, 0x99, 0x9c, 0x9c, 0x9c, 0x9c, 0x9c, 0x9c, 0x9c, 0x9c, 0x9c, 0x9c, 0x9c, 0x9c, 0x9d, 0x92, 0x13, 0x12, 0x7f, 0x09, 0x78, 0x73, 0x05, 0x73, 0x02, 0x02, 0x6f, 0x6c, 0x6c, 0x6c, 0x6c, 0x68, 0x00, 0x00, 0x00, 0x00, 0x61, 0x5c, 0x5c, 0x5c, 0x5e, 0x5e, 0x5c, 0x5c, 0x5e, 0x61, 0x5e, 0x59, 0x5c, 0x5c, 0x5c, 0x5c, 0x5c, 0x5e, 0x61, 0x63, 0x6e, 0x6e, 0x02, 0x02, 0x74, 0x05, 0x09, 0x09, 0x09, 0x7f, 0x7f, 0x0e, 0x12, 0x0e, 0x13, 0x13, 0x13, 0x13, 0x8d, 0x1c, 0x94, 0x1e, 0x21, 0x22, 0x27, 0x2c, 0xb8, 0xc0, 0xc1, 0xc1, 0xc1, 0xbe, 0xd1, 0xbe, 0xc1, 0xc0, 0xc0, 0xc0, 0xc0, 0xbf, 0xbf, 0xbf, 0xbe, 0xbe, 0xbe, 0xbe, 0xbe, 0xbc, 0xd4, 0xd4, 0xd1, 0xd4, 0xd4, 0xd4, 0xd4, 0xb0, 0xb0, 0xaf, 0xd4, 0xd3, 0xd4, 0xac, 0xd4, 0xb0, 0xb0, 0xb0, 0xb0, 0xb0, 0xb0, 0xb0, 0xb5, 0xb0, 0xb0, 0xb0, 0xb0, 0xb0, 0xb5, 0xd2, 0xb5, 0xcc, 0x98, 0xcc, 0xd3, 0xd3, 0xd3, 0xd3, 0xd3, 0xd3, 0xd3, 0xd3, 0xd3, 0xd3, 0xd3, 0xaf, 0xb0, 0xd0, 0xd4, 0xd4, 0xd4, 0xd4, 0xd4, 0xd4, 0xd0, 0xd0, 0xd4, 0xd4, 0xd3, 0xcb, 0xcd, 0xc9, 0xcb, 0x9e, 0xcb, 0xd3, 0xcd, 0xd3, 0xd4, 0xd4, 0xcf, 0xd4, 0xca, 0xcc, 0xcd, 0xd3, 0xd4, 0xd4, 0xb7, 0xb9, 0xc0, 0xc0, 0xc0, 0xbe, 0xba, 0xb7, 0xd1, 0xd4, 0xd4, 0xd4, 0xd4, 0xd4, 0xd3, 0xca, 0xca, 0xcd, 0xd3, 0xd3, 0xcd, 0xd3, 0xb0, 0xb7, 0xbd, 0xbe, 0xbd, 0xbe, 0xbd, 0xbe, 0xbe, 0xbe, 0xbc, 0xbb, 0xbb, 0xbc, 0xbc, 0xba, 0xb7, 0xaf, 0xa5, 0xa0, 0xa3, 0xa0, 0xa3, 0x9c, 0x9c, 0x9c, 0x9c, 0x9c, 0xa0, 0xa0, 0x9c, 0xc9, 0xa0, 0x9c, 0x99, 0x97, 0x84, 0x90, 0x89, 0x90, 0x90, 0x89, 0x89, 0x83, 0x81, 0x7e, 0x81, 0x83, 0x7e, 0x7e, 0x7e, 0x83, 0x86, 0x86, 0x89, 0x83, 0x7e, 0x7c, 0x89, 0x81, 0x83, 0x81, 0x7e, 0x83, 0x7e, 0x77, 0x7a, 0x7e, 0x7e, 0x7e, 0x83, 0x7e, 0x7a, 0x81, 0x7e, 0x7e, 
  0xa3, 0xa3, 0xa3, 0xa3, 0xa3, 0xa3, 0xa3, 0xa3, 0xa3, 0xa3, 0xa3, 0xa3, 0xa3, 0xa3, 0xa0, 0xa0, 0xa0, 0xa0, 0xa0, 0xa0, 0xa0, 0xa0, 0xa0, 0xa0, 0xa3, 0xa3, 0xa0, 0xa3, 0xa3, 0xa3, 0xa0, 0xa0, 0xa3, 0xa3, 0xa3, 0xa3, 0xa3, 0xa3, 0xa0, 0xa3, 0xa3, 0xa0, 0xa0, 0xa0, 0xa3, 0xa3, 0xa0, 0x9c, 0x99, 0x99, 0x97, 0x97, 0x97, 0x99, 0x9c, 0x9c, 0x9c, 0x9c, 0x9c, 0x99, 0x97, 0x97, 0x93, 0x97, 0x97, 0x99, 0x97, 0x93, 0x97, 0x97, 0x90, 0x90, 0x91, 0x97, 0x93, 0x93, 0x93, 0x93, 0x97, 0x99, 0x9c, 0x9c, 0x99, 0x97, 0x99, 0x9c, 0x99, 0x9c, 0x9c, 0x9c, 0x99, 0x9c, 0x99, 0x99, 0x99, 0x9c, 0x9c, 0x9c, 0x9c, 0x9c, 0x9c, 0x9c, 0x9c, 0x9c, 0x9c, 0x92, 0x15, 0x13, 0x0e, 0x08, 0x05, 0x73, 0x73, 0x73, 0x02, 0x02, 0x02, 0x6c, 0x6c, 0x6c, 0x6c, 0x00, 0x00, 0x00, 0x00, 0x63, 0x61, 0x5c, 0x5c, 0x5c, 0x5e, 0x5e, 0x5c, 0x5c, 0x5e, 0x61, 0x5c, 0x5c, 0x5c, 0x61, 0x5e, 0x5c, 0x5e, 0x5e, 0x61, 0x00, 0x00, 0x6e, 0x6f, 0x6f, 0x02, 0x02, 0x05, 0x09, 0x09, 0x09, 0x09, 0x7f, 0x82, 0x82, 0x12, 0x13, 0x13, 0x13, 0x15, 0x8d, 0x1c, 0x1e, 0x9a, 0x22, 0x27, 0x2a, 0x3b, 0x4c, 0xc1, 0xc1, 0xc1, 0xbe, 0xbd, 0xc0, 0xc0, 0xc1, 0xbf, 0xc0, 0xbf, 0xc0, 0xbf, 0xbf, 0xbf, 0xbe, 0xbe, 0xbe, 0xbe, 0xbe, 0xd2, 0xce, 0xd0, 0xd4, 0xd4, 0xd4, 0xd0, 0xb0, 0xb0, 0xd4, 0xa8, 0xac, 0xd4, 0xb0, 0xb0, 0xb0, 0xb0, 0xb0, 0xb0, 0xb0, 0xb0, 0xd1, 0xd1, 0xb0, 0xb0, 0xb0, 0xb0, 0xb0, 0xb0, 0xb5, 0xb5, 0xb0, 0xca, 0xca, 0xd3, 0xd3, 0xd3, 0xd3, 0xd3, 0xd3, 0xd3, 0xd3, 0xd3, 0xd3, 0xd3, 0xce, 0xb0, 0xd0, 0xd4, 0xd4, 0xd4, 0xd4, 0xd4, 0xcf, 0xcf, 0xd0, 0xd0, 0xd4, 0xd4, 0xd3, 0xcc, 0xc8, 0x98, 0x9e, 0xca, 0xcc, 0xd3, 0xd3, 0xce, 0xd4, 0xd4, 0xce, 0xc9, 0xcc, 0xd3, 0xce, 0xd4, 0xd4, 0xb0, 0xb7, 0xbe, 0xbe, 0xbc, 0xd2, 0xb0, 0xd4, 0xd4, 0xcf, 0xd4, 0xd4, 0xd4, 0xd4, 0xce, 0xd3, 0xca, 0x9e, 0xcb, 0xd4, 0xb5, 0xb7, 0xb8, 0x4a, 0xbe, 0xbe, 0xbe, 0xbe, 0xbe, 0xbe, 0xbe, 0xbd, 0xbc, 0xba, 0xb8, 0xbb, 0xba, 0xb5, 0xd3, 0xa5, 0xa3, 0xa0, 0xa3, 0xa0, 0xa3, 0xa0, 0xa0, 0x9c, 0x9c, 0x9c, 0x9c, 0x9c, 0x9c, 0x9c, 0xa0, 0x9c, 0x99, 0x93, 0x83, 0x83, 0x86, 0x89, 0x90, 0x89, 0x89, 0x86, 0x83, 0x83, 0x81, 0x7e, 0x7c, 0x7e, 0x7e, 0x7e, 0x83, 0x83, 0x84, 0x81, 0x7c, 0x7e, 0x83, 0x7e, 0x83, 0x81, 0x7e, 0x81, 0x81, 0x75, 0x7a, 0x83, 0x83, 0x83, 0x89, 0x7e, 0x7e, 0x7e, 0x81, 0x81, 
  0xa3, 0xa3, 0xa3, 0xa3, 0xa3, 0xa3, 0xa3, 0xa3, 0xa3, 0xa3, 0xa3, 0xa3, 0xa3, 0xa3, 0xa3, 0xa0, 0xa0, 0xa0, 0xa0, 0xa0, 0xa0, 0xa0, 0xa0, 0xa0, 0xa3, 0xa3, 0xa3, 0xa0, 0xa3, 0xa3, 0xa3, 0xa0, 0xa3, 0xa3, 0xa3, 0xa3, 0xa3, 0xa0, 0xa0, 0xa3, 0xa3, 0xa3, 0xa3, 0xa3, 0xa3, 0xa0, 0xa0, 0x9c, 0x99, 0x99, 0x9c, 0x97, 0x93, 0x99, 0x99, 0x9c, 0x9c, 0x9c, 0x9c, 0x99, 0x99, 0x97, 0x99, 0x99, 0x97, 0x97, 0x99, 0x97, 0x93, 0x91, 0x91, 0x90, 0x91, 0x97, 0x93, 0x93, 0x93, 0x93, 0x97, 0x99, 0x9c, 0x9c, 0x97, 0x93, 0x97, 0x99, 0x99, 0x9c, 0x9c, 0x99, 0x99, 0x9c, 0x9c, 0x9c, 0x9c, 0x9c, 0x9c, 0x9c, 0x9c, 0x9c, 0x9c, 0x9c, 0x9c, 0x9c, 0xa0, 0x95, 0x8f, 0x13, 0x0e, 0x09, 0x05, 0x05, 0x73, 0x02, 0x02, 0x02, 0x6c, 0x6c, 0x6c, 0x6c, 0x6c, 0x68, 0x01, 0x00, 0x00, 0x63, 0x61, 0x5c, 0x5e, 0x61, 0x61, 0x59, 0x61, 0x61, 0x61, 0x5e, 0x5c, 0x61, 0x61, 0x61, 0x5c, 0x5e, 0x61, 0x61, 0x61, 0x00, 0x61, 0x6e, 0x6e, 0x6f, 0x02, 0x02, 0x02, 0x05, 0x05, 0x09, 0x09, 0x09, 0x0e, 0x0e, 0x0e, 0x13, 0x13, 0x13, 0x13, 0x18, 0x8f, 0x94, 0x9a, 0x9a, 0x22, 0x25, 0xa9, 0x48, 0xc0, 0xc1, 0xc1, 0xc0, 0xbe, 0xbe, 0xbf, 0xc0, 0xc0, 0xc0, 0xc0, 0xc0, 0xbf, 0xbf, 0xbf, 0xbf, 0xbe, 0xbe, 0xbe, 0xbe, 0xbc, 0xb5, 0xd4, 0xd0, 0xd4, 0xd0, 0xb0, 0xb0, 0xb0, 0xd4, 0xd3, 0xaf, 0xb0, 0xb5, 0xb0, 0xb0, 0xb0, 0xb0, 0xb0, 0xb0, 0xb0, 0xd1, 0xd1, 0xb0, 0xb0, 0xb0, 0xb0, 0xb0, 0xb0, 0xb0, 0xb5, 0xd2, 0xa8, 0x9e, 0xcb, 0xd3, 0xd3, 0xd3, 0xd3, 0xd3, 0xd3, 0xd3, 0xd3, 0xd3, 0xd3, 0xd3, 0xd4, 0xd0, 0xd4, 0xd4, 0xd4, 0xd4, 0xd4, 0xd4, 0xd4, 0xd4, 0xd0, 0xd4, 0xd4, 0xd3, 0xcb, 0xca, 0x9c, 0xc9, 0x9e, 0xcb, 0xcc, 0xce, 0xd4, 0xd4, 0xd4, 0xd3, 0xce, 0xd3, 0xcd, 0xd3, 0xd4, 0xd4, 0xd4, 0xd1, 0xd2, 0xb5, 0xd1, 0xd4, 0xcf, 0xd4, 0xd4, 0xd4, 0xd4, 0xcf, 0xd0, 0xd0, 0xd3, 0xcb, 0xcb, 0xc9, 0xd3, 0xb9, 0xbc, 0x48, 0x46, 0x46, 0x4a, 0xbe, 0xbe, 0xbe, 0xbe, 0xbe, 0xbe, 0xbc, 0xbc, 0xba, 0xba, 0xb7, 0xb0, 0xd3, 0xa3, 0xa3, 0xa3, 0xa0, 0xa3, 0xa0, 0xa0, 0xa0, 0xa0, 0xa0, 0x9c, 0x9c, 0xa0, 0x9c, 0x9c, 0x9c, 0x9c, 0x9c, 0x99, 0x93, 0x89, 0x83, 0x83, 0x86, 0x89, 0x89, 0x86, 0x83, 0x81, 0x83, 0x7e, 0x7c, 0x7e, 0x81, 0x83, 0x7e, 0x81, 0x7e, 0x83, 0x83, 0x7a, 0x7a, 0x7e, 0x7e, 0x7e, 0x7e, 0x7e, 0x7e, 0x81, 0x7c, 0x7e, 0x83, 0x83, 0x81, 0x81, 0x7e, 0x7e, 0x7e, 0x83, 0x7e, 
  0xa3, 0xa3, 0xa3, 0xa3, 0xa3, 0xa3, 0xa3, 0xa5, 0xa5, 0xa0, 0xa3, 0xa3, 0xa5, 0xa3, 0xa3, 0xa0, 0x9c, 0xa0, 0xa0, 0x9c, 0xa0, 0xa0, 0xa3, 0xa0, 0xa3, 0xa3, 0xa3, 0xa3, 0xa3, 0xa3, 0xa3, 0xa3, 0xa3, 0xa3, 0xa3, 0xa3, 0xa3, 0xa0, 0xa0, 0xa3, 0xa3, 0xa3, 0xa3, 0xa0, 0xa3, 0xa0, 0xa0, 0x9c, 0x9c, 0x99, 0x99, 0x97, 0x97, 0x99, 0x97, 0x9c, 0x9c, 0x9c, 0x9c, 0x9c, 0x99, 0x99, 0x99, 0x97, 0x97, 0x97, 0x97, 0x97, 0x97, 0x91, 0x93, 0x93, 0x91, 0x93, 0x97, 0x97, 0x97, 0x97, 0x97, 0x99, 0x99, 0x99, 0x97, 0x93, 0x97, 0x99, 0x99, 0x9c, 0x9c, 0x99, 0x9c, 0x9c, 0x9c, 0x9c, 0x9c, 0x9c, 0x9c, 0x9c, 0x9c, 0x9c, 0x9c, 0x9c, 0x9c, 0x9c, 0x9c, 0x95, 0x1c, 0x8d, 0x12, 0x09, 0x05, 0x05, 0x03, 0x73, 0x73, 0x73, 0x6c, 0x6c, 0x6c, 0x6c, 0x6c, 0x68, 0x6c, 0x00, 0x00, 0x61, 0x61, 0x5e, 0x61, 0x61, 0x5e, 0x5c, 0x61, 0x63, 0x61, 0x59, 0x5c, 0x63, 0x63, 0x5e, 0x5c, 0x5e, 0x61, 0x61, 0x00, 0x00, 0x00, 0x6e, 0x6e, 0x02, 0x02, 0x02, 0x03, 0x05, 0x05, 0x05, 0x05, 0x09, 0x7f, 0x7f, 0x7f, 0x12, 0x13, 0x13, 0x13, 0x15, 0x8d, 0x94, 0x9a, 0x9a, 0x21, 0x25, 0x2c, 0x3e, 0xbe, 0xc1, 0xc1, 0xc1, 0xbf, 0xbe, 0xc0, 0xc0, 0xbf, 0xc0, 0xbf, 0xc0, 0xc0, 0xc0, 0xbf, 0xbf, 0xbe, 0xbe, 0xbe, 0xbe, 0xbe, 0xba, 0xd4, 0xd4, 0xb0, 0xb0, 0xb0, 0xb0, 0xb0, 0xaf, 0xaf, 0xb0, 0xb0, 0xb0, 0xb0, 0xb0, 0xb0, 0xb0, 0xb0, 0xb0, 0xb0, 0xb0, 0xb0, 0xb0, 0xb0, 0xb0, 0xb0, 0xb0, 0xb0, 0xb0, 0xb0, 0xd2, 0xb0, 0xca, 0xc9, 0xcd, 0xd3, 0xd3, 0xd3, 0xd3, 0xd3, 0xd3, 0xd3, 0xd3, 0xd3, 0xd3, 0xd4, 0xd4, 0xd0, 0xd4, 0xd4, 0xd4, 0xd4, 0xd4, 0xd4, 0xd4, 0xd4, 0xd4, 0xd4, 0xd4, 0xcd, 0xcb, 0xca, 0xcb, 0xc9, 0xcb, 0xcb, 0xcc, 0xd4, 0xd0, 0xd4, 0xd4, 0xd0, 0xd4, 0xcc, 0xd3, 0xd4, 0xd4, 0xcf, 0xd4, 0xd0, 0xd0, 0xd0, 0xd0, 0xcf, 0xd4, 0xd3, 0xcb, 0xd3, 0xd4, 0xd4, 0xd3, 0xd3, 0xcb, 0xd3, 0xd0, 0xb9, 0xbe, 0x4a, 0x46, 0x42, 0x46, 0xbc, 0xbe, 0xbe, 0xbe, 0xbe, 0xbe, 0xbc, 0xbc, 0xbc, 0xbc, 0xba, 0xb5, 0xd3, 0xa5, 0xa0, 0xa3, 0xa3, 0xa0, 0xa3, 0xa0, 0xa0, 0xa0, 0xa0, 0xa0, 0x9c, 0x9c, 0x9c, 0x9c, 0x9c, 0x9c, 0x9c, 0x9c, 0x9c, 0x93, 0x89, 0x89, 0x89, 0x83, 0x89, 0x89, 0x83, 0x81, 0x81, 0x86, 0x7e, 0x7c, 0x7e, 0x81, 0x83, 0x83, 0x83, 0x81, 0x83, 0x83, 0x7e, 0x7a, 0x7c, 0x7e, 0x7e, 0x7e, 0x7e, 0x7e, 0x81, 0x81, 0x83, 0x86, 0x83, 0x7e, 0x83, 0x7e, 0x7e, 0x7e, 0x81, 0x7e, 
  0xa3, 0xa3, 0xa3, 0xa5, 0xa3, 0xa3, 0xa3, 0xa3, 0xa3, 0xa3, 0xa3, 0xa3, 0xa3, 0xa3, 0xa3, 0xa3, 0xa0, 0x9c, 0xa0, 0xa0, 0xa3, 0x9c, 0xa0, 0xa0, 0xa3, 0xa3, 0xa3, 0xa5, 0xa3, 0xa3, 0xa3, 0xa3, 0xa3, 0xa3, 0xa0, 0xa3, 0xa3, 0xa3, 0xa3, 0xa0, 0xa0, 0xa0, 0xa0, 0xa0, 0xa0, 0xa0, 0xa0, 0x9c, 0x9c, 0x9c, 0x99, 0x97, 0x99, 0x97, 0x99, 0x9c, 0x99, 0x9c, 0x9c, 0x9c, 0x99, 0x99, 0x97, 0x97, 0x97, 0x97, 0x93, 0x97, 0x93, 0x93, 0x99, 0x93, 0x93, 0x93, 0x97, 0x93, 0x93, 0x93, 0x93, 0x99, 0x99, 0x9c, 0x99, 0x93, 0x97, 0x97, 0x99, 0x99, 0x99, 0x99, 0x99, 0x9c, 0x9c, 0x9c, 0x9c, 0x9c, 0x9c, 0x9c, 0x9c, 0x9c, 0x99, 0x9c, 0xa0, 0x9c, 0x9c, 0x9d, 0x94, 0x8d, 0x12, 0x7d, 0x07, 0x78, 0x73, 0x05, 0x03, 0x02, 0x6f, 0x6c, 0x6c, 0x6c, 0x6c, 0x6c, 0x6c, 0x00, 0x00, 0x61, 0x61, 0x61, 0x61, 0x61, 0x61, 0x61, 0x61, 0x61, 0x5c, 0x5c, 0x61, 0x63, 0x61, 0x5e, 0x5c, 0x5e, 0x61, 0x61, 0x61, 0x00, 0x00, 0x00, 0x02, 0x6c, 0x02, 0x02, 0x05, 0x02, 0x02, 0x05, 0x05, 0x09, 0x09, 0x09, 0x7f, 0x13, 0x13, 0x13, 0x15, 0x15, 0x8f, 0x1c, 0x94, 0x1e, 0x9a, 0x22, 0x27, 0xa9, 0x4a, 0xc1, 0xc1, 0xc1, 0xc1, 0xbe, 0xbe, 0xc1, 0xc0, 0xc0, 0xc0, 0xc0, 0xbf, 0xc0, 0xbf, 0xbf, 0xbe, 0xbf, 0xbe, 0xbe, 0xbe, 0xbc, 0xb5, 0xd3, 0xb0, 0xb0, 0xb0, 0xb0, 0xb0, 0xb0, 0xaf, 0xb0, 0xb0, 0xb0, 0xb5, 0xb0, 0xb0, 0xb0, 0xb0, 0xb0, 0xb0, 0xb0, 0xb0, 0xb0, 0xb0, 0xb0, 0xb0, 0xb0, 0xb0, 0xb0, 0xb0, 0xb5, 0xb5, 0xd3, 0x9e, 0xcb, 0xd3, 0xd3, 0xd3, 0xd3, 0xd3, 0xd3, 0xd3, 0xd3, 0xd3, 0xd3, 0xd4, 0xd4, 0xd0, 0xd4, 0xd0, 0xcf, 0xd4, 0xd4, 0xd3, 0xd3, 0xd3, 0xd3, 0xd3, 0xd3, 0xd4, 0xd4, 0xcd, 0xcd, 0xcb, 0xd3, 0xcb, 0xca, 0xcd, 0xd0, 0xd4, 0xd4, 0xd4, 0xd0, 0xd3, 0xd3, 0xd4, 0xd4, 0xd4, 0xd4, 0xb0, 0xd0, 0xd0, 0xd0, 0xd4, 0xd4, 0xcc, 0xca, 0xcb, 0xcd, 0xd3, 0xcd, 0xb0, 0xb5, 0xba, 0xbc, 0xbe, 0xbe, 0x4a, 0x45, 0x45, 0x4a, 0xbe, 0xbe, 0xbe, 0xbe, 0xbe, 0xbc, 0xbc, 0xbe, 0xbe, 0xbb, 0xb5, 0xd3, 0xa5, 0xa3, 0xa3, 0xa3, 0xa3, 0x9c, 0xa0, 0xa3, 0xa3, 0xa0, 0xa0, 0xa0, 0xa0, 0x9c, 0x9c, 0x9c, 0x99, 0x9c, 0x99, 0x99, 0x99, 0x91, 0x90, 0x90, 0x8c, 0x83, 0x89, 0x89, 0x89, 0x86, 0x84, 0x89, 0x83, 0x7e, 0x81, 0x81, 0x7e, 0x86, 0x84, 0x86, 0x81, 0x81, 0x83, 0x7a, 0x7e, 0x83, 0x86, 0x81, 0x7c, 0x7e, 0x83, 0x81, 0x83, 0x7c, 0x7e, 0x81, 0x7e, 0x81, 0x7e, 0x7e, 0x7e, 0x83, 
  0xa3, 0xa3, 0xa3, 0xa3, 0xa0, 0xa3, 0xa3, 0xa3, 0xa3, 0xa3, 0xa3, 0xa3, 0xa3, 0xa5, 0xa3, 0xa3, 0xa0, 0xa0, 0xa0, 0xa0, 0x9c, 0xa0, 0xa0, 0xa3, 0xa3, 0xa0, 0xa3, 0xa3, 0xa0, 0xa3, 0xa3, 0xa3, 0xa3, 0xa3, 0xa3, 0xa0, 0xa3, 0xa3, 0xa3, 0xa3, 0x9c, 0xa0, 0xa0, 0xa0, 0xa3, 0xa0, 0xa0, 0xa0, 0x9c, 0x9c, 0x99, 0x93, 0x93, 0x99, 0x93, 0x99, 0x97, 0x9c, 0x9c, 0x9c, 0x99, 0x97, 0x97, 0x97, 0x97, 0x97, 0x97, 0x93, 0x93, 0x93, 0x93, 0x91, 0x93, 0x93, 0x97, 0x93, 0x97, 0x97, 0x97, 0x99, 0x97, 0x9c, 0x9c, 0x93, 0x93, 0x99, 0x9c, 0x9c, 0x97, 0x97, 0x99, 0x9c, 0x9c, 0x9c, 0x9c, 0x9c, 0x9c, 0x9c, 0x9c, 0x9c, 0x9c, 0xa0, 0xa0, 0xa0, 0xa0, 0xa1, 0x94, 0x8d, 0x88, 0x0d, 0x09, 0x78, 0x05, 0x03, 0x03, 0x02, 0x6c, 0x6c, 0x6c, 0x6c, 0x6c, 0x6c, 0x6c, 0x00, 0x00, 0x61, 0x61, 0x61, 0x5e, 0x61, 0x61, 0x63, 0x5e, 0x5c, 0x5c, 0x5e, 0x61, 0x61, 0x5c, 0x5c, 0x5e, 0x61, 0x61, 0x61, 0x5e, 0x00, 0x00, 0x6e, 0x6c, 0x6c, 0x73, 0x73, 0x02, 0x02, 0x74, 0x05, 0x09, 0x09, 0x09, 0x7f, 0x0e, 0x13, 0x13, 0x13, 0x18, 0x8d, 0x8f, 0x1c, 0x94, 0x9a, 0x9a, 0x22, 0x25, 0xa9, 0xb8, 0xc0, 0xc1, 0xc1, 0xc1, 0xbf, 0xbd, 0xbf, 0xbf, 0xc0, 0xbf, 0xc0, 0xc0, 0xc0, 0xc0, 0xbf, 0xbf, 0xbe, 0xbe, 0xbe, 0xbe, 0xbe, 0xbb, 0xd4, 0xd4, 0xb0, 0xb0, 0xd0, 0xb0, 0xb0, 0xb0, 0xb0, 0xb0, 0xb0, 0xb0, 0xb0, 0xd1, 0xb0, 0xb0, 0xb0, 0xb0, 0xb0, 0xb0, 0xb0, 0xb0, 0xb0, 0xd4, 0xb0, 0xb0, 0xb0, 0xaf, 0xb0, 0xb5, 0xd1, 0xcb, 0x9e, 0xcc, 0xd3, 0xd3, 0xd3, 0xd3, 0xd3, 0xd3, 0xd3, 0xd3, 0xd3, 0xd3, 0xd4, 0xd4, 0xd4, 0xd0, 0xd4, 0xd4, 0xd3, 0xcd, 0xcd, 0xcd, 0xcd, 0xd3, 0xcd, 0xd3, 0xd4, 0xd4, 0xce, 0xd3, 0xcd, 0xcc, 0xca, 0xcb, 0xd4, 0xd4, 0xce, 0xd4, 0xd4, 0xd3, 0xd3, 0xd4, 0xd4, 0xd3, 0xd3, 0xd4, 0xd4, 0xb0, 0xd0, 0xd0, 0xd4, 0xd3, 0xcc, 0xc8, 0xcb, 0xd4, 0xb5, 0xbb, 0xbc, 0xbe, 0xbe, 0xbe, 0x4a, 0x46, 0x46, 0x46, 0x4a, 0xbe, 0xbe, 0xbe, 0xbc, 0xbc, 0xbe, 0xbe, 0xbf, 0xbc, 0xb0, 0xa8, 0xa5, 0xa3, 0xa3, 0xa0, 0xa0, 0xa0, 0x9c, 0xa0, 0xa3, 0xa3, 0xa3, 0xa3, 0xa0, 0xa0, 0x9c, 0x9c, 0x9c, 0x99, 0x97, 0x93, 0x97, 0x93, 0x90, 0x8b, 0x91, 0x8c, 0x89, 0x8c, 0x83, 0x81, 0x8c, 0x90, 0x90, 0x89, 0x89, 0x83, 0x83, 0x83, 0x83, 0x8c, 0x8b, 0x81, 0x7e, 0x83, 0x7e, 0x7e, 0x81, 0x86, 0x84, 0x81, 0x7e, 0x81, 0x7e, 0x83, 0x7e, 0x7a, 0x77, 0x7e, 0x83, 0x81, 0x81, 0x7e, 0x83, 
  0xa3, 0xa3, 0xa3, 0xa3, 0xa3, 0xa0, 0xa3, 0xa3, 0xa0, 0xa5, 0xa5, 0xa3, 0xa3, 0xa5, 0xa3, 0xa3, 0xa0, 0xa0, 0xa3, 0xa3, 0xa0, 0xa3, 0xa3, 0xa3, 0xa3, 0xa0, 0xa3, 0xa0, 0xa0, 0xa3, 0xa3, 0xa3, 0xa0, 0xa3, 0xa3, 0xa3, 0xa0, 0xa3, 0xa0, 0xa0, 0xa0, 0xa0, 0x9c, 0xa0, 0xa3, 0xa0, 0xa0, 0x9c, 0x9c, 0x9c, 0x99, 0x99, 0x97, 0x97, 0x99, 0x99, 0x9c, 0x9c, 0x99, 0x9c, 0x9c, 0x97, 0x93, 0x97, 0x97, 0x97, 0x93, 0x93, 0x93, 0x93, 0x9c, 0x91, 0x91, 0x97, 0x9c, 0x9c, 0x99, 0x99, 0x9c, 0x9c, 0x9c, 0xa0, 0xa0, 0x99, 0x93, 0x99, 0x99, 0x97, 0x99, 0x99, 0x99, 0x9c, 0x9c, 0x9c, 0x9c, 0x9c, 0x9c, 0x9c, 0x9c, 0x9c, 0x99, 0x99, 0x9c, 0xa0, 0xa0, 0xa3, 0x22, 0x1c, 0x88, 0x82, 0x0d, 0x07, 0x03, 0x78, 0x03, 0x03, 0x71, 0x6c, 0x6c, 0x02, 0x6c, 0x6c, 0x6c, 0x00, 0x00, 0x00, 0x63, 0x61, 0x5e, 0x00, 0x61, 0x5e, 0x59, 0x59, 0x5c, 0x5c, 0x59, 0x59, 0x5e, 0x61, 0x61, 0x61, 0x61, 0x61, 0x61, 0x00, 0x68, 0x6e, 0x68, 0x00, 0x6f, 0x02, 0x02, 0x02, 0x74, 0x05, 0x09, 0x07, 0x09, 0x09, 0x0e, 0x12, 0x18, 0x13, 0x18, 0x18, 0x8d, 0x8d, 0x1c, 0x94, 0x1e, 0x9a, 0x25, 0x2c, 0x41, 0xbe, 0xc1, 0xc1, 0xc1, 0xc0, 0xbd, 0xbe, 0xc1, 0xc0, 0xc0, 0xc0, 0xbf, 0xc0, 0xbf, 0xbf, 0xbf, 0xbe, 0xbe, 0xbe, 0xbe, 0xbe, 0xbd, 0xb5, 0xd3, 0xb0, 0xd1, 0xb0, 0xd0, 0xb0, 0xd4, 0xd0, 0xb5, 0xb0, 0xb0, 0xb5, 0xb0, 0xb0, 0xd0, 0xb0, 0xb0, 0xb0, 0xb0, 0xb0, 0xb0, 0xb0, 0xb0, 0xb0, 0xaf, 0xb0, 0xd4, 0xd0, 0xb0, 0xb5, 0xd4, 0xc9, 0x9e, 0xcd, 0xd3, 0xd3, 0xd3, 0xd3, 0xd3, 0xd3, 0xd3, 0xd4, 0xd4, 0xd3, 0xca, 0xcd, 0xce, 0xd4, 0xd3, 0xcb, 0xcb, 0xcc, 0xcd, 0xd3, 0xd3, 0xcc, 0xcb, 0xd3, 0xd4, 0xd4, 0xd4, 0xd3, 0xd3, 0xcd, 0xcd, 0xd3, 0xcc, 0xcd, 0xd3, 0xd3, 0xcc, 0xcb, 0xd4, 0xd3, 0xcc, 0xd3, 0xd4, 0xce, 0xd4, 0xcd, 0xcd, 0xd4, 0xd3, 0xd3, 0xd4, 0xd1, 0xbc, 0xbd, 0xbe, 0xbe, 0xbe, 0xbe, 0xbe, 0xbb, 0xb8, 0x4a, 0xbc, 0xbe, 0xbe, 0xbd, 0xba, 0xbc, 0xbe, 0xc1, 0xbe, 0xbc, 0xb3, 0xa8, 0xa3, 0xa3, 0xa3, 0xa3, 0xa3, 0xa3, 0xa3, 0xa0, 0xa3, 0xa0, 0xa5, 0xa3, 0xa3, 0xa0, 0xa0, 0xa0, 0xa0, 0x97, 0x90, 0x8c, 0x8c, 0x90, 0x90, 0x90, 0x89, 0x89, 0x90, 0x8c, 0x91, 0x81, 0x7e, 0x89, 0x89, 0x90, 0x90, 0x89, 0x86, 0x86, 0x83, 0x83, 0x89, 0x7e, 0x7a, 0x7a, 0x7e, 0x81, 0x7e, 0x81, 0x83, 0x86, 0x7e, 0x7e, 0x81, 0x83, 0x7e, 0x7a, 0x7a, 0x7a, 0x83, 0x83, 0x7e, 0x83, 0x77, 0x77, 
  0xa0, 0xa3, 0xa3, 0xa5, 0xa5, 0xa3, 0xa3, 0xa3, 0xa3, 0xa0, 0xa3, 0xa3, 0xa3, 0xa0, 0xa3, 0xa3, 0xa3, 0xa0, 0xa3, 0xa0, 0x9c, 0xa0, 0xa0, 0xa0, 0xa0, 0xa0, 0xa3, 0xa3, 0xa0, 0xa3, 0xa3, 0xa0, 0xa0, 0xa0, 0x9c, 0xa3, 0xa3, 0xa3, 0xa3, 0xa0, 0xa3, 0xa3, 0xa3, 0xa3, 0xa3, 0xa3, 0xa3, 0xa0, 0x9c, 0x9c, 0x9c, 0x99, 0x9c, 0x99, 0x97, 0x97, 0x9c, 0x9c, 0x99, 0x9c, 0x9c, 0x97, 0x93, 0x93, 0x99, 0x93, 0x93, 0x99, 0x9c, 0x97, 0x99, 0x91, 0x93, 0x99, 0x99, 0x9c, 0x9c, 0x9c, 0x9c, 0x9c, 0x9c, 0x9c, 0x9c, 0x9c, 0x99, 0x97, 0x9c, 0x97, 0x99, 0x97, 0x97, 0x97, 0x99, 0x9c, 0x9c, 0x9c, 0xa0, 0x9c, 0x99, 0x9c, 0x9c, 0x9c, 0x9c, 0xa0, 0xa3, 0xa0, 0x9b, 0x1c, 0x8d, 0x13, 0x0e, 0x07, 0x03, 0x78, 0x73, 0x03, 0x02, 0x6c, 0x6c, 0x6c, 0x6c, 0x6c, 0x6c, 0x00, 0x00, 0x61, 0x63, 0x63, 0x61, 0x00, 0x61, 0x59, 0x59, 0x5c, 0x61, 0x5e, 0x5c, 0x5c, 0x61, 0x61, 0x61, 0x61, 0x00, 0x61, 0x00, 0x6a, 0x6e, 0x00, 0x68, 0x6e, 0x6c, 0x02, 0x02, 0x05, 0x05, 0x05, 0x05, 0x05, 0x09, 0x09, 0x7f, 0x0e, 0x13, 0x13, 0x13, 0x15, 0x15, 0x8d, 0x1c, 0x1e, 0x1e, 0x9a, 0x22, 0x2a, 0x35, 0x4a, 0xc1, 0xc1, 0xc1, 0xc0, 0xbf, 0xbe, 0xbe, 0xc0, 0xbf, 0xc0, 0xc0, 0xc0, 0xbf, 0xbf, 0xbf, 0xbf, 0xbf, 0xbe, 0xbe, 0xbe, 0xbe, 0xbc, 0xb0, 0xd4, 0xb0, 0xb0, 0xb0, 0xb0, 0xd0, 0xd1, 0xb0, 0xb0, 0xb0, 0xb0, 0xb0, 0xd0, 0xb0, 0xd4, 0xb0, 0xaf, 0xb0, 0xb0, 0xb0, 0xd0, 0xaf, 0xb0, 0xb0, 0xd0, 0xd0, 0xd0, 0xb0, 0xb5, 0xb7, 0xd3, 0xca, 0xcc, 0xd3, 0xd3, 0xd3, 0xd3, 0xd3, 0xd4, 0xd4, 0xd3, 0xd3, 0xd3, 0xca, 0xc9, 0xcc, 0xd3, 0xd3, 0xca, 0xc9, 0xc9, 0xcc, 0xd3, 0xd3, 0xce, 0xd3, 0xcb, 0xd3, 0xd4, 0xd0, 0xd4, 0xd4, 0xce, 0xd3, 0xce, 0xd3, 0xcd, 0xd3, 0xd3, 0xd3, 0xd3, 0xd4, 0xd4, 0xcb, 0xc9, 0xcd, 0xd4, 0xd3, 0xca, 0xc8, 0xc9, 0xcc, 0xd0, 0xba, 0xb7, 0xbd, 0xbe, 0xbe, 0xbe, 0xbf, 0xbf, 0xbe, 0xbc, 0xbb, 0xbd, 0xbd, 0xbd, 0xba, 0xb8, 0xbc, 0xc0, 0xc1, 0xbf, 0xbc, 0xb5, 0xd3, 0xa5, 0xa5, 0xa3, 0xa3, 0xa0, 0xa3, 0xa3, 0xa3, 0xa3, 0xa3, 0xa3, 0xa5, 0xa0, 0xa3, 0xa0, 0x9c, 0x9c, 0x99, 0x93, 0x8c, 0x84, 0x86, 0x84, 0x89, 0x89, 0x89, 0x90, 0x89, 0x90, 0x93, 0x91, 0x8c, 0x8c, 0x8c, 0x89, 0x8c, 0x89, 0x83, 0x7e, 0x7a, 0x81, 0x83, 0x81, 0x83, 0x7e, 0x7a, 0x7e, 0x7e, 0x7e, 0x83, 0x89, 0x89, 0x7e, 0x7e, 0x83, 0x7e, 0x7c, 0x86, 0x89, 0x81, 0x83, 0x7a, 0x75, 0x7a, 0x7c, 
  0xa3, 0xa3, 0xa3, 0xa0, 0xa3, 0xa3, 0xa3, 0xa3, 0xa3, 0xa0, 0xa3, 0xa0, 0xa3, 0xa0, 0xa3, 0xa3, 0xa3, 0xa3, 0xa3, 0xa0, 0xa3, 0xa0, 0xa0, 0xa0, 0xa0, 0xa0, 0xa0, 0xa0, 0x9c, 0xa0, 0xa3, 0xa3, 0xa3, 0xa3, 0xa0, 0xa3, 0xa5, 0xa0, 0xa3, 0xa0, 0xa0, 0xa3, 0xa0, 0xa0, 0xa0, 0x9c, 0xa0, 0x9c, 0x9c, 0x99, 0x97, 0x9c, 0x97, 0x99, 0x97, 0x99, 0x99, 0x99, 0x9c, 0x9c, 0x9c, 0x93, 0x93, 0x97, 0x9c, 0x9c, 0x9c, 0x97, 0x93, 0x97, 0x99, 0x93, 0x99, 0x97, 0x99, 0x9c, 0x9c, 0xa0, 0x9c, 0xa0, 0x9c, 0x9c, 0x9c, 0x9c, 0x9c, 0x9c, 0x97, 0x99, 0x99, 0x99, 0x9c, 0x9c, 0x9c, 0x99, 0x93, 0x9c, 0x9c, 0x97, 0x9c, 0x9c, 0x99, 0x99, 0x9c, 0x9c, 0xa0, 0xa0, 0x9d, 0x94, 0x1c, 0x13, 0x7f, 0x09, 0x78, 0x07, 0x73, 0x73, 0x02, 0x71, 0x73, 0x6c, 0x6c, 0x6c, 0x00, 0x00, 0x00, 0x61, 0x61, 0x61, 0x63, 0x5e, 0x5e, 0x5c, 0x61, 0x61, 0x5c, 0x57, 0x5c, 0x61, 0x61, 0x5e, 0x61, 0x63, 0x63, 0x61, 0x00, 0x6e, 0x00, 0x6a, 0x6e, 0x6c, 0x02, 0x02, 0x02, 0x02, 0x05, 0x78, 0x05, 0x09, 0x7f, 0x7f, 0x0e, 0x0e, 0x15, 0x12, 0x18, 0x13, 0x18, 0x15, 0x18, 0x94, 0x1e, 0x1e, 0x22, 0x25, 0x2c, 0x3e, 0xbf, 0xc1, 0xc1, 0xc1, 0xc0, 0xbc, 0xbe, 0xc0, 0xc0, 0xc0, 0xbf, 0xc0, 0xbf, 0xbf, 0xbe, 0xbf, 0xbf, 0xbe, 0xbe, 0xbe, 0xbe, 0xbe, 0xb7, 0xce, 0xb0, 0xb0, 0xb0, 0xb0, 0xd1, 0xb0, 0xb0, 0xb0, 0xb0, 0xd0, 0xd4, 0xd4, 0xaf, 0xd0, 0xd4, 0xd4, 0xd0, 0xd0, 0xb0, 0xb0, 0xaf, 0xd4, 0xd0, 0xd0, 0xd3, 0xd4, 0xb0, 0xb0, 0xb5, 0xb5, 0xcb, 0x9e, 0xd3, 0xd3, 0xd3, 0xd3, 0xd3, 0xd3, 0xd3, 0xd3, 0xd3, 0xd3, 0xd3, 0xcc, 0xca, 0xd3, 0xd4, 0xd3, 0xca, 0xca, 0xcb, 0xcd, 0xd4, 0xd4, 0xd4, 0xd4, 0xca, 0xc9, 0xd0, 0xd0, 0xd4, 0xd0, 0xce, 0xce, 0xd4, 0xd3, 0xa5, 0xd3, 0xa3, 0xc5, 0x8e, 0xd0, 0xd4, 0xcd, 0x98, 0xca, 0xce, 0xcd, 0xcb, 0xd4, 0xba, 0xba, 0xbc, 0xbc, 0xbe, 0xbe, 0xbe, 0xbe, 0xbe, 0xbe, 0xbc, 0xb8, 0xbb, 0xbc, 0xbc, 0xba, 0xb7, 0xbc, 0xbf, 0xc1, 0xbf, 0xba, 0xb5, 0xa8, 0xa8, 0xa5, 0xa8, 0xa5, 0xa5, 0xa3, 0xa3, 0xa0, 0xa3, 0xa3, 0xa3, 0xa3, 0xa3, 0xa0, 0xa0, 0xa0, 0x9c, 0x99, 0x91, 0x8c, 0x89, 0x86, 0x8c, 0x86, 0x89, 0x86, 0x84, 0x89, 0x83, 0x86, 0x89, 0x90, 0x90, 0x89, 0x89, 0x89, 0x8c, 0x90, 0x90, 0x86, 0x83, 0x7e, 0x7e, 0x83, 0x83, 0x7e, 0x86, 0x86, 0x86, 0x8c, 0x86, 0x89, 0x86, 0x81, 0x83, 0x7a, 0x81, 0x7c, 0x6d, 0x77, 0x7a, 0x7e, 0x83, 0x75, 0x77, 0x7c, 
  0xa0, 0xa3, 0xa3, 0xa3, 0xa3, 0xa0, 0xa3, 0xa3, 0xa3, 0xa3, 0xa3, 0xa0, 0xa5, 0xa3, 0xa3, 0xa3, 0xa3, 0xa0, 0xa3, 0xa3, 0xa3, 0xa0, 0xa0, 0xa0, 0xa0, 0xa3, 0xa0, 0xa0, 0x9c, 0x9c, 0xa0, 0xa3, 0xa3, 0xa3, 0xa0, 0xa0, 0xa3, 0xa3, 0xa0, 0xa3, 0xa0, 0xa3, 0xa3, 0xa0, 0xa0, 0xa0, 0xa0, 0xa0, 0xa0, 0xa0, 0xa3, 0xa8, 0x9c, 0x9c, 0x9c, 0x97, 0x9c, 0x99, 0x9c, 0x9c, 0x93, 0x91, 0x93, 0x9c, 0x99, 0x99, 0x99, 0x93, 0x99, 0x99, 0x93, 0x93, 0x90, 0x97, 0x9c, 0x9c, 0x9c, 0x9c, 0xa0, 0x9c, 0x9c, 0x9c, 0x9c, 0x9c, 0x99, 0x97, 0x93, 0x97, 0x9c, 0x9c, 0x9c, 0x9c, 0x9c, 0x9c, 0x93, 0x97, 0x97, 0x99, 0x9c, 0x9c, 0x9c, 0x9c, 0x9c, 0x9c, 0x9c, 0xa0, 0x9d, 0x1c, 0x8d, 0x88, 0x0d, 0x07, 0x78, 0x78, 0x03, 0x03, 0x71, 0x02, 0x02, 0x6f, 0x6c, 0x6c, 0x6c, 0x00, 0x00, 0x00, 0x61, 0x00, 0x61, 0x5c, 0x5c, 0x59, 0x5e, 0x60, 0x59, 0x59, 0x5c, 0x63, 0x61, 0x61, 0x63, 0x63, 0x63, 0x68, 0x00, 0x63, 0x5c, 0x61, 0x00, 0x6e, 0x6c, 0x6e, 0x02, 0x02, 0x05, 0x05, 0x05, 0x09, 0x09, 0x7f, 0x7f, 0x13, 0x13, 0x13, 0x13, 0x13, 0x18, 0x13, 0x18, 0x1c, 0x1c, 0x9a, 0x22, 0x25, 0x2c, 0x3b, 0xbc, 0xc1, 0xc1, 0xc1, 0xc0, 0xbe, 0xbc, 0xbe, 0xc0, 0xc0, 0xc0, 0xc0, 0xc0, 0xc0, 0xbf, 0xbe, 0xbe, 0xbe, 0xbe, 0xbe, 0xbe, 0xbe, 0xbc, 0xb0, 0xd4, 0xb0, 0xb0, 0xb0, 0xd1, 0xd1, 0xb0, 0xd0, 0xb0, 0xb0, 0xd0, 0xd4, 0xd0, 0xd0, 0xd4, 0xb0, 0xd0, 0xd0, 0xd0, 0xd0, 0xd4, 0xd4, 0xd0, 0xd0, 0xb0, 0xd4, 0xd4, 0xb0, 0xb5, 0xb7, 0xaf, 0x98, 0xc9, 0xd3, 0xd3, 0xd3, 0xd3, 0xd4, 0xd4, 0xd3, 0xd4, 0xd3, 0xcd, 0xd3, 0xd3, 0xd3, 0xd4, 0xd0, 0xd4, 0xca, 0xca, 0xd3, 0xd4, 0xd4, 0xd4, 0xd0, 0xd4, 0xd3, 0xca, 0xd4, 0xaf, 0xd0, 0xd3, 0xcb, 0xcb, 0xd3, 0xd3, 0xd3, 0xd3, 0xcb, 0xca, 0xcc, 0xce, 0xcd, 0xcd, 0xcb, 0xd1, 0xb7, 0xba, 0xbe, 0xbe, 0xbc, 0xbe, 0xbe, 0xc0, 0xbf, 0xbe, 0xbe, 0xbe, 0xbe, 0xbe, 0xbe, 0xbc, 0xba, 0xba, 0xba, 0xbc, 0xc0, 0xbf, 0xbe, 0xbc, 0xd4, 0xa8, 0xa5, 0xa5, 0xa5, 0xa5, 0xa5, 0xa5, 0xa8, 0xa5, 0xa5, 0xa3, 0xa0, 0xa3, 0xa3, 0xa0, 0xa3, 0xa3, 0xa0, 0x97, 0x93, 0x8c, 0x8c, 0x89, 0x89, 0x89, 0x89, 0x90, 0x89, 0x89, 0x89, 0x84, 0x86, 0x83, 0x83, 0x8c, 0x90, 0x8c, 0x89, 0x89, 0x89, 0x89, 0x90, 0x83, 0x83, 0x83, 0x7e, 0x7e, 0x7a, 0x7e, 0x83, 0x7e, 0x81, 0x81, 0x83, 0x83, 0x86, 0x83, 0x7e, 0x7a, 0x7e, 0x89, 0x7e, 0x7c, 0x7a, 0x7e, 0x7a, 0x7e, 0x81, 
  0xa3, 0xa3, 0xa0, 0xa0, 0xa3, 0xa3, 0xa3, 0xa5, 0xa0, 0xa3, 0xa0, 0xa0, 0xa3, 0xa3, 0xa3, 0xa3, 0xa3, 0xa3, 0xa0, 0xa3, 0xa0, 0xa3, 0xa0, 0xa0, 0xa0, 0xa0, 0xa3, 0xa3, 0x9c, 0xa0, 0xa0, 0xa0, 0xa0, 0xa0, 0xa3, 0xa3, 0xa0, 0xa0, 0xa0, 0xa0, 0xa0, 0xa0, 0xa0, 0xa0, 0xa3, 0xa0, 0xa0, 0xa0, 0x9c, 0x9c, 0xa3, 0xa5, 0x9c, 0x9c, 0x9c, 0x99, 0x99, 0x99, 0x99, 0x99, 0x97, 0x93, 0x93, 0x97, 0x93, 0x97, 0x99, 0x97, 0x99, 0x9c, 0x93, 0x99, 0x97, 0x93, 0x97, 0x99, 0x99, 0x9c, 0x9c, 0xa0, 0x9c, 0x9c, 0xa0, 0xa0, 0x9c, 0x97, 0x97, 0x99, 0x9c, 0x9c, 0x9c, 0x9c, 0x9c, 0x99, 0x97, 0x97, 0x9c, 0x9c, 0x9c, 0x9c, 0x9c, 0xa0, 0x9c, 0x9c, 0x9c, 0xa0, 0x9d, 0x95, 0x8f, 0x8d, 0x82, 0x7f, 0x05, 0x07, 0x07, 0x03, 0x73, 0x71, 0x71, 0x6c, 0x6c, 0x66, 0x68, 0x00, 0x00, 0x00, 0x61, 0x00, 0x61, 0x5c, 0x61, 0x61, 0x5e, 0x5e, 0x5e, 0x59, 0x59, 0x5c, 0x5c, 0x5e, 0x61, 0x00, 0x00, 0x6c, 0x00, 0x61, 0x63, 0x00, 0x6c, 0x6c, 0x6c, 0x6c, 0x02, 0x02, 0x02, 0x74, 0x05, 0x09, 0x09, 0x09, 0x12, 0x12, 0x0e, 0x12, 0x13, 0x13, 0x13, 0x13, 0x15, 0x8d, 0x1c, 0x9a, 0x9a, 0x25, 0x2a, 0x2f, 0x46, 0xbf, 0xc1, 0xc1, 0xc1, 0xc0, 0xbc, 0xbe, 0xbf, 0xc0, 0xbf, 0xc0, 0xbf, 0xbf, 0xbf, 0xbf, 0xbe, 0xbe, 0xbe, 0xbe, 0xbe, 0xbe, 0xbe, 0xba, 0xb0, 0xb0, 0xb0, 0xb0, 0xd1, 0xd1, 0xb0, 0xd0, 0xd4, 0xd4, 0xd0, 0xaf, 0xaf, 0xd4, 0xaf, 0xd0, 0xaf, 0xd0, 0xd0, 0xb0, 0xb0, 0xd4, 0xd4, 0xd4, 0xd4, 0xd4, 0xd4, 0xb0, 0xb0, 0xb5, 0xb5, 0xcb, 0x98, 0xcc, 0xd3, 0xd3, 0xd4, 0xd4, 0xd3, 0xd3, 0xd3, 0xd3, 0xcd, 0xcc, 0xd3, 0xd3, 0xce, 0xd4, 0xd4, 0xd4, 0xcd, 0xd3, 0xd3, 0xd4, 0xd0, 0xd4, 0xd4, 0xd0, 0xd3, 0xcd, 0xd3, 0xb0, 0xce, 0xcd, 0xca, 0xca, 0xcd, 0xcc, 0xcb, 0xd3, 0xd3, 0xcb, 0xcc, 0xcb, 0xb5, 0xb7, 0xbc, 0xbe, 0xbe, 0xbe, 0xbd, 0xbe, 0xbe, 0xbe, 0xbe, 0xbe, 0xbe, 0xbe, 0xbe, 0xbc, 0xbd, 0xbc, 0xba, 0xb8, 0xba, 0xbc, 0xbf, 0xbf, 0xbc, 0xb7, 0xac, 0xd3, 0xa8, 0xa5, 0xa8, 0xa8, 0xa5, 0xa5, 0xa3, 0xa5, 0xa5, 0xa5, 0xa3, 0xa3, 0xa3, 0xa0, 0xa0, 0xa3, 0x9c, 0x99, 0x93, 0x90, 0x89, 0x8c, 0x90, 0x90, 0x8c, 0x89, 0x90, 0x90, 0x89, 0x90, 0x83, 0x83, 0x89, 0x83, 0x86, 0x89, 0x89, 0x86, 0x89, 0x89, 0x86, 0x8c, 0x89, 0x89, 0x83, 0x83, 0x7e, 0x7e, 0x7e, 0x83, 0x7e, 0x7e, 0x83, 0x86, 0x83, 0x7e, 0x7e, 0x7c, 0x7a, 0x7e, 0x7e, 0x7e, 0x7e, 0x77, 0x75, 0x77, 0x7e, 0x81, 
  0xa5, 0xa3, 0xa3, 0xa3, 0xa3, 0xa0, 0xa3, 0xa0, 0xa0, 0xa0, 0xa3, 0xa3, 0xa3, 0xa3, 0xa3, 0xa3, 0xa3, 0xa0, 0xa0, 0xa3, 0xa3, 0xa3, 0xa0, 0x9c, 0x9c, 0xa0, 0xa0, 0xa3, 0xa0, 0xa0, 0xa0, 0xa0, 0xa0, 0xa0, 0xa3, 0xa0, 0xa0, 0xa0, 0xa0, 0xa0, 0xa0, 0xa0, 0xa0, 0xa0, 0xa0, 0xa0, 0xa0, 0xa0, 0x9c, 0x9c, 0xa0, 0xa0, 0x97, 0x99, 0x99, 0x97, 0x97, 0x99, 0x97, 0x99, 0x99, 0x99, 0x97, 0x93, 0x99, 0x99, 0x9c, 0x97, 0x97, 0x99, 0x9c, 0x99, 0x99, 0x93, 0x97, 0x97, 0x99, 0x9c, 0x9c, 0x9c, 0x9c, 0x9c, 0xa0, 0xa0, 0x9c, 0x93, 0x97, 0x99, 0x9c, 0x9c, 0x99, 0x9c, 0x9c, 0x99, 0x9c, 0x9c, 0xa0, 0x9c, 0xa3, 0xa0, 0x9c, 0x9c, 0x9c, 0xa0, 0x9c, 0x9c, 0x9c, 0x9b, 0x1c, 0x18, 0x0e, 0x7f, 0x09, 0x09, 0x07, 0x73, 0x73, 0x6c, 0x73, 0x71, 0x6c, 0x6c, 0x6c, 0x00, 0x00, 0x00, 0x00, 0x00, 0x63, 0x60, 0x63, 0x61, 0x5c, 0x5c, 0x5e, 0x61, 0x5c, 0x5c, 0x5e, 0x5e, 0x61, 0x61, 0x00, 0x00, 0x61, 0x63, 0x00, 0x6e, 0x6c, 0x6c, 0x6c, 0x6c, 0x02, 0x02, 0x02, 0x03, 0x78, 0x07, 0x09, 0x09, 0x0e, 0x0e, 0x13, 0x0e, 0x13, 0x18, 0x15, 0x13, 0x15, 0x8d, 0x1c, 0x94, 0x9a, 0x22, 0x25, 0x2c, 0x3e, 0xbe, 0xc1, 0xc1, 0xc1, 0xc0, 0xbe, 0xbc, 0xbd, 0xc0, 0xc0, 0xc0, 0xbf, 0xc0, 0xbf, 0xbf, 0xbf, 0xbe, 0xbe, 0xbe, 0xbe, 0xbe, 0xbe, 0xbc, 0xb5, 0xaf, 0xb0, 0xd0, 0xb0, 0xd0, 0xaf, 0xd4, 0xd4, 0xd4, 0xd4, 0xd4, 0xd4, 0xd4, 0xd4, 0xd4, 0xd4, 0xd4, 0xd4, 0xd4, 0xb0, 0xd0, 0xcf, 0xb0, 0xd4, 0xd4, 0xd0, 0xd0, 0xd0, 0xb0, 0xb5, 0xb0, 0xca, 0xca, 0xd3, 0xd4, 0xd4, 0xd4, 0xd3, 0xd4, 0xd3, 0xd3, 0xd3, 0xd3, 0xd3, 0xd3, 0xce, 0xd3, 0xd4, 0xaf, 0xd4, 0xd4, 0xd3, 0xd3, 0xd3, 0xce, 0xd0, 0xd0, 0xd3, 0xcb, 0xca, 0xd3, 0xd3, 0xcd, 0xca, 0xca, 0xcb, 0xcd, 0xcd, 0xcd, 0xd4, 0xd3, 0xd4, 0xd3, 0xbe, 0xbe, 0xbe, 0xbe, 0xbe, 0xbc, 0xba, 0xbd, 0xbf, 0xbf, 0xbe, 0xbe, 0xbf, 0xbd, 0xbc, 0xba, 0xba, 0xbc, 0xba, 0xba, 0xbc, 0xbe, 0xbd, 0xba, 0xb0, 0xac, 0xa8, 0xa8, 0xa8, 0xa8, 0xa5, 0xa5, 0xa5, 0xa5, 0xa3, 0xa5, 0xa5, 0xa5, 0xa5, 0xa3, 0xa0, 0xa0, 0xa3, 0x9c, 0x99, 0x93, 0x90, 0x89, 0x89, 0x86, 0x89, 0x90, 0x89, 0x86, 0x89, 0x86, 0x89, 0x90, 0x89, 0x83, 0x86, 0x89, 0x90, 0x89, 0x8c, 0x8c, 0x89, 0x89, 0x83, 0x89, 0x83, 0x7e, 0x83, 0x89, 0x83, 0x7e, 0x83, 0x83, 0x7e, 0x7e, 0x7e, 0x81, 0x83, 0x7e, 0x7e, 0x7e, 0x7e, 0x83, 0x7e, 0x7a, 0x7a, 0x7a, 0x7c, 0x81, 0x7e, 0x7e, 
  0xa3, 0xa3, 0xa3, 0xa5, 0xa3, 0xa0, 0xa3, 0xa0, 0xa0, 0xa0, 0xa3, 0xa3, 0xa3, 0xa3, 0xa3, 0xa0, 0xa0, 0xa0, 0xa0, 0xa0, 0xa3, 0xa3, 0xa0, 0x9c, 0x9c, 0xa0, 0xa0, 0xa0, 0xa0, 0xa3, 0xa0, 0xa0, 0xa3, 0xa3, 0xa0, 0xa3, 0xa0, 0xa3, 0xa0, 0xa0, 0xa0, 0xa0, 0xa0, 0xa0, 0x9c, 0xa0, 0xa0, 0x9c, 0x9c, 0x9c, 0xa0, 0x9c, 0x99, 0x97, 0x9c, 0x9c, 0x93, 0x91, 0x91, 0x93, 0x9c, 0x9c, 0x99, 0x99, 0x99, 0x97, 0x97, 0x97, 0x97, 0x93, 0x97, 0x99, 0x9c, 0x99, 0x99, 0x99, 0x9c, 0x9c, 0x9c, 0x9c, 0x9c, 0x99, 0x9c, 0xa0, 0x9c, 0x97, 0x97, 0x99, 0x9c, 0x9c, 0x9c, 0x9c, 0x9c, 0x9c, 0xa0, 0x9c, 0x9c, 0x9c, 0xa0, 0x9c, 0x9c, 0x9c, 0x9c, 0x9c, 0x9c, 0x9c, 0xa0, 0x9b, 0x1c, 0x8d, 0x82, 0x7f, 0x7d, 0x09, 0x07, 0x73, 0x73, 0x6c, 0x73, 0x02, 0x6c, 0x6c, 0x00, 0x00, 0x00, 0x00, 0x00, 0x66, 0x63, 0x63, 0x00, 0x5c, 0x5c, 0x5c, 0x61, 0x61, 0x5c, 0x5c, 0x5c, 0x5c, 0x61, 0x61, 0x00, 0x00, 0x00, 0x00, 0x00, 0x00, 0x00, 0x6e, 0x6e, 0x6e, 0x02, 0x02, 0x02, 0x05, 0x05, 0x05, 0x09, 0x09, 0x7f, 0x7f, 0x0e, 0x0e, 0x13, 0x13, 0x15, 0x13, 0x15, 0x8d, 0x8d, 0x1c, 0x1e, 0x22, 0x25, 0x2c, 0xa9, 0x48, 0xc1, 0xc1, 0xc1, 0xc1, 0xc0, 0xbe, 0xbc, 0xbe, 0xbf, 0xc0, 0xbf, 0xc0, 0xbf, 0xbf, 0xbf, 0xbe, 0xbe, 0xbe, 0xbe, 0xbe, 0xbe, 0xbe, 0xba, 0xaf, 0xd4, 0xaf, 0xd4, 0xce, 0xd4, 0xce, 0xd4, 0xd4, 0xd4, 0xcf, 0xd4, 0xd4, 0xd4, 0xd4, 0xd4, 0xd4, 0xd4, 0xd0, 0xb0, 0xd0, 0xd4, 0xd0, 0xd4, 0xd4, 0xd4, 0xd4, 0xd4, 0xb0, 0xb5, 0xb5, 0xd3, 0xca, 0xcc, 0xd3, 0xd3, 0xd4, 0xd3, 0xd3, 0xce, 0xcc, 0xcc, 0xd3, 0xd3, 0xd3, 0xd3, 0xd3, 0xd3, 0xd3, 0xd4, 0xd0, 0xd4, 0xd3, 0xcc, 0xcb, 0xcb, 0xd4, 0xd3, 0xcb, 0x9e, 0xca, 0xcb, 0xcb, 0xca, 0xcd, 0xcd, 0xcc, 0xd3, 0xd4, 0xd4, 0xb5, 0xbb, 0xd2, 0xc0, 0xbe, 0x4a, 0x4a, 0x4c, 0xb8, 0xb7, 0xbc, 0xbf, 0xbe, 0xbe, 0xbd, 0xbe, 0xba, 0xb8, 0xbc, 0xbe, 0xbe, 0xbc, 0xbc, 0xbc, 0xba, 0xb5, 0xd4, 0xd3, 0xd3, 0xa8, 0xa5, 0xa8, 0xa8, 0xa8, 0xa5, 0xa5, 0xa5, 0xa5, 0xa3, 0xa3, 0xa5, 0xa5, 0xa3, 0xa3, 0xa0, 0xa0, 0x9c, 0x97, 0x90, 0x8c, 0x89, 0x89, 0x86, 0x89, 0x8c, 0x8c, 0x89, 0x86, 0x83, 0x86, 0x89, 0x83, 0x83, 0x89, 0x89, 0x89, 0x8c, 0x90, 0x90, 0x8c, 0x90, 0x89, 0x8c, 0x89, 0x8c, 0x83, 0x7e, 0x7a, 0x7e, 0x83, 0x81, 0x7e, 0x7e, 0x81, 0x83, 0x81, 0x83, 0x7e, 0x83, 0x83, 0x89, 0x83, 0x7a, 0x7a, 0x83, 0x81, 0x7e, 0x83, 0x81, 
  0xa3, 0xa3, 0xa3, 0xa3, 0xa3, 0xa0, 0xa3, 0xa3, 0xa0, 0xa0, 0xa3, 0xa3, 0xa3, 0xa3, 0xa3, 0xa0, 0xa0, 0xa3, 0xa0, 0xa3, 0xa3, 0xa0, 0xa0, 0xa0, 0xa0, 0x9c, 0xa0, 0xa0, 0xa0, 0xa0, 0xa3, 0xa0, 0xa3, 0xa3, 0xa0, 0xa0, 0xa0, 0xa0, 0xa3, 0xa0, 0xa0, 0xa0, 0xa0, 0xa0, 0xa0, 0xa0, 0xa0, 0xa0, 0xa0, 0x9c, 0xa0, 0x9c, 0x9c, 0x9c, 0x9c, 0x9c, 0x99, 0x93, 0x93, 0x93, 0x99, 0x9c, 0x97, 0x93, 0x97, 0x93, 0x97, 0x99, 0x93, 0x93, 0x99, 0x99, 0x9c, 0x9c, 0x9c, 0x9c, 0x9c, 0x9c, 0x9c, 0x99, 0x97, 0x97, 0x9c, 0x9c, 0x9c, 0x9c, 0x99, 0x9c, 0x9c, 0x9c, 0x9c, 0x9c, 0x9c, 0x9c, 0xa0, 0x9c, 0x9c, 0xa0, 0xa0, 0x9c, 0x9c, 0x9c, 0x9c, 0x9c, 0x9c, 0x99, 0x9d, 0x95, 0x94, 0x8f, 0x18, 0x0e, 0x09, 0x07, 0x78, 0x03, 0x71, 0x71, 0x71, 0x73, 0x6f, 0x6c, 0x00, 0x00, 0x00, 0x00, 0x00, 0x00, 0x00, 0x00, 0x63, 0x60, 0x61, 0x5e, 0x61, 0x61, 0x61, 0x5e, 0x5c, 0x5e, 0x61, 0x00, 0x63, 0x61, 0x00, 0x00, 0x00, 0x00, 0x00, 0x6e, 0x6f, 0x02, 0x02, 0x02, 0x74, 0x05, 0x05, 0x05, 0x09, 0x09, 0x09, 0x0d, 0x0e, 0x12, 0x13, 0x13, 0x8d, 0x18, 0x13, 0x8d, 0x8d, 0x1c, 0x1e, 0x22, 0x25, 0x28, 0x2c, 0x43, 0xc0, 0xc1, 0xc1, 0xc1, 0xc1, 0xbe, 0xbc, 0xbe, 0xc0, 0xc0, 0xbf, 0xc0, 0xc0, 0xc0, 0xbf, 0xbe, 0xbe, 0xbe, 0xbe, 0xbe, 0xbe, 0xbe, 0xbc, 0xb5, 0xd4, 0xb0, 0xd4, 0xce, 0xd3, 0xd3, 0xce, 0xd4, 0xd4, 0xd4, 0xd4, 0xd4, 0xaf, 0xd4, 0xd4, 0xd4, 0xd4, 0xd4, 0xd4, 0xd4, 0xd4, 0xd4, 0xd4, 0xd4, 0xd4, 0xd4, 0xd4, 0xb0, 0xb0, 0xb7, 0xb5, 0xcc, 0xca, 0xcd, 0xd3, 0xce, 0xd3, 0xd3, 0xd3, 0xcb, 0x9e, 0xd3, 0xd4, 0xd4, 0xce, 0xd4, 0xd4, 0xcd, 0xcc, 0xce, 0xd4, 0xd4, 0xd3, 0xcb, 0x8e, 0xcb, 0xcb, 0xd3, 0xca, 0xc9, 0xcd, 0xd3, 0xcd, 0xcb, 0xd3, 0xcc, 0xd4, 0xb9, 0xbb, 0xbe, 0xc0, 0xbe, 0xc0, 0xbf, 0x4a, 0x4a, 0x4c, 0xba, 0xb7, 0xba, 0xbe, 0xbc, 0xbc, 0xba, 0xba, 0xbc, 0xbe, 0xbe, 0xbe, 0xbd, 0xbc, 0xba, 0xb7, 0xb3, 0xd4, 0xd3, 0xd3, 0xa8, 0xa5, 0xa8, 0xa5, 0xa8, 0xa8, 0xa8, 0xa8, 0xa3, 0xa3, 0xa5, 0xa3, 0xa5, 0xa5, 0xa5, 0xa3, 0x9c, 0x99, 0x97, 0x93, 0x91, 0x90, 0x89, 0x90, 0x8c, 0x8c, 0x8c, 0x8c, 0x89, 0x86, 0x89, 0x90, 0x84, 0x86, 0x84, 0x90, 0x86, 0x83, 0x89, 0x90, 0x90, 0x8c, 0x89, 0x89, 0x83, 0x83, 0x86, 0x83, 0x7c, 0x7e, 0x7e, 0x81, 0x7e, 0x83, 0x7c, 0x7e, 0x7e, 0x7e, 0x83, 0x7e, 0x83, 0x83, 0x7e, 0x7e, 0x7a, 0x7a, 0x86, 0x84, 0x86, 0x7e, 0x7e, 
  0xa3, 0xa3, 0xa3, 0xa3, 0xa5, 0xa3, 0xa3, 0xa3, 0xa3, 0xa0, 0xa3, 0xa0, 0xa3, 0xa0, 0xa0, 0xa0, 0xa0, 0xa0, 0xa3, 0xa0, 0xa0, 0xa0, 0xa0, 0xa3, 0xa0, 0xa0, 0xa0, 0xa0, 0x9c, 0xa0, 0xa3, 0xa3, 0xa0, 0xa3, 0xa3, 0xa3, 0xa3, 0xa3, 0xa3, 0xa0, 0xa3, 0xa0, 0xa0, 0xa0, 0xa0, 0xa0, 0x9c, 0xa0, 0xa0, 0xa0, 0xa0, 0x9c, 0x9c, 0x9c, 0x9c, 0x99, 0x99, 0x99, 0x97, 0x97, 0x99, 0x99, 0x93, 0x93, 0x97, 0x91, 0x93, 0x97, 0x97, 0x97, 0x97, 0x99, 0x97, 0x9c, 0x9c, 0x9c, 0x9c, 0x9c, 0x9c, 0x99, 0x99, 0x99, 0x99, 0x99, 0x99, 0x9c, 0x9c, 0x9c, 0x9c, 0x99, 0x97, 0x97, 0x97, 0x9c, 0x9c, 0x9c, 0x9c, 0xa0, 0xa0, 0x9c, 0x9c, 0xa0, 0x9c, 0x9c, 0x9c, 0x9c, 0x9c, 0x9b, 0x94, 0x1c, 0x8d, 0x82, 0x0e, 0x0d, 0x07, 0x05, 0x73, 0x71, 0x6c, 0x6c, 0x6c, 0x6c, 0x00, 0x00, 0x01, 0x01, 0x01, 0x00, 0x00, 0x61, 0x5e, 0x5e, 0x61, 0x61, 0x00, 0x00, 0x61, 0x5c, 0x5e, 0x61, 0x00, 0x00, 0x00, 0x00, 0x00, 0x00, 0x61, 0x63, 0x00, 0x6e, 0x02, 0x02, 0x05, 0x05, 0x05, 0x05, 0x05, 0x09, 0x09, 0x09, 0x09, 0x7f, 0x0e, 0x12, 0x13, 0x18, 0x8d, 0x18, 0x18, 0x13, 0x18, 0x1c, 0x9a, 0x21, 0x25, 0x28, 0x28, 0x35, 0xbe, 0xc1, 0xc1, 0xc1, 0xc1, 0xbf, 0xbc, 0xbc, 0xbe, 0xbf, 0xc0, 0xc0, 0xbf, 0xc0, 0xbf, 0xbe, 0xbe, 0xbe, 0xbe, 0xbe, 0xbe, 0xbe, 0xbe, 0xba, 0xb0, 0xd4, 0xb0, 0xd4, 0xd3, 0xce, 0xd4, 0xd4, 0xd4, 0xd4, 0xd4, 0xd4, 0xaf, 0xd4, 0xd0, 0xd4, 0xd4, 0xd4, 0xd4, 0xd4, 0xd4, 0xd4, 0xd4, 0xd4, 0xd4, 0xd4, 0xd4, 0xd0, 0xb0, 0xb5, 0xb7, 0xd4, 0xca, 0xca, 0xcd, 0xd3, 0xd3, 0xce, 0xce, 0xd3, 0xcb, 0xcb, 0xcb, 0xd3, 0xd4, 0xd4, 0xd4, 0xd3, 0xcb, 0xca, 0xd3, 0xd4, 0xd4, 0xd4, 0xc9, 0xc9, 0xc9, 0xcb, 0xcb, 0xca, 0xcb, 0xd3, 0xd3, 0xcd, 0xb5, 0xb5, 0xb6, 0xbc, 0xc0, 0xbf, 0xc0, 0xbe, 0xbe, 0x4c, 0x4a, 0x4a, 0x4a, 0xba, 0xb7, 0xb7, 0xbc, 0xba, 0xb7, 0xba, 0xbc, 0xbe, 0xbe, 0xbc, 0xba, 0xbb, 0xba, 0xb5, 0xb0, 0xaf, 0xd4, 0xac, 0xd3, 0xa8, 0xa8, 0xa8, 0xa5, 0xa8, 0xa8, 0xa8, 0xa8, 0xa0, 0x99, 0xa5, 0xa3, 0xa3, 0xa5, 0xa3, 0xa0, 0x97, 0x91, 0x93, 0x90, 0x90, 0x90, 0x8c, 0x90, 0x90, 0x90, 0x90, 0x8c, 0x89, 0x89, 0x89, 0x8c, 0x89, 0x89, 0x90, 0x90, 0x89, 0x83, 0x83, 0x89, 0x89, 0x86, 0x83, 0x83, 0x81, 0x83, 0x86, 0x81, 0x81, 0x83, 0x83, 0x7e, 0x83, 0x83, 0x7e, 0x7e, 0x7e, 0x7e, 0x83, 0x83, 0x89, 0x7e, 0x7a, 0x7e, 0x7e, 0x7e, 0x7e, 0x86, 0x86, 0x7a, 0x7a, 
  0xa3, 0xa3, 0xa0, 0xa3, 0xa3, 0xa3, 0xa0, 0xa3, 0xa3, 0xa3, 0xa3, 0xa3, 0xa3, 0xa0, 0xa0, 0xa0, 0xa0, 0xa0, 0xa0, 0xa0, 0xa0, 0xa0, 0xa3, 0xa0, 0xa0, 0xa0, 0xa0, 0xa0, 0xa0, 0xa0, 0xa3, 0xa0, 0xa0, 0xc9, 0xa0, 0xa0, 0xa0, 0xa3, 0xa0, 0xa0, 0xa0, 0xa0, 0xa0, 0xa0, 0xa3, 0xa3, 0xa0, 0xa3, 0xa3, 0xa0, 0xa0, 0x9c, 0x9c, 0x99, 0x99, 0x99, 0x9c, 0x9c, 0x99, 0x99, 0x99, 0x97, 0x93, 0x93, 0x97, 0x93, 0x93, 0x93, 0x97, 0x93, 0x99, 0x9c, 0x99, 0x9c, 0x9c, 0x9c, 0x9c, 0x9c, 0x9c, 0x99, 0x99, 0x9c, 0x9c, 0x99, 0x9c, 0x99, 0x93, 0x99, 0x93, 0x93, 0x97, 0x99, 0x9c, 0x9c, 0x9c, 0x9c, 0xa0, 0xa0, 0x9c, 0x9c, 0x9c, 0x9c, 0x9c, 0x9c, 0x9c, 0x9c, 0x9c, 0x95, 0x94, 0x1c, 0x8d, 0x88, 0x82, 0x82, 0x07, 0x05, 0x73, 0x02, 0x6c, 0x6c, 0x6c, 0x6c, 0x6c, 0x01, 0x6c, 0x6c, 0x01, 0x00, 0x6c, 0x00, 0x61, 0x61, 0x00, 0x00, 0x63, 0x61, 0x61, 0x61, 0x61, 0x00, 0x00, 0x00, 0x00, 0x00, 0x00, 0x00, 0x61, 0x00, 0x6c, 0x6e, 0x6e, 0x02, 0x02, 0x02, 0x74, 0x74, 0x74, 0x05, 0x09, 0x09, 0x09, 0x09, 0x7f, 0x12, 0x13, 0x18, 0x8d, 0x8d, 0x8d, 0x13, 0x18, 0x8f, 0x94, 0x9a, 0x22, 0x25, 0x28, 0x2c, 0xba, 0xc0, 0xc1, 0xc1, 0xc1, 0xc1, 0xbf, 0xbd, 0xbe, 0xbe, 0xbe, 0xbf, 0xbf, 0xc0, 0xbe, 0xbf, 0xbf, 0xbe, 0xbe, 0xbe, 0xbe, 0xbe, 0xbe, 0xbd, 0xd2, 0xd4, 0xd0, 0xaf, 0xd4, 0xce, 0xd4, 0xd3, 0xd4, 0xaf, 0xaf, 0xd4, 0xd4, 0xd4, 0xd4, 0xd4, 0xd4, 0xd4, 0xaf, 0xb0, 0xb0, 0xd0, 0xd4, 0xd0, 0xd4, 0xd4, 0xd4, 0xd4, 0xd4, 0xb0, 0xb5, 0xb6, 0xa5, 0x98, 0xcb, 0xd3, 0xd3, 0xd3, 0xce, 0xd4, 0xce, 0xca, 0xc6, 0x97, 0xd3, 0xd4, 0xd4, 0xd4, 0xd3, 0x98, 0x9e, 0xd3, 0xd4, 0xd4, 0xcb, 0xc9, 0xc9, 0x9e, 0x98, 0xc9, 0xca, 0xcd, 0xce, 0xd0, 0xbb, 0xbc, 0xb8, 0xba, 0xc0, 0xc0, 0xbe, 0x4a, 0xbe, 0xbf, 0x4a, 0x4a, 0xbc, 0xb7, 0xb7, 0xb7, 0xb8, 0xb7, 0xba, 0xbd, 0xbf, 0xbc, 0xba, 0xb7, 0xb5, 0xb0, 0xb0, 0xaf, 0xaf, 0xac, 0xd3, 0xd3, 0xa8, 0xa8, 0xa5, 0xa8, 0xa5, 0xa8, 0xa5, 0xa5, 0xa5, 0xa3, 0xa3, 0xa3, 0xa3, 0xa3, 0xa0, 0xa0, 0xa0, 0x93, 0x90, 0x97, 0x90, 0x91, 0x90, 0x89, 0x8c, 0x90, 0x8c, 0x8c, 0x8c, 0x89, 0x89, 0x89, 0x89, 0x89, 0x89, 0x90, 0x86, 0x89, 0x89, 0x89, 0x8c, 0x90, 0x84, 0x86, 0x83, 0x7e, 0x83, 0x83, 0x81, 0x83, 0x86, 0x89, 0x83, 0x83, 0x7e, 0x7e, 0x81, 0x86, 0x83, 0x89, 0x89, 0x83, 0x7a, 0x7c, 0x83, 0x83, 0x7e, 0x7e, 0x89, 0x83, 0x7c, 0x75, 
  0xa3, 0xa5, 0xa3, 0xa0, 0xa3, 0xa5, 0xa3, 0xa3, 0xa3, 0xa0, 0xa0, 0xa3, 0xa3, 0x9c, 0x9c, 0xa0, 0xa0, 0xa0, 0xa3, 0xa0, 0xa0, 0xa0, 0xa0, 0xa0, 0xa0, 0xa0, 0xa0, 0x9c, 0xa0, 0xa0, 0xa0, 0xa0, 0x9c, 0x9c, 0x9c, 0xa0, 0xa0, 0xa0, 0x9c, 0xa0, 0xa0, 0xa0, 0xa0, 0xa0, 0xa0, 0xa0, 0xa0, 0xa3, 0xa0, 0xa0, 0x9c, 0x9c, 0xa0, 0x97, 0x99, 0x9c, 0x9c, 0x99, 0x99, 0x99, 0x99, 0x99, 0x93, 0x97, 0x99, 0x99, 0x93, 0x97, 0x93, 0x93, 0x93, 0x99, 0x9c, 0x9c, 0x9c, 0x99, 0x9c, 0x9c, 0x9c, 0x9c, 0x9c, 0x9c, 0x9c, 0x99, 0x9c, 0x9c, 0x91, 0x97, 0x99, 0x97, 0x99, 0x9c, 0x9c, 0x9c, 0x9c, 0x9c, 0x9c, 0x9c, 0x9c, 0x9c, 0x9c, 0x9c, 0x9c, 0x9c, 0x9c, 0xa0, 0x9c, 0x96, 0x92, 0x94, 0x8d, 0x88, 0x0d, 0x82, 0x07, 0x05, 0x02, 0x02, 0x02, 0x71, 0x02, 0x71, 0x6c, 0x6c, 0x6c, 0x6c, 0x01, 0x01, 0x01, 0x00, 0x00, 0x68, 0x00, 0x61, 0x61, 0x61, 0x63, 0x00, 0x00, 0x00, 0x61, 0x61, 0x61, 0x63, 0x63, 0x61, 0x00, 0x6e, 0x6e, 0x6e, 0x6c, 0x6f, 0x02, 0x02, 0x02, 0x74, 0x74, 0x74, 0x05, 0x09, 0x09, 0x09, 0x7f, 0x0e, 0x13, 0x13, 0x18, 0x8d, 0x15, 0x15, 0x8f, 0x8f, 0x94, 0x9a, 0x21, 0x24, 0x28, 0x28, 0x3b, 0xbe, 0xc1, 0xc1, 0xc1, 0xc1, 0xc0, 0xbe, 0xbd, 0xbe, 0xbe, 0xbf, 0xbf, 0xc0, 0xbf, 0xc0, 0xbf, 0xbe, 0xbe, 0xbe, 0xbe, 0xbe, 0xbe, 0xbe, 0xbc, 0xd0, 0xd4, 0xb0, 0xd0, 0xd3, 0xd4, 0xce, 0xd4, 0xaf, 0xd4, 0xd4, 0xd4, 0xd4, 0xd4, 0xd4, 0xd4, 0xd4, 0xd4, 0xb0, 0xd0, 0xcf, 0xb0, 0xb0, 0xd4, 0xd4, 0xd4, 0xd4, 0xd4, 0xb0, 0xb0, 0xb7, 0xaf, 0xca, 0xca, 0xd3, 0xd4, 0xd3, 0xce, 0xd3, 0xcd, 0xcc, 0x98, 0x8e, 0x98, 0xcc, 0xd0, 0xd4, 0xd4, 0xcb, 0x98, 0xa3, 0xcd, 0xd3, 0xd3, 0x98, 0xc7, 0xc9, 0xc8, 0xc9, 0xd3, 0xb5, 0xbc, 0xbe, 0xbe, 0xbd, 0xba, 0xba, 0xbe, 0xbe, 0x4a, 0xbe, 0xbf, 0xbf, 0xbe, 0xbc, 0xba, 0xb5, 0xb5, 0xb7, 0xba, 0xbc, 0xbe, 0xbe, 0x4a, 0xba, 0xb6, 0xb5, 0xd4, 0xd4, 0xac, 0xd4, 0xd4, 0xac, 0xaa, 0xd3, 0xa8, 0xa8, 0xa5, 0xa8, 0xa5, 0xa5, 0xa5, 0xa5, 0xa5, 0xa5, 0xa3, 0xa3, 0xa3, 0xa0, 0x9c, 0x99, 0x97, 0x90, 0x91, 0x93, 0x89, 0x91, 0x93, 0x90, 0x89, 0x89, 0x89, 0x8c, 0x89, 0x89, 0x8c, 0x8c, 0x8c, 0x89, 0x86, 0x84, 0x83, 0x89, 0x8c, 0x8c, 0x89, 0x86, 0x83, 0x86, 0x83, 0x7e, 0x7e, 0x81, 0x83, 0x86, 0x8b, 0x89, 0x86, 0x7c, 0x7a, 0x7e, 0x81, 0x83, 0x89, 0x89, 0x89, 0x81, 0x7a, 0x7e, 0x83, 0x7e, 0x81, 0x81, 0x83, 0x81, 0x7a, 0x7e, 
  0xa5, 0xa3, 0xa0, 0xa0, 0xa3, 0xa3, 0xa3, 0xa0, 0xa3, 0xa3, 0xa3, 0xa0, 0xa0, 0x9c, 0x9c, 0xa0, 0xa0, 0xa0, 0xa5, 0xa3, 0xa3, 0xa3, 0xa0, 0xa0, 0xa0, 0xa0, 0xa0, 0xa0, 0xa0, 0x9c, 0x9c, 0xa0, 0xa0, 0xa0, 0xa0, 0xa0, 0xa0, 0xa0, 0xa0, 0xa0, 0xa0, 0xa0, 0xa0, 0xa3, 0xa3, 0xa0, 0xa0, 0xa0, 0xa0, 0xa0, 0xa0, 0xa0, 0xa0, 0x9c, 0x9c, 0x9c, 0x9c, 0x9c, 0x99, 0x93, 0x99, 0x9c, 0x99, 0x97, 0x97, 0x99, 0x99, 0x99, 0x91, 0x97, 0x91, 0x9c, 0x9c, 0x99, 0x9c, 0x97, 0x99, 0x9c, 0x9c, 0x9c, 0x9c, 0x9c, 0x9c, 0x9c, 0xa0, 0x9c, 0x93, 0x93, 0x9c, 0x99, 0x9c, 0x9c, 0x9c, 0x9c, 0x9c, 0x9c, 0xa0, 0x9c, 0x9c, 0x9c, 0x9c, 0x9c, 0x9c, 0x9c, 0x9c, 0xa0, 0xa0, 0x9d, 0x95, 0x94, 0x8d, 0x88, 0x82, 0x82, 0x07, 0x05, 0x03, 0x73, 0x02, 0x02, 0x02, 0x02, 0x6c, 0x01, 0x01, 0x6c, 0x6c, 0x01, 0x00, 0x00, 0x00, 0x00, 0x00, 0x61, 0x63, 0x00, 0x00, 0x00, 0x63, 0x5e, 0x5e, 0x61, 0x63, 0x61, 0x5e, 0x63, 0x6c, 0x6e, 0x6e, 0x00, 0x00, 0x6f, 0x02, 0x6e, 0x6e, 0x02, 0x74, 0x74, 0x05, 0x09, 0x09, 0x09, 0x09, 0x7f, 0x0e, 0x13, 0x13, 0x13, 0x13, 0x15, 0x8f, 0x8f, 0x1c, 0x1e, 0x9a, 0x22, 0x25, 0x28, 0xa6, 0x48, 0xc1, 0xc1, 0xc1, 0xc1, 0xc1, 0xbf, 0xbd, 0xbe, 0xbe, 0xbe, 0xbf, 0xc0, 0xbf, 0xc0, 0xbf, 0xbe, 0xbe, 0xbe, 0xbe, 0xbe, 0xbe, 0xbe, 0xbe, 0xd2, 0xd4, 0xb0, 0xb0, 0xd4, 0xd4, 0xd4, 0xd4, 0xce, 0xd4, 0xd4, 0xd4, 0xd4, 0xd4, 0xd4, 0xd4, 0xcf, 0xcf, 0xd4, 0xb0, 0xcf, 0xd0, 0xb0, 0xd4, 0xd4, 0xd4, 0xd0, 0xd4, 0xb0, 0xd0, 0xd1, 0xb7, 0xd4, 0xc9, 0xcb, 0xd3, 0xce, 0xd3, 0xd3, 0xcc, 0xcc, 0xca, 0xc9, 0x98, 0xca, 0xd3, 0xd3, 0xcd, 0xcc, 0xca, 0xca, 0x98, 0xc9, 0xd4, 0xca, 0x8e, 0xca, 0xd4, 0xd1, 0xb5, 0xb5, 0xbb, 0xbf, 0xbe, 0xbf, 0xbe, 0xbb, 0xbe, 0xbf, 0xc0, 0xbf, 0xbe, 0xbe, 0xbe, 0xba, 0xb7, 0xb7, 0xb7, 0xba, 0xbd, 0xbe, 0xbc, 0xba, 0xb8, 0xb5, 0xaf, 0xac, 0xac, 0xd4, 0xaf, 0xd4, 0xce, 0xce, 0xd3, 0xa8, 0xa8, 0xaa, 0xa8, 0xa8, 0xa8, 0xa8, 0xa5, 0xa8, 0xa5, 0xa5, 0xa5, 0xa3, 0xa0, 0x9c, 0x99, 0x91, 0x90, 0x90, 0x90, 0x8c, 0x89, 0x91, 0x91, 0x90, 0x89, 0x89, 0x86, 0x89, 0x89, 0x90, 0x90, 0x90, 0x90, 0x8c, 0x89, 0x89, 0x89, 0x90, 0x86, 0x83, 0x83, 0x83, 0x89, 0x89, 0x89, 0x83, 0x7e, 0x83, 0x86, 0x89, 0x8c, 0x89, 0x81, 0x7e, 0x7e, 0x83, 0x86, 0x83, 0x83, 0x89, 0x89, 0x81, 0x7e, 0x7a, 0x7a, 0x7e, 0x81, 0x86, 0x7e, 0x81, 0x81, 0x89, 
  0xa3, 0xa3, 0xa3, 0xa3, 0xa5, 0xa5, 0xa3, 0x9c, 0xa0, 0xa5, 0xa3, 0xa0, 0x9c, 0x9c, 0xa0, 0xa0, 0xa0, 0xa3, 0xa3, 0xa0, 0xa3, 0xa3, 0xa0, 0xa3, 0xa0, 0xa0, 0xa0, 0xa0, 0xa0, 0xa0, 0xa0, 0xa0, 0xa0, 0xa0, 0xa0, 0xa0, 0xa0, 0xa3, 0xa3, 0xa3, 0xa0, 0xa0, 0xa0, 0xa3, 0xa0, 0xa0, 0xa0, 0x9c, 0xa0, 0xa0, 0x9c, 0x9c, 0x9c, 0x9c, 0x9c, 0x99, 0x9c, 0x9c, 0x97, 0x97, 0x99, 0x99, 0x99, 0x97, 0x99, 0x99, 0x99, 0x99, 0x97, 0x9c, 0x99, 0x9c, 0x99, 0x97, 0x97, 0x93, 0x97, 0x99, 0x9c, 0x9c, 0xa0, 0x9c, 0x99, 0x9c, 0x9c, 0x99, 0x91, 0x93, 0x9c, 0x9c, 0xa0, 0x9c, 0x99, 0x9c, 0x9c, 0x9c, 0xa0, 0x9c, 0x9c, 0x99, 0x9c, 0x9c, 0x9c, 0x9c, 0x9c, 0xa0, 0xa0, 0x9d, 0x95, 0x94, 0x8d, 0x13, 0x12, 0x12, 0x09, 0x02, 0x03, 0x73, 0x73, 0x73, 0x02, 0x6c, 0x6c, 0x6c, 0x6c, 0x6c, 0x6c, 0x01, 0x01, 0x00, 0x00, 0x00, 0x63, 0x61, 0x00, 0x00, 0x01, 0x01, 0x61, 0x5e, 0x61, 0x61, 0x61, 0x63, 0x61, 0x00, 0x6e, 0x6e, 0x00, 0x00, 0x00, 0x6e, 0x02, 0x6e, 0x6e, 0x6e, 0x02, 0x74, 0x07, 0x79, 0x05, 0x09, 0x09, 0x7f, 0x13, 0x13, 0x13, 0x13, 0x13, 0x18, 0x8f, 0x1c, 0x1e, 0x1e, 0x9a, 0x21, 0x22, 0x27, 0x2c, 0xb2, 0xc0, 0xc1, 0xc1, 0xc1, 0xc1, 0xc1, 0xbe, 0xbd, 0xbe, 0xbf, 0xc0, 0xbf, 0xbf, 0xbf, 0xbf, 0xbe, 0xbf, 0xbe, 0xbe, 0xbe, 0xbe, 0xbe, 0xbe, 0xbc, 0xd4, 0xd4, 0xb0, 0xaf, 0xd3, 0xd4, 0xd4, 0xd3, 0xd4, 0xd4, 0xd4, 0xd4, 0xd4, 0xd4, 0xd4, 0xd0, 0xcf, 0xd4, 0xd0, 0xb0, 0xb0, 0xb0, 0xb0, 0xd4, 0xd4, 0xd0, 0xd4, 0xaf, 0xb0, 0xb0, 0xb5, 0xb5, 0xca, 0xc9, 0xcc, 0xd3, 0xd3, 0xd3, 0xd3, 0xcd, 0xca, 0xc9, 0xcb, 0xcc, 0xca, 0xc8, 0xca, 0x98, 0xc6, 0xc9, 0xca, 0x98, 0xd4, 0xd3, 0xcb, 0xcb, 0xb5, 0xbe, 0xbe, 0xba, 0xbc, 0xbf, 0xc0, 0xc0, 0xbe, 0xbe, 0xbf, 0xbe, 0xbe, 0xbe, 0xbd, 0xbc, 0xba, 0xb7, 0xb7, 0xb7, 0xba, 0xbc, 0xba, 0xba, 0xb7, 0xd2, 0xb5, 0xd4, 0xac, 0xa8, 0xac, 0xac, 0xd4, 0xd4, 0xce, 0xd3, 0xa8, 0xa8, 0xa8, 0xa8, 0xa8, 0xa8, 0xa8, 0xa8, 0xa5, 0xa8, 0xa5, 0xa5, 0xa5, 0xa0, 0x9c, 0x99, 0x97, 0x90, 0x90, 0x91, 0x90, 0x8c, 0x89, 0x93, 0x91, 0x89, 0x83, 0x89, 0x86, 0x89, 0x8c, 0x8c, 0x90, 0x90, 0x90, 0x89, 0x89, 0x90, 0x90, 0x8c, 0x84, 0x81, 0x83, 0x89, 0x89, 0x8c, 0x8c, 0x89, 0x83, 0x83, 0x83, 0x89, 0x83, 0x89, 0x86, 0x83, 0x83, 0x7e, 0x81, 0x7e, 0x7a, 0x81, 0x84, 0x81, 0x83, 0x7a, 0x7e, 0x7a, 0x7e, 0x89, 0x7a, 0x7e, 0x81, 0x83, 
  0xa3, 0xa3, 0xa3, 0xa3, 0xa3, 0xa3, 0xa0, 0x9c, 0xa0, 0xa5, 0xa3, 0xa0, 0x9c, 0xa0, 0xa3, 0xa0, 0xa0, 0xa3, 0xa3, 0xa0, 0xa0, 0xa3, 0xa0, 0xa0, 0xa3, 0xa3, 0xa0, 0xa0, 0xa0, 0xa0, 0xa0, 0xa0, 0xa0, 0xa0, 0xa0, 0xa0, 0xa3, 0xa3, 0xa0, 0xa3, 0xa0, 0xa0, 0xa0, 0xa0, 0xa0, 0xa0, 0xa0, 0x9c, 0xa0, 0x9c, 0xa0, 0x9c, 0x9c, 0x99, 0x9c, 0x93, 0x99, 0x99, 0x97, 0x97, 0x99, 0x97, 0x97, 0x99, 0x9c, 0x99, 0x99, 0x99, 0x97, 0x99, 0x9c, 0x99, 0x99, 0x93, 0x97, 0x93, 0x97, 0x99, 0x99, 0x9c, 0x9c, 0x9c, 0x9c, 0x99, 0x99, 0x97, 0x93, 0x99, 0x9c, 0x9c, 0x9c, 0x9c, 0x9c, 0x99, 0x99, 0xa0, 0xa3, 0x9c, 0x9c, 0x9c, 0xa0, 0xa0, 0x9c, 0x9c, 0x97, 0x9c, 0x9c, 0x99, 0x95, 0x94, 0x1c, 0x18, 0x13, 0x12, 0x09, 0x05, 0x05, 0x02, 0x71, 0x71, 0x02, 0x6c, 0x6c, 0x6c, 0x6c, 0x6c, 0x01, 0x00, 0x00, 0x00, 0x00, 0x61, 0x61, 0x00, 0x00, 0x00, 0x00, 0x00, 0x61, 0x5e, 0x5e, 0x5e, 0x61, 0x61, 0x61, 0x6c, 0x00, 0x68, 0x00, 0x00, 0x6c, 0x02, 0x02, 0x6e, 0x6e, 0x6f, 0x02, 0x05, 0x07, 0x07, 0x07, 0x09, 0x7f, 0x0e, 0x13, 0x0e, 0x0e, 0x13, 0x13, 0x18, 0x1c, 0x1c, 0x94, 0x1e, 0x21, 0x21, 0x21, 0x25, 0x2a, 0xa9, 0x4a, 0xc1, 0xc1, 0xc1, 0xc1, 0xc1, 0xbf, 0xbd, 0xbe, 0xbe, 0xc0, 0xc0, 0xbf, 0xbf, 0xbf, 0xbf, 0xbe, 0xbe, 0xbe, 0xbe, 0xbe, 0xbe, 0xbe, 0xbe, 0xb5, 0xd4, 0xb0, 0xb0, 0xd4, 0xd4, 0xd4, 0xd3, 0xd4, 0xd4, 0xd4, 0xd4, 0xd0, 0xd4, 0xcf, 0xd0, 0xd0, 0xd0, 0xb0, 0xb0, 0xb0, 0xaf, 0xaf, 0xaf, 0xaf, 0xd0, 0xd4, 0xd4, 0xd0, 0xb0, 0xd0, 0xb5, 0xd4, 0xcb, 0xca, 0xcc, 0xd3, 0xd3, 0xd4, 0xd3, 0xd3, 0xcc, 0xcb, 0xcc, 0xca, 0xc5, 0x87, 0xc8, 0xc5, 0x8e, 0xcc, 0xcc, 0xb5, 0xb7, 0xba, 0xb7, 0xba, 0xbe, 0xbf, 0xbe, 0xbf, 0xc0, 0xbf, 0xbe, 0xbe, 0xbe, 0xbe, 0xbe, 0xbd, 0xbc, 0xba, 0xb7, 0xb5, 0xd2, 0xb7, 0xb8, 0xba, 0xba, 0xb7, 0xb7, 0xb5, 0xb3, 0xd4, 0xd4, 0xac, 0xac, 0xac, 0xd4, 0xd4, 0xd4, 0xd3, 0xa8, 0xa8, 0xa8, 0xa8, 0xa8, 0xa8, 0xa8, 0xa8, 0xa8, 0xa8, 0xa8, 0xa5, 0xa5, 0xa3, 0xa0, 0x99, 0x93, 0x91, 0x90, 0x91, 0x90, 0x90, 0x90, 0x89, 0x90, 0x91, 0x8c, 0x89, 0x8c, 0x89, 0x89, 0x8c, 0x89, 0x89, 0x90, 0x90, 0x90, 0x86, 0x8c, 0x89, 0x83, 0x83, 0x83, 0x86, 0x89, 0x86, 0x90, 0x89, 0x83, 0x83, 0x81, 0x81, 0x83, 0x83, 0x8c, 0x8c, 0x83, 0x7c, 0x7c, 0x81, 0x7e, 0x7a, 0x81, 0x83, 0x86, 0x89, 0x83, 0x83, 0x7e, 0x81, 0x89, 0x7a, 0x7e, 0x7e, 0x7e, 
  0xa3, 0xa3, 0xa5, 0xa3, 0xa0, 0xa3, 0xa0, 0xa0, 0xa3, 0xa0, 0xa0, 0x9c, 0xa0, 0xa3, 0xa3, 0xa0, 0xa0, 0xa3, 0xa3, 0xa0, 0xa0, 0xa0, 0xa3, 0xa0, 0xa0, 0xa0, 0xa0, 0xa0, 0xa0, 0xa0, 0xa0, 0x9c, 0x9c, 0x9c, 0xa0, 0xa0, 0xa3, 0xa0, 0xa3, 0xa3, 0xa3, 0xa3, 0xa0, 0xa0, 0xa0, 0xa0, 0xa0, 0xa0, 0x9c, 0x9c, 0x9c, 0x9c, 0xa0, 0x9c, 0x99, 0x97, 0x97, 0x99, 0x99, 0x99, 0x97, 0x97, 0x97, 0x99, 0x99, 0x99, 0x99, 0x97, 0x97, 0x97, 0xa0, 0x97, 0x99, 0x97, 0x93, 0x97, 0x99, 0x99, 0x99, 0x99, 0x99, 0x9c, 0xa0, 0x99, 0x93, 0x93, 0x99, 0x99, 0x9c, 0x9c, 0x99, 0x9c, 0x9c, 0x99, 0x99, 0xa0, 0xa0, 0x9c, 0x99, 0x9c, 0x9c, 0x9c, 0xa0, 0x9c, 0x97, 0x99, 0x9c, 0x9c, 0x96, 0x95, 0x1c, 0x8d, 0x13, 0x82, 0x09, 0x07, 0x07, 0x02, 0x02, 0x6c, 0x6c, 0x6c, 0x6c, 0x6c, 0x6c, 0x6c, 0x00, 0x00, 0x00, 0x63, 0x61, 0x63, 0x61, 0x61, 0x61, 0x00, 0x63, 0x63, 0x5e, 0x5c, 0x5e, 0x61, 0x63, 0x00, 0x6c, 0x6c, 0x00, 0x68, 0x68, 0x00, 0x6c, 0x6c, 0x6f, 0x6e, 0x02, 0x02, 0x02, 0x05, 0x05, 0x07, 0x09, 0x7f, 0x0e, 0x13, 0x0e, 0x7f, 0x7f, 0x0e, 0x15, 0x8d, 0x1c, 0x1c, 0x94, 0x1e, 0x21, 0x21, 0x9a, 0x22, 0x28, 0x2c, 0x41, 0xc1, 0xc1, 0xc1, 0xc1, 0xc1, 0xc1, 0xbe, 0xbd, 0xbe, 0xbf, 0xbf, 0xbf, 0xbf, 0xbf, 0xbe, 0xbe, 0xbe, 0xbe, 0xbe, 0xbe, 0xbe, 0xbe, 0xbe, 0xbc, 0xb5, 0xd4, 0xb0, 0xd0, 0xd4, 0xd4, 0xd4, 0xd4, 0xd4, 0xd4, 0xd4, 0xd4, 0xd4, 0xd4, 0xd4, 0xb0, 0xb0, 0xb0, 0xb0, 0xd0, 0xd4, 0xaf, 0xd0, 0xb0, 0xaf, 0xd3, 0xd3, 0xd3, 0xd4, 0xd4, 0xd4, 0xd1, 0xb0, 0xcc, 0xca, 0xcb, 0xd3, 0xce, 0xce, 0xd4, 0xd4, 0xd3, 0xcc, 0xca, 0xc8, 0x87, 0x98, 0x98, 0xc8, 0xd4, 0xb7, 0xbe, 0xbe, 0xbf, 0xbe, 0xbe, 0xc0, 0xc0, 0xc0, 0xc0, 0xc0, 0xbe, 0xbe, 0xbd, 0xbc, 0xbd, 0xbc, 0xba, 0xb7, 0xd2, 0xb5, 0xb5, 0xb7, 0xd2, 0xd2, 0xb7, 0xb8, 0xd2, 0xb5, 0xd0, 0xd4, 0xd3, 0xd3, 0xd3, 0xac, 0xd4, 0xac, 0xce, 0xd3, 0xd3, 0xac, 0xce, 0xce, 0xa8, 0xa8, 0xa8, 0xac, 0xa8, 0xa8, 0xa8, 0xa5, 0xa3, 0xa3, 0xa0, 0x9c, 0x97, 0x93, 0x93, 0x91, 0x90, 0x8c, 0x90, 0x90, 0x90, 0x89, 0x91, 0x91, 0x90, 0x90, 0x86, 0x89, 0x89, 0x86, 0x83, 0x89, 0x89, 0x89, 0x89, 0x90, 0x89, 0x83, 0x81, 0x83, 0x89, 0x89, 0x90, 0xc9, 0x9c, 0x89, 0x83, 0x86, 0x83, 0x83, 0x8c, 0x90, 0x90, 0x7e, 0x75, 0x7a, 0x81, 0x7e, 0x7e, 0x83, 0x83, 0x86, 0x83, 0x83, 0x81, 0x7e, 0x86, 0x7e, 0x7e, 0x86, 0x90, 0x89, 
  0xa3, 0xa5, 0xa3, 0xa3, 0xa3, 0xa3, 0xa3, 0xa3, 0xa0, 0x9c, 0x9c, 0xa0, 0xa0, 0xa0, 0xa3, 0xa0, 0xa0, 0xa3, 0xa0, 0xa3, 0xa3, 0xa0, 0xa0, 0x9c, 0xa0, 0xa3, 0xa0, 0xa0, 0xa0, 0xa0, 0xa0, 0xa0, 0x9c, 0x9c, 0x9c, 0xa0, 0xa3, 0xa0, 0xa3, 0xa3, 0xa3, 0xa3, 0xa0, 0x9c, 0xa0, 0xa3, 0xa0, 0x9c, 0x9c, 0x9c, 0xa0, 0x9c, 0xa0, 0x9c, 0x99, 0x99, 0x99, 0x9c, 0x99, 0x97, 0x97, 0x97, 0x97, 0x99, 0x9c, 0x9c, 0x99, 0x93, 0x97, 0x97, 0x9c, 0x99, 0x99, 0x99, 0x99, 0x99, 0x97, 0x97, 0x99, 0x99, 0x99, 0x99, 0x9c, 0x93, 0x90, 0x93, 0x9c, 0x9c, 0x9c, 0x99, 0x97, 0x99, 0x97, 0x99, 0x9c, 0x9c, 0xa0, 0x9c, 0x9c, 0x9c, 0x9c, 0x9c, 0xa0, 0x9c, 0x99, 0x9c, 0x9c, 0x9c, 0x9d, 0x9b, 0x94, 0x8d, 0x88, 0x82, 0x07, 0x09, 0x78, 0x05, 0x02, 0x6c, 0x6c, 0x01, 0x6c, 0x6c, 0x6c, 0x6c, 0x00, 0x00, 0x00, 0x63, 0x63, 0x00, 0x63, 0x61, 0x61, 0x61, 0x5e, 0x61, 0x5c, 0x59, 0x5e, 0x00, 0x68, 0x6c, 0x6c, 0x00, 0x00, 0x01, 0x00, 0x6c, 0x68, 0x00, 0x68, 0x6c, 0x6c, 0x02, 0x05, 0x05, 0x05, 0x05, 0x09, 0x0e, 0x0e, 0x0e, 0x7f, 0x0d, 0x7f, 0x0e, 0x15, 0x8d, 0x8f, 0x1c, 0x94, 0x1e, 0x9a, 0x21, 0x21, 0x21, 0x22, 0x28, 0xa9, 0xbd, 0xc1, 0xc1, 0xc1, 0xc1, 0xc1, 0xc1, 0xbe, 0xbe, 0xbf, 0xc0, 0xc0, 0xbf, 0xbf, 0xbe, 0xbf, 0xbf, 0xbe, 0xbe, 0xbe, 0xbe, 0xbe, 0xbe, 0xbe, 0xba, 0xd4, 0xd4, 0xd1, 0xd4, 0xd4, 0xd4, 0xd4, 0xd4, 0xd3, 0xd4, 0xd4, 0xd4, 0xd4, 0xd4, 0xb0, 0xd0, 0xaf, 0xb0, 0xaf, 0xd4, 0xaf, 0xb0, 0xb0, 0xd4, 0xcd, 0xa5, 0xcd, 0xd3, 0xd3, 0xd3, 0xd4, 0xb5, 0xb5, 0xcd, 0xca, 0xcc, 0xd3, 0xce, 0xd4, 0xd4, 0xd3, 0xd3, 0xc9, 0x98, 0xca, 0xcc, 0xb0, 0xb5, 0xba, 0xbe, 0xbe, 0xbe, 0xbe, 0xbf, 0xbf, 0xc0, 0xbf, 0xc1, 0xbf, 0xbe, 0xbd, 0xbc, 0xbc, 0xbc, 0xba, 0xb7, 0xb5, 0xb5, 0xb5, 0xb7, 0xb5, 0xb7, 0xd2, 0xd2, 0xba, 0xba, 0xd2, 0xaf, 0xac, 0xac, 0xd3, 0xa8, 0xd3, 0xd3, 0xce, 0xd3, 0xd3, 0xd3, 0xd3, 0xd4, 0xd4, 0xd3, 0xa8, 0xa5, 0xa8, 0xa8, 0xd3, 0xa8, 0xa8, 0xa3, 0xa3, 0xa0, 0x9c, 0x99, 0x97, 0x91, 0x90, 0x90, 0x90, 0x93, 0x90, 0x89, 0x90, 0x90, 0x93, 0x91, 0x90, 0x90, 0x89, 0x89, 0x86, 0x83, 0x89, 0x86, 0x89, 0x83, 0x86, 0x8c, 0x8c, 0x83, 0x83, 0x83, 0x7e, 0x81, 0x91, 0x99, 0xa5, 0x91, 0x84, 0x86, 0x83, 0x83, 0x86, 0x89, 0x89, 0x7e, 0x7a, 0x81, 0x83, 0x81, 0x83, 0x86, 0x7e, 0x7e, 0x7c, 0x7e, 0x7e, 0x7e, 0x83, 0x83, 0x89, 0x89, 0x89, 0x83, 
  0xa5, 0xa5, 0xa0, 0xa0, 0xa0, 0xa0, 0xa3, 0xa3, 0xa3, 0x9c, 0xa0, 0xa3, 0xa0, 0xa0, 0xa0, 0xa0, 0xa0, 0xa0, 0xa0, 0xa3, 0xa5, 0xa0, 0xa3, 0xa3, 0xa3, 0xa0, 0xa3, 0xa0, 0xa0, 0x9c, 0xa0, 0xa0, 0xa0, 0xa0, 0xa0, 0xa3, 0xa3, 0xa3, 0xa3, 0xa0, 0xa3, 0xa3, 0xa0, 0x9c, 0xa0, 0x9c, 0x9c, 0x9c, 0x9c, 0x9c, 0xa0, 0x9c, 0x9c, 0x9c, 0x99, 0x99, 0x99, 0x9c, 0x9c, 0x99, 0x99, 0x97, 0x97, 0x99, 0x99, 0x9c, 0x99, 0x99, 0x99, 0x99, 0x9c, 0x9c, 0x99, 0x99, 0x93, 0x90, 0x91, 0x97, 0x99, 0x99, 0x97, 0x93, 0x97, 0x91, 0x93, 0x97, 0x97, 0x9c, 0x97, 0x93, 0x93, 0x97, 0x97, 0x99, 0x9c, 0x9c, 0xa0, 0xa0, 0xa0, 0x9c, 0x9c, 0xa0, 0x9c, 0x9c, 0x93, 0x99, 0x9c, 0x9c, 0x9d, 0x9b, 0x94, 0x8d, 0x13, 0x82, 0x07, 0x09, 0x03, 0x03, 0x02, 0x6c, 0x01, 0x01, 0x6c, 0x6c, 0x6c, 0x6c, 0x00, 0x00, 0x00, 0x60, 0x63, 0x61, 0x61, 0x63, 0x61, 0x5c, 0x5c, 0x5c, 0x5e, 0x5e, 0x5e, 0x61, 0x68, 0x6e, 0x68, 0x61, 0x00, 0x00, 0x6c, 0x00, 0x61, 0x61, 0x00, 0x00, 0x6c, 0x6e, 0x02, 0x05, 0x05, 0x79, 0x0d, 0x0d, 0x13, 0x0e, 0x0e, 0x0d, 0x0e, 0x13, 0x8d, 0x8d, 0x8d, 0x1c, 0x1c, 0x1c, 0x1e, 0x21, 0x21, 0x21, 0x22, 0x25, 0xa6, 0xb8, 0xc1, 0xc1, 0xc1, 0xc1, 0xc1, 0xc1, 0xbe, 0xbc, 0xbe, 0xbf, 0xbf, 0xbf, 0xbf, 0xbf, 0xbf, 0xbf, 0xbe, 0xbe, 0xbf, 0xbe, 0xbe, 0xbe, 0xbe, 0xbe, 0xb5, 0xce, 0xb0, 0xaf, 0xd4, 0xd4, 0xd4, 0xd4, 0xce, 0xd4, 0xd4, 0xd4, 0xd4, 0xcf, 0xb0, 0xd0, 0xd0, 0xd0, 0xaf, 0xd4, 0xd4, 0xd4, 0xd4, 0xd3, 0xcd, 0xa5, 0xcd, 0xd3, 0xce, 0xce, 0xd4, 0xd0, 0xd2, 0xb5, 0xd3, 0xcc, 0xcc, 0xd3, 0xd3, 0xd3, 0xd3, 0xd3, 0xcb, 0xca, 0xb0, 0xba, 0xbc, 0xbe, 0xbe, 0xbf, 0xbe, 0xbe, 0xbf, 0xbe, 0xbe, 0xc0, 0xc0, 0xbf, 0xbf, 0xbf, 0xbc, 0xba, 0xba, 0xba, 0xd2, 0xb7, 0xb5, 0xb5, 0xd2, 0xb7, 0xb7, 0xb7, 0xb7, 0xba, 0xba, 0xb5, 0xb0, 0xad, 0xac, 0xac, 0xd3, 0xd3, 0xd3, 0xac, 0xac, 0xac, 0xac, 0xaa, 0xd3, 0xaa, 0xaa, 0xaa, 0xa8, 0xa3, 0xa5, 0xa8, 0xa8, 0xa5, 0xa5, 0xa5, 0xa3, 0xa0, 0x9c, 0x99, 0x97, 0x93, 0x8c, 0x90, 0x90, 0x91, 0x89, 0x90, 0x8c, 0x93, 0x97, 0x90, 0x89, 0x83, 0x83, 0x89, 0x86, 0x81, 0x84, 0x89, 0x89, 0x83, 0x89, 0x93, 0x89, 0x86, 0x89, 0x8c, 0x89, 0x86, 0x90, 0x90, 0xa5, 0x9c, 0x89, 0x83, 0x81, 0x7c, 0x7e, 0x83, 0x83, 0x89, 0x83, 0x89, 0x83, 0x86, 0x89, 0x83, 0x7e, 0x7e, 0x86, 0x83, 0x89, 0x89, 0x83, 0x89, 0x90, 0x90, 0x90, 0x83, 
  0xa3, 0xa3, 0xa0, 0xa0, 0xa3, 0xa0, 0xa0, 0xa3, 0xa0, 0xa0, 0xa3, 0xa0, 0xa3, 0xa0, 0x9c, 0xa0, 0xa0, 0xa3, 0xa3, 0xa3, 0xa3, 0xa0, 0xa3, 0xa3, 0xa3, 0xa3, 0x9c, 0xa0, 0xa3, 0xa0, 0xa0, 0xa0, 0xa3, 0xa0, 0xa0, 0xa0, 0xa3, 0xa0, 0xa0, 0x9c, 0xa0, 0xa3, 0xa0, 0xa0, 0xa0, 0x9c, 0x9c, 0x9c, 0x9c, 0x9c, 0x9c, 0x9c, 0xa0, 0x9c, 0x99, 0x99, 0x9c, 0x99, 0x99, 0x99, 0x97, 0x97, 0x97, 0x99, 0x99, 0x99, 0x97, 0x97, 0x9c, 0x99, 0x99, 0x97, 0x99, 0x93, 0x90, 0x90, 0x93, 0x97, 0x97, 0x97, 0x93, 0x91, 0x90, 0x90, 0x99, 0x97, 0x93, 0x9c, 0x93, 0x99, 0x97, 0x99, 0x97, 0x9c, 0x99, 0x99, 0xa0, 0xa0, 0xa0, 0x9c, 0x99, 0x9c, 0x9c, 0x9c, 0x9c, 0x9c, 0xa0, 0xa0, 0xa1, 0x9f, 0x9a, 0x1c, 0x8d, 0x88, 0x0d, 0x09, 0x03, 0x73, 0x6c, 0x6c, 0x6c, 0x68, 0x01, 0x6c, 0x6c, 0x6c, 0x6c, 0x00, 0x61, 0x60, 0x61, 0x60, 0x5e, 0x63, 0x61, 0x5e, 0x61, 0x5e, 0x61, 0x61, 0x63, 0x00, 0x00, 0x61, 0x63, 0x00, 0x00, 0x01, 0x6c, 0x00, 0x00, 0x61, 0x00, 0x00, 0x6e, 0x6e, 0x02, 0x02, 0x05, 0x09, 0x0d, 0x12, 0x0e, 0x0d, 0x7f, 0x0d, 0x0e, 0x13, 0x18, 0x8d, 0x1c, 0x1c, 0x1c, 0x1c, 0x1e, 0x21, 0x21, 0x22, 0x24, 0x25, 0x2a, 0x3b, 0xbc, 0xc1, 0xc1, 0xc1, 0xc0, 0xc1, 0xc1, 0xbe, 0xc0, 0xbf, 0xc0, 0xc0, 0xbf, 0xbf, 0xbf, 0xbf, 0xbe, 0xbe, 0xbe, 0xbe, 0xbe, 0xbe, 0xbe, 0xbe, 0xbc, 0xd4, 0xd0, 0xb0, 0xd4, 0xd4, 0xd4, 0xd4, 0xd4, 0xd4, 0xd4, 0xd4, 0xd4, 0xd4, 0xd4, 0xd3, 0xaf, 0xd4, 0xd4, 0xd4, 0xd3, 0xd3, 0xcd, 0xa8, 0xa5, 0xcd, 0xd3, 0xd3, 0xce, 0xd4, 0xd4, 0xd0, 0xb0, 0xb5, 0xba, 0xb5, 0xce, 0xd3, 0xd3, 0xd3, 0xd3, 0xcc, 0xaf, 0xba, 0xbc, 0xbe, 0xbf, 0xc0, 0xbf, 0xc0, 0xbf, 0xc0, 0xbf, 0xc1, 0xc0, 0xbf, 0xc0, 0xbf, 0xc0, 0xbe, 0xb7, 0xb5, 0xb5, 0xba, 0xbc, 0xbc, 0xb7, 0xb6, 0xb7, 0xb7, 0xb8, 0xb8, 0xba, 0xb7, 0xb3, 0xd4, 0xac, 0xac, 0xd4, 0xac, 0xa8, 0xa8, 0xce, 0xd3, 0xd3, 0xac, 0xa8, 0xa8, 0xd3, 0xa8, 0xa8, 0xa8, 0xa8, 0xa8, 0xa5, 0xa8, 0xa8, 0xa5, 0xa3, 0xa0, 0x97, 0x99, 0x99, 0x97, 0x97, 0x97, 0x91, 0x90, 0x89, 0x84, 0x90, 0x97, 0x91, 0x90, 0x8c, 0x89, 0x89, 0x89, 0x8c, 0x8c, 0x84, 0x83, 0x89, 0x89, 0x86, 0x89, 0x90, 0x89, 0x89, 0x83, 0x89, 0x86, 0x89, 0x8b, 0x8c, 0x89, 0x97, 0xcd, 0x89, 0x84, 0x90, 0x81, 0x77, 0x83, 0x89, 0x89, 0x83, 0x7e, 0x7e, 0x7e, 0x89, 0x91, 0x90, 0x7a, 0x7a, 0x7e, 0x83, 0x90, 0x91, 0x83, 0x7a, 0x83, 0x83, 0x89, 
  0xa3, 0xa3, 0xa3, 0xa0, 0xa3, 0xa0, 0x9c, 0xa0, 0xa0, 0xa3, 0xa3, 0xa0, 0xa3, 0xa5, 0xa3, 0xa0, 0xa3, 0xa3, 0xa5, 0xa3, 0xa5, 0xa5, 0xa0, 0x9c, 0xa0, 0xa3, 0xa0, 0xa3, 0xa0, 0x9c, 0xa0, 0xa0, 0xa0, 0x9c, 0xa0, 0x9c, 0x9c, 0xa3, 0xa0, 0xa0, 0xa0, 0xa3, 0xa0, 0xa3, 0xa0, 0xa0, 0xa0, 0xa0, 0xa0, 0x9c, 0x9c, 0x9c, 0x9c, 0x9c, 0xa0, 0x9c, 0x99, 0x93, 0x97, 0x99, 0x99, 0x99, 0x99, 0x93, 0x93, 0x97, 0x9c, 0x99, 0x9c, 0x99, 0x97, 0x99, 0x93, 0x97, 0x97, 0x97, 0x99, 0x97, 0x93, 0x97, 0x93, 0x91, 0x93, 0x99, 0x99, 0x97, 0x93, 0x99, 0x9c, 0x97, 0x99, 0x9c, 0x99, 0x9c, 0x9c, 0x9c, 0xa0, 0x9c, 0xa0, 0x9c, 0x97, 0x99, 0x9c, 0x9c, 0x9c, 0x97, 0x9c, 0xa0, 0xa0, 0x9d, 0x9a, 0x94, 0x1c, 0x13, 0x09, 0x09, 0x78, 0x02, 0x02, 0x6f, 0x6c, 0x00, 0x68, 0x01, 0x00, 0x00, 0x01, 0x00, 0x61, 0x00, 0x5c, 0x5e, 0x5c, 0x61, 0x5e, 0x5c, 0x61, 0x61, 0x61, 0x5e, 0x63, 0x00, 0x61, 0x61, 0x61, 0x00, 0x00, 0x01, 0x68, 0x63, 0x00, 0x6c, 0x01, 0x00, 0x6e, 0x6c, 0x02, 0x05, 0x07, 0x09, 0x0e, 0x7f, 0x09, 0x0d, 0x0e, 0x0e, 0x13, 0x13, 0x13, 0x18, 0x1c, 0x1c, 0x8f, 0x1c, 0x1e, 0x21, 0x21, 0x22, 0x22, 0x22, 0x2a, 0xa9, 0x43, 0xc1, 0xc1, 0xc1, 0xc1, 0xc0, 0xc1, 0xc0, 0xbe, 0xbe, 0xc0, 0xbf, 0xbf, 0xbf, 0xbf, 0xbf, 0xbf, 0xbe, 0xbe, 0xbe, 0xbe, 0xbe, 0xc0, 0xbe, 0xbe, 0xb5, 0xca, 0xb0, 0xb0, 0xd4, 0xd4, 0xd4, 0xd3, 0xd4, 0xd4, 0xd4, 0xd4, 0xd0, 0xd0, 0xd0, 0xad, 0xd4, 0xd4, 0xd4, 0xd3, 0xcd, 0xd3, 0xd3, 0xd3, 0xd4, 0xd0, 0xd4, 0xd3, 0xd3, 0xd3, 0xd4, 0xd1, 0xd2, 0xba, 0xbb, 0xbc, 0xbc, 0xb9, 0xb7, 0xbc, 0xbe, 0xbf, 0xbf, 0xc0, 0xc0, 0xc0, 0xbf, 0xc0, 0xc0, 0xc0, 0xbf, 0xc0, 0xbf, 0xc0, 0xc0, 0xc0, 0xc0, 0xbc, 0xba, 0xb5, 0xb5, 0xba, 0xb7, 0xba, 0xb7, 0xb5, 0xb5, 0xb5, 0xb7, 0xb8, 0xb7, 0xb5, 0xb0, 0xd4, 0xd4, 0xac, 0xac, 0xa8, 0xaa, 0xac, 0xac, 0xac, 0xa8, 0xa8, 0xac, 0xac, 0xd3, 0xd3, 0xa8, 0xa8, 0xa8, 0xa8, 0xa8, 0xa8, 0xa8, 0xa8, 0xa5, 0xa3, 0xa0, 0x9c, 0x9c, 0x97, 0x91, 0x91, 0x93, 0x91, 0x89, 0x90, 0x89, 0x91, 0x97, 0x89, 0x8c, 0x90, 0x89, 0x86, 0x89, 0x89, 0x8c, 0x91, 0x93, 0x90, 0x93, 0x90, 0x7e, 0x8c, 0x7e, 0x7e, 0x7e, 0x81, 0x83, 0x89, 0x93, 0x89, 0x89, 0xcb, 0xc9, 0x89, 0x90, 0x93, 0x83, 0x6d, 0x81, 0x75, 0x83, 0x8c, 0x7e, 0x7e, 0x81, 0x7e, 0x81, 0x83, 0x72, 0x7a, 0x7e, 0x77, 0x83, 0x90, 0x89, 0x7e, 0x83, 0x81, 0x83, 
  0xa0, 0xa0, 0xa0, 0xa3, 0xa5, 0xa3, 0xa3, 0xa0, 0xa3, 0xa3, 0xa0, 0xa3, 0xa3, 0xa3, 0xa5, 0xa3, 0xa3, 0xa3, 0xa0, 0xa3, 0xa0, 0xa5, 0xa3, 0xa3, 0xa0, 0xa3, 0xa3, 0xa0, 0x9c, 0xa0, 0xa3, 0xa3, 0xa3, 0xa0, 0xa0, 0xa0, 0xa3, 0xa3, 0xa3, 0xa0, 0xa3, 0xa0, 0xa3, 0xa0, 0x9c, 0xa0, 0xa0, 0x9c, 0x9c, 0x9c, 0x9c, 0x9c, 0x9c, 0x99, 0x9c, 0x9c, 0x97, 0x93, 0x99, 0x9c, 0x99, 0x99, 0x99, 0x97, 0x99, 0x9c, 0x99, 0x93, 0x99, 0x97, 0x99, 0x99, 0x99, 0x93, 0x91, 0x97, 0x93, 0x93, 0x93, 0x91, 0x93, 0x99, 0x99, 0x97, 0x93, 0x90, 0x93, 0x9c, 0x97, 0x97, 0x9c, 0x99, 0x97, 0x9c, 0x9c, 0x9c, 0x9c, 0x9c, 0xa0, 0xa0, 0xa0, 0xa3, 0x9c, 0x9c, 0x9c, 0x99, 0x9c, 0xa0, 0xa3, 0x9f, 0x94, 0x8f, 0x8d, 0x88, 0x7f, 0x07, 0x03, 0x03, 0x73, 0x6c, 0x02, 0x6c, 0x00, 0x00, 0x00, 0x6c, 0x6c, 0x00, 0x00, 0x63, 0x63, 0x00, 0x00, 0x00, 0x61, 0x63, 0x00, 0x00, 0x63, 0x00, 0x00, 0x61, 0x00, 0x00, 0x00, 0x6c, 0x01, 0x68, 0x61, 0x00, 0x68, 0x6c, 0x6c, 0x6e, 0x6e, 0x02, 0x02, 0x05, 0x09, 0x7f, 0x0e, 0x0d, 0x7f, 0x0d, 0x0e, 0x0e, 0x13, 0x13, 0x13, 0x8d, 0x1c, 0x1c, 0x8f, 0x1c, 0x94, 0x1e, 0x9a, 0x21, 0x22, 0x27, 0x27, 0x2f, 0x41, 0x4a, 0xc1, 0xc1, 0xc0, 0xc0, 0xc1, 0xbf, 0xbd, 0xbe, 0xc0, 0xbf, 0xbf, 0xbf, 0xc0, 0xbf, 0xbe, 0xbe, 0xbe, 0xbe, 0xbe, 0xbe, 0xbe, 0xbe, 0xbe, 0xbc, 0xcf, 0xd4, 0xb0, 0xb0, 0xd4, 0xd4, 0xd0, 0xd4, 0xd4, 0xd4, 0xd4, 0xd4, 0xd4, 0xd4, 0xd3, 0xcd, 0xcd, 0xcd, 0xcc, 0xd3, 0xd3, 0xd4, 0xb0, 0xb0, 0xd4, 0xd4, 0xce, 0xd4, 0xd1, 0xb5, 0xb7, 0xbb, 0xbd, 0xbc, 0xbe, 0xbf, 0xc0, 0xbf, 0xc1, 0xbf, 0xc0, 0xc0, 0xc0, 0xbf, 0xbe, 0xbe, 0x4a, 0x4a, 0xbf, 0xc0, 0xbf, 0xc0, 0xbf, 0xbe, 0xbd, 0xba, 0xb8, 0xb7, 0xba, 0xbe, 0xbc, 0xba, 0xb5, 0xb5, 0xb7, 0xb6, 0xb7, 0xb6, 0xb4, 0xb0, 0xaf, 0xaf, 0xaf, 0xac, 0xd3, 0xac, 0xac, 0xac, 0xd3, 0xd3, 0xac, 0xac, 0xa8, 0xac, 0xac, 0xac, 0xd3, 0xd3, 0xac, 0xa8, 0xa8, 0xac, 0xa8, 0xa8, 0xa5, 0xa0, 0xa0, 0xa0, 0x9c, 0x97, 0x93, 0x91, 0x91, 0x90, 0x89, 0x90, 0x97, 0x89, 0x8b, 0x93, 0x97, 0x90, 0x83, 0x83, 0x90, 0x90, 0x86, 0x8b, 0x90, 0x89, 0x83, 0x89, 0x81, 0x83, 0x89, 0x83, 0x8c, 0x7e, 0x86, 0x83, 0x7e, 0x81, 0x81, 0x7e, 0x91, 0xa8, 0x97, 0x81, 0x89, 0x90, 0x7c, 0x83, 0x8b, 0x86, 0x91, 0x89, 0x7e, 0x7e, 0x83, 0x83, 0x8c, 0x89, 0x7a, 0x7e, 0x89, 0x83, 0x83, 0x89, 0x8c, 0x83, 0x89, 0x89, 
  0xa0, 0xa3, 0xa3, 0xa3, 0xa3, 0xa0, 0xa3, 0xa3, 0xa3, 0xa0, 0xa0, 0xa5, 0xa3, 0xa3, 0xa3, 0xa0, 0xa3, 0xa3, 0xa3, 0xa5, 0xa3, 0xa3, 0xa0, 0xa0, 0xa3, 0xa3, 0xa3, 0xa3, 0xa3, 0xa3, 0xa3, 0xa0, 0xa0, 0xa0, 0xa0, 0xa3, 0xa5, 0x9c, 0xa3, 0xa0, 0x9c, 0xa0, 0xa0, 0xa0, 0xa0, 0x9c, 0x9c, 0x9c, 0x9c, 0x9c, 0x9c, 0x9c, 0x9c, 0x9c, 0x9c, 0x99, 0x99, 0x97, 0x99, 0x9c, 0x9c, 0x97, 0x97, 0x99, 0x99, 0x9c, 0x9c, 0x9c, 0x99, 0x99, 0x99, 0x99, 0x97, 0x99, 0x97, 0x97, 0x93, 0x93, 0x93, 0x93, 0x93, 0x97, 0x99, 0x9c, 0x99, 0x93, 0x97, 0x97, 0x9c, 0x99, 0x99, 0x97, 0x97, 0x99, 0x9c, 0x9c, 0x9c, 0x9c, 0xa0, 0xa0, 0xa0, 0x9c, 0x9c, 0x9c, 0x9c, 0x9c, 0x9c, 0x9c, 0x9c, 0x96, 0x8f, 0x94, 0x1c, 0x13, 0x12, 0x08, 0x03, 0x74, 0x03, 0x02, 0x02, 0x6c, 0x6c, 0x00, 0x00, 0x6c, 0x01, 0x00, 0x00, 0x00, 0x68, 0x68, 0x00, 0x61, 0x63, 0x63, 0x00, 0x00, 0x00, 0x6c, 0x00, 0x61, 0x00, 0x00, 0x00, 0x6c, 0x01, 0x6e, 0x00, 0x00, 0x66, 0x6c, 0x6c, 0x6c, 0x6e, 0x02, 0x05, 0x05, 0x09, 0x0d, 0x09, 0x09, 0x7f, 0x0e, 0x0e, 0x13, 0x13, 0x13, 0x18, 0x8f, 0x1c, 0x1c, 0x94, 0x1c, 0x94, 0x94, 0x1e, 0x21, 0x22, 0x27, 0x27, 0x2c, 0x35, 0x48, 0xc1, 0xc1, 0xc1, 0xc1, 0xc1, 0xc1, 0xbe, 0xbd, 0xbe, 0xbe, 0xbe, 0xbf, 0xbe, 0xbe, 0xbf, 0xbe, 0xbe, 0xbe, 0xbe, 0xbe, 0xbf, 0xbe, 0xbe, 0xbe, 0xb5, 0xca, 0xb0, 0xb0, 0xaf, 0xd4, 0xd4, 0xd4, 0xd4, 0xd4, 0xce, 0xd3, 0xd3, 0xcd, 0xcd, 0xcd, 0xcb, 0xcc, 0xd3, 0xd3, 0xd4, 0xd4, 0xd4, 0xd4, 0xd4, 0xce, 0xaf, 0xb5, 0xd2, 0xba, 0xbc, 0xbc, 0xbe, 0xbe, 0xbf, 0xc0, 0xbf, 0xc1, 0xc0, 0xbf, 0xbf, 0xbf, 0xbf, 0xc0, 0xbc, 0x4a, 0xc0, 0xc0, 0xbe, 0xbf, 0xbe, 0xbe, 0xbd, 0xbc, 0xba, 0xba, 0xba, 0xba, 0xbc, 0xba, 0xb6, 0xb5, 0xd2, 0xd2, 0xd2, 0xb5, 0xb3, 0xb3, 0xb3, 0xb0, 0xaf, 0xaf, 0xd4, 0xac, 0xd4, 0xac, 0xd3, 0xac, 0xac, 0xa8, 0xa8, 0xa8, 0xa8, 0xa8, 0xac, 0xac, 0xd3, 0xa8, 0xa8, 0xa8, 0xa8, 0xac, 0xa8, 0xa8, 0xa8, 0xa8, 0xa3, 0xa0, 0x99, 0x93, 0x90, 0x90, 0x90, 0x90, 0x8c, 0x90, 0x91, 0x89, 0x83, 0x89, 0x91, 0x90, 0x90, 0x90, 0x90, 0x90, 0x89, 0x89, 0x90, 0x83, 0x7e, 0x7e, 0x83, 0x90, 0x91, 0x89, 0x89, 0x90, 0x90, 0x90, 0x90, 0x90, 0x84, 0x83, 0x90, 0xa5, 0x9c, 0x83, 0x81, 0x81, 0x84, 0x86, 0x81, 0x7a, 0x7e, 0x81, 0x83, 0x7e, 0x7e, 0x7e, 0x83, 0x83, 0x89, 0x8c, 0x86, 0x7e, 0x89, 0x89, 0x89, 0x86, 0x83, 0x83, 
  0xa0, 0xa3, 0xa3, 0xa5, 0xa3, 0xa0, 0xa3, 0xa3, 0xa5, 0xa3, 0xa3, 0xa3, 0xa3, 0xa5, 0xa3, 0xa3, 0xa3, 0xa3, 0xa0, 0xa3, 0xa5, 0xa3, 0xa0, 0xa0, 0xa3, 0xa3, 0xa3, 0xa3, 0xa0, 0xa0, 0xa0, 0xa0, 0xa0, 0xa3, 0xa5, 0xa3, 0xa3, 0xa0, 0xa0, 0xa0, 0xa0, 0xa0, 0xa0, 0xa0, 0xa0, 0x9c, 0xa0, 0x9c, 0xa0, 0x9c, 0x9c, 0x9c, 0xa0, 0x9c, 0x9c, 0x97, 0x99, 0x99, 0x9c, 0x99, 0x9c, 0x99, 0x99, 0x97, 0x99, 0x99, 0x97, 0x99, 0x99, 0x97, 0x93, 0x97, 0x99, 0x99, 0x93, 0x93, 0x93, 0x93, 0x91, 0x93, 0x93, 0x93, 0x99, 0x9c, 0x99, 0x93, 0x99, 0x97, 0x9c, 0x97, 0x93, 0x97, 0x97, 0x99, 0x9c, 0x99, 0x9c, 0x9c, 0xa0, 0xa0, 0xa0, 0x9c, 0xa0, 0xa0, 0xa0, 0xa0, 0xa0, 0xa0, 0x9c, 0x96, 0x8f, 0x8f, 0x94, 0x8d, 0x12, 0x08, 0x03, 0x73, 0x73, 0x02, 0x02, 0x6c, 0x6c, 0x6c, 0x6c, 0x6c, 0x00, 0x00, 0x00, 0x00, 0x6c, 0x01, 0x01, 0x00, 0x00, 0x00, 0x00, 0x00, 0x00, 0x00, 0x63, 0x00, 0x00, 0x00, 0x00, 0x00, 0x00, 0x00, 0x00, 0x6c, 0x6c, 0x6c, 0x6c, 0x6c, 0x6c, 0x02, 0x05, 0x05, 0x07, 0x09, 0x09, 0x0d, 0x0d, 0x0e, 0x18, 0x18, 0x13, 0x13, 0x18, 0x8d, 0x8f, 0x1c, 0x1c, 0x94, 0x1c, 0x94, 0x1e, 0x21, 0x22, 0x25, 0x25, 0x2a, 0xa9, 0x43, 0x4a, 0xc1, 0xc1, 0xc1, 0xc1, 0xc0, 0xc0, 0xbe, 0xbe, 0xbe, 0xbe, 0xbe, 0xbe, 0xbe, 0xbf, 0xbe, 0xbe, 0xbe, 0xbe, 0xbe, 0xbe, 0xbe, 0xbf, 0xbe, 0xbc, 0xaf, 0xb0, 0xb0, 0xb0, 0xd4, 0xd4, 0xd4, 0xd4, 0xd3, 0xd3, 0xcd, 0xcd, 0xcd, 0xa5, 0xd3, 0xd3, 0xd3, 0xac, 0xd4, 0xd4, 0xd4, 0xd4, 0xd4, 0xd4, 0xcf, 0xd1, 0xb7, 0xba, 0xbb, 0xbe, 0xbd, 0xbe, 0xbe, 0xbf, 0xc0, 0xc1, 0xc0, 0xbe, 0xbe, 0xc0, 0xc0, 0xbf, 0xc0, 0xbf, 0xc0, 0xc0, 0xc1, 0xbf, 0xc0, 0xbe, 0xbc, 0xbc, 0xbc, 0xbc, 0xba, 0xba, 0xb7, 0xb6, 0xb5, 0xb5, 0xb7, 0xd2, 0xb5, 0xb5, 0xaf, 0xd4, 0xd4, 0xd4, 0xb0, 0xb5, 0xb5, 0xb0, 0xd4, 0xac, 0xac, 0xa8, 0xaa, 0xac, 0xd3, 0xd3, 0xd3, 0xd3, 0xd3, 0xac, 0xac, 0xa8, 0xd3, 0xd3, 0xa8, 0xa8, 0xac, 0xac, 0xa8, 0xcd, 0xa3, 0xa0, 0x9c, 0x99, 0x93, 0x91, 0x97, 0x97, 0x93, 0x91, 0x8c, 0x93, 0x91, 0x8c, 0x89, 0x90, 0x91, 0x91, 0x90, 0x97, 0x93, 0x89, 0x89, 0x90, 0x91, 0x86, 0x7e, 0x83, 0x89, 0x83, 0x84, 0x90, 0x89, 0x86, 0x84, 0x8c, 0x89, 0x86, 0x86, 0x89, 0x84, 0x90, 0x89, 0x83, 0x89, 0x8c, 0x89, 0x7e, 0x7a, 0x7a, 0x7e, 0x83, 0x83, 0x7c, 0x83, 0x89, 0x89, 0x90, 0x89, 0x7a, 0x7e, 0x90, 0x89, 0x7e, 0x84, 0x8c, 0x83, 
  0xa3, 0xa3, 0xa3, 0xa3, 0xa3, 0xa0, 0xa0, 0xa3, 0xa3, 0xa3, 0xa5, 0xa3, 0xa0, 0xa3, 0xa3, 0xa0, 0xa3, 0xa3, 0xa3, 0xa0, 0xa3, 0xa0, 0xa0, 0xa3, 0xa3, 0xa3, 0xa5, 0xa0, 0xa0, 0xa0, 0x9c, 0xa0, 0xa3, 0xa3, 0xa3, 0xa3, 0xa0, 0xa0, 0xa0, 0x9c, 0xa0, 0xa0, 0xa0, 0xa0, 0xa0, 0xa0, 0xa0, 0x9c, 0x9c, 0x9c, 0x9c, 0x9c, 0x9c, 0x9c, 0x99, 0x99, 0x99, 0x99, 0x9c, 0x9c, 0x9c, 0x9c, 0x99, 0x99, 0x99, 0x99, 0x99, 0x99, 0x9c, 0x99, 0x93, 0x91, 0x93, 0x97, 0x99, 0x97, 0x93, 0x93, 0x93, 0x99, 0x99, 0x99, 0x99, 0x99, 0x99, 0x93, 0x97, 0x97, 0x99, 0x97, 0x97, 0x97, 0x99, 0x99, 0x99, 0x99, 0x99, 0x99, 0x9c, 0x9c, 0xa0, 0xa3, 0x9c, 0x9c, 0x9c, 0x9c, 0x9c, 0xa0, 0xa0, 0x9d, 0x8f, 0x8f, 0x1c, 0x13, 0x82, 0x08, 0x78, 0x05, 0x05, 0x05, 0x02, 0x02, 0x6f, 0x6c, 0x6c, 0x00, 0x01, 0x00, 0x00, 0x00, 0x6c, 0x00, 0x6c, 0x01, 0x00, 0x00, 0x00, 0x6c, 0x68, 0x61, 0x61, 0x00, 0x00, 0x00, 0x01, 0x00, 0x68, 0x00, 0x00, 0x6c, 0x6c, 0x6c, 0x01, 0x6c, 0x6f, 0x74, 0x05, 0x05, 0x05, 0x05, 0x05, 0x0d, 0x0e, 0x13, 0x1c, 0x8d, 0x13, 0x13, 0x8d, 0x18, 0x18, 0x8f, 0x1c, 0x1c, 0x94, 0x1e, 0x1e, 0x21, 0x22, 0x22, 0x25, 0x2a, 0x2c, 0x3b, 0x48, 0xc0, 0xc1, 0xc1, 0xc1, 0xc1, 0xbf, 0xbe, 0xbc, 0xbc, 0xbe, 0xbe, 0xbf, 0xbf, 0xbe, 0xbe, 0xbe, 0xbe, 0xbe, 0xbe, 0xbe, 0xbf, 0xbf, 0xbe, 0xbf, 0xba, 0xb5, 0xd4, 0xd4, 0xd4, 0xd4, 0xd3, 0xcd, 0xcd, 0xcd, 0xcd, 0xcd, 0xcd, 0xd3, 0xd3, 0xd3, 0xd4, 0xd4, 0xd4, 0xd4, 0xd4, 0xd4, 0xd0, 0xd1, 0xb7, 0xb7, 0xba, 0xbc, 0xbd, 0xbe, 0xbe, 0xbe, 0xbe, 0xc0, 0xc0, 0xbf, 0xc0, 0x4a, 0x48, 0x4a, 0xc0, 0xc1, 0xc0, 0xc0, 0xbf, 0xc0, 0xbf, 0xbf, 0xbe, 0xbd, 0xbc, 0xbd, 0xbe, 0xbc, 0xba, 0xb7, 0xb5, 0xd2, 0xb7, 0xba, 0xb8, 0xb5, 0xb5, 0xaf, 0xce, 0xd4, 0xd3, 0xd3, 0xaf, 0xb3, 0xb5, 0xb5, 0xaf, 0xaf, 0xd4, 0xd4, 0xac, 0xa8, 0xa8, 0xa8, 0xd3, 0xd3, 0xac, 0xac, 0xd3, 0xd3, 0xa8, 0xa8, 0xa8, 0xa8, 0xac, 0xac, 0xa8, 0xa3, 0xa0, 0x9c, 0x9c, 0x99, 0x93, 0x91, 0x91, 0x91, 0x93, 0x91, 0x8b, 0x93, 0x93, 0x90, 0x89, 0x90, 0x93, 0x90, 0x8c, 0x91, 0x8b, 0x89, 0x89, 0x86, 0x8b, 0x90, 0x83, 0x83, 0x8c, 0x89, 0x89, 0x91, 0x86, 0x86, 0x89, 0x8c, 0x89, 0x86, 0x91, 0x90, 0x89, 0x89, 0x89, 0x89, 0x90, 0x89, 0x83, 0x86, 0x77, 0x7a, 0x7e, 0x86, 0x89, 0x83, 0x89, 0x89, 0x83, 0x83, 0x7c, 0x81, 0x90, 0x8c, 0x83, 0x75, 0x86, 0x89, 0x86, 
  0xa3, 0xa3, 0xa3, 0xa3, 0xa3, 0xa3, 0xa0, 0xa3, 0xa5, 0xa3, 0xa5, 0xa3, 0xa0, 0xa0, 0xa3, 0xa0, 0xa3, 0xa3, 0xa5, 0xa5, 0xa3, 0x9c, 0x9c, 0xa0, 0xa3, 0xa3, 0xa3, 0xa0, 0xa0, 0xa0, 0x9c, 0x9c, 0xa0, 0xa3, 0xa0, 0xa0, 0x9c, 0xa0, 0xa0, 0xa0, 0xa0, 0xa0, 0xa0, 0xa0, 0xa0, 0xa0, 0xa0, 0x9c, 0x9c, 0x9c, 0x9c, 0x9c, 0x9c, 0x9c, 0x9c, 0x99, 0x97, 0x99, 0x9c, 0x9c, 0x9c, 0x9c, 0x99, 0x99, 0x9c, 0x9c, 0x99, 0x99, 0x97, 0x97, 0x97, 0x97, 0x93, 0x93, 0x97, 0x93, 0x91, 0x93, 0x93, 0x99, 0x99, 0x99, 0x97, 0x97, 0x99, 0x97, 0x97, 0x97, 0x93, 0x99, 0x97, 0x97, 0x99, 0x99, 0x97, 0x99, 0x97, 0x97, 0x99, 0x9c, 0xa0, 0xa0, 0x9c, 0x99, 0x99, 0x9c, 0x9c, 0x9c, 0xa0, 0x96, 0x8f, 0x8d, 0x8d, 0x13, 0x12, 0x7d, 0x78, 0x03, 0x73, 0x73, 0x73, 0x02, 0x6e, 0x6c, 0x00, 0x00, 0x00, 0x00, 0x6c, 0x00, 0x00, 0x00, 0x6c, 0x00, 0x00, 0x00, 0x00, 0x00, 0x00, 0x63, 0x61, 0x00, 0x6c, 0x6c, 0x01, 0x00, 0x6c, 0x6c, 0x6c, 0x6f, 0x6c, 0x6c, 0x6c, 0x6c, 0x6c, 0x02, 0x05, 0x05, 0x74, 0x74, 0x79, 0x09, 0x0e, 0x13, 0x8d, 0x8d, 0x18, 0x18, 0x8d, 0x8d, 0x15, 0x8d, 0x8f, 0x1c, 0x94, 0x94, 0x1e, 0x21, 0x22, 0x25, 0x25, 0x28, 0x2c, 0x35, 0x43, 0x4a, 0xc1, 0xc1, 0xc1, 0xc1, 0xc0, 0xc0, 0xbe, 0xbc, 0xbe, 0xbe, 0xbf, 0xbf, 0xbe, 0xbe, 0xbe, 0xbe, 0xbe, 0xbe, 0xbe, 0xbf, 0xc0, 0xbe, 0xbf, 0xbe, 0xba, 0xb0, 0xd3, 0xd4, 0xd4, 0xd3, 0xcd, 0xcd, 0xcd, 0xd3, 0xd3, 0xd3, 0xd4, 0xd4, 0xd4, 0xd4, 0xd4, 0xd3, 0xd3, 0xaf, 0xb0, 0xb5, 0xb7, 0xba, 0xba, 0xbc, 0xbd, 0xbe, 0xbe, 0xbe, 0xbe, 0xbe, 0xbf, 0xc1, 0xc0, 0x4a, 0x48, 0x48, 0x4a, 0xc0, 0xc1, 0xc0, 0xc0, 0xbf, 0xbf, 0xbc, 0xbc, 0xbc, 0xbb, 0xba, 0xbb, 0xba, 0xb7, 0xb7, 0xb6, 0xb6, 0xba, 0xb7, 0xb6, 0xb3, 0xaf, 0xb0, 0xad, 0xd3, 0xd3, 0xd3, 0xd3, 0xd4, 0xaf, 0xb5, 0xb6, 0xb3, 0xaf, 0xaf, 0xaf, 0xac, 0xa8, 0xd3, 0xa8, 0xa8, 0xaa, 0xac, 0xac, 0xa8, 0xa8, 0xa8, 0xa5, 0xa5, 0xa8, 0xa5, 0xa8, 0xa5, 0xa3, 0xa0, 0x9c, 0x9c, 0x99, 0x99, 0x97, 0x90, 0x90, 0x93, 0x90, 0x90, 0x91, 0x93, 0x84, 0x86, 0x89, 0x8c, 0x89, 0x90, 0x93, 0x89, 0x89, 0x8c, 0x83, 0x83, 0x8c, 0x8c, 0x81, 0x83, 0x90, 0x90, 0x89, 0x89, 0x90, 0x89, 0x89, 0x8c, 0x83, 0x84, 0x90, 0x89, 0x86, 0x83, 0x89, 0x86, 0x83, 0x81, 0x84, 0x7a, 0x7c, 0x83, 0x8c, 0x8b, 0x86, 0x83, 0x86, 0x81, 0x83, 0x7e, 0x89, 0x90, 0x89, 0x86, 0x81, 0x83, 0x89, 0x93, 
  0xa3, 0xa3, 0xa3, 0xa5, 0xa3, 0xa3, 0xa3, 0xa5, 0xa5, 0xa5, 0xa5, 0xa3, 0xa0, 0xa0, 0xa3, 0xa0, 0xa3, 0xa0, 0xa3, 0xa3, 0xa3, 0xa0, 0x9c, 0xa0, 0xa0, 0xa3, 0xa0, 0x9c, 0xa0, 0xa0, 0xa0, 0xa0, 0xa0, 0xa3, 0xa0, 0xa0, 0xa0, 0xa3, 0xa0, 0xa0, 0xa0, 0xa0, 0xa0, 0xa0, 0xa0, 0xa0, 0xa0, 0x9c, 0x9c, 0x9c, 0x9c, 0x9c, 0x9c, 0x9c, 0xa0, 0x9c, 0x99, 0x9c, 0x9c, 0x99, 0x99, 0x99, 0x99, 0x99, 0x9c, 0x9c, 0x99, 0x97, 0x97, 0x99, 0x97, 0x99, 0x99, 0x97, 0x93, 0x91, 0x91, 0x93, 0x97, 0x97, 0x99, 0x99, 0x97, 0x97, 0x99, 0x97, 0x97, 0x97, 0x93, 0x93, 0x97, 0x93, 0x97, 0x99, 0x99, 0x97, 0x99, 0x9c, 0x9c, 0x9c, 0x9c, 0x9c, 0x9c, 0x97, 0x9c, 0x9c, 0x99, 0x9c, 0x9c, 0x96, 0x8f, 0x13, 0x88, 0x88, 0x12, 0x7d, 0x78, 0x03, 0x05, 0x03, 0x02, 0x02, 0x6f, 0x6c, 0x6c, 0x68, 0x68, 0x6c, 0x6c, 0x68, 0x00, 0x00, 0x6c, 0x00, 0x00, 0x00, 0x00, 0x00, 0x00, 0x63, 0x00, 0x6c, 0x6c, 0x6c, 0x00, 0x00, 0x00, 0x6f, 0x02, 0x6e, 0x6c, 0x6c, 0x6c, 0x6f, 0x6f, 0x02, 0x02, 0x02, 0x02, 0x74, 0x79, 0x09, 0x0e, 0x0e, 0x13, 0x13, 0x18, 0x8d, 0x8d, 0x18, 0x15, 0x8d, 0x8f, 0x1c, 0x1c, 0x1c, 0x1c, 0x1e, 0x9a, 0x25, 0x22, 0x28, 0x2c, 0xa9, 0x3b, 0xbb, 0xc0, 0xc1, 0xc1, 0xc1, 0xc1, 0xc0, 0xc0, 0xbc, 0xbe, 0xbe, 0xbf, 0xbf, 0xbf, 0xbe, 0xbe, 0xbe, 0xbe, 0xbe, 0xbe, 0xbf, 0xbe, 0xbe, 0xbe, 0xbe, 0xbe, 0xba, 0xb0, 0xd3, 0xa8, 0xd3, 0xcd, 0xd3, 0xd3, 0xd4, 0xac, 0xd3, 0xd4, 0xd4, 0xd4, 0xd4, 0xd4, 0xd4, 0xd4, 0xb0, 0xb5, 0xb7, 0xba, 0xbc, 0xbc, 0xbd, 0xbe, 0xbe, 0xbf, 0xbe, 0xc0, 0xc0, 0xc0, 0xc1, 0xc0, 0x4a, 0x4a, 0xbe, 0xbf, 0xc0, 0xc0, 0xc0, 0xbf, 0xbc, 0xbc, 0xba, 0xbc, 0xbc, 0xbc, 0xba, 0xb5, 0xb5, 0xb5, 0xb5, 0xb5, 0xb7, 0xb7, 0xb5, 0xb0, 0xd4, 0xac, 0xd4, 0xad, 0xac, 0xd3, 0xd3, 0xd3, 0xce, 0xd4, 0xb0, 0xb5, 0xb6, 0xb0, 0xaf, 0xd0, 0xac, 0xa8, 0xcd, 0xd3, 0xa8, 0xa8, 0xa8, 0xa8, 0xa8, 0xa8, 0xa8, 0xa5, 0xa5, 0xa5, 0xa5, 0xa5, 0xa3, 0xa3, 0xa3, 0xa0, 0x9c, 0x99, 0x9c, 0x99, 0x93, 0x91, 0x90, 0x90, 0x90, 0x90, 0x90, 0x90, 0x83, 0x8c, 0x8c, 0x8c, 0x91, 0x93, 0x89, 0x89, 0x8c, 0x86, 0x7e, 0x7e, 0x83, 0x7c, 0x7c, 0x89, 0x90, 0x8c, 0x8c, 0x91, 0x8c, 0x86, 0x89, 0x83, 0x81, 0x89, 0x83, 0x81, 0x81, 0x83, 0x81, 0x83, 0x83, 0x83, 0x7a, 0x7e, 0x86, 0x90, 0x89, 0x83, 0x7e, 0x89, 0x83, 0x86, 0x86, 0x8c, 0x89, 0x7e, 0x89, 0x89, 0x83, 0x89, 0x90, 
  0xa3, 0xa3, 0xa3, 0xa3, 0xa3, 0xa3, 0xa3, 0xa3, 0xa3, 0xa5, 0xa3, 0xa3, 0xa3, 0xa0, 0xa3, 0xa3, 0xa3, 0xa3, 0xa0, 0xa0, 0xa0, 0xa3, 0xc9, 0xa0, 0xa0, 0xa3, 0xa0, 0xa0, 0xa0, 0xa0, 0xa0, 0xa0, 0xa0, 0xa0, 0xa0, 0xa0, 0xa0, 0xa3, 0xa0, 0xa0, 0xa0, 0xa3, 0xa0, 0x9c, 0x9c, 0xa0, 0xa0, 0x9c, 0x9c, 0x9c, 0x99, 0x9c, 0xa0, 0x9c, 0x9c, 0x9c, 0x9c, 0x9c, 0x99, 0x9c, 0x99, 0x99, 0x97, 0x99, 0x9c, 0x99, 0x99, 0x93, 0x97, 0x99, 0x9c, 0x99, 0x99, 0x97, 0x93, 0x91, 0x93, 0x99, 0x97, 0x97, 0x99, 0x97, 0x97, 0x97, 0x99, 0x99, 0x97, 0x93, 0x91, 0x93, 0x93, 0x93, 0x97, 0x99, 0x99, 0x99, 0x9c, 0x99, 0x99, 0x9c, 0xa0, 0xa0, 0x9c, 0x99, 0x9c, 0x9c, 0x9c, 0x99, 0x9c, 0x9d, 0x8f, 0x82, 0x18, 0x88, 0x0e, 0x7d, 0x78, 0x78, 0x05, 0x03, 0x02, 0x02, 0x02, 0x02, 0x6c, 0x6c, 0x6c, 0x6c, 0x6c, 0x6c, 0x68, 0x00, 0x00, 0x00, 0x00, 0x00, 0x00, 0x00, 0x00, 0x00, 0x6c, 0x6c, 0x6c, 0x6c, 0x6c, 0x6c, 0x6f, 0x02, 0x6f, 0x6c, 0x6c, 0x6c, 0x6c, 0x6f, 0x02, 0x02, 0x05, 0x74, 0x74, 0x74, 0x79, 0x09, 0x7f, 0x0e, 0x13, 0x13, 0x13, 0x18, 0x8d, 0x13, 0x13, 0x8d, 0x1c, 0x1c, 0x1c, 0x94, 0x1c, 0x94, 0x9a, 0x22, 0x24, 0x28, 0x28, 0x2f, 0xae, 0xb8, 0x4c, 0xc1, 0xc1, 0xc1, 0xc1, 0xc1, 0xc0, 0xbd, 0xbc, 0xbe, 0xbe, 0xbf, 0xbf, 0xbe, 0xbe, 0xbe, 0xbf, 0xbe, 0xbe, 0xbf, 0xbe, 0xbe, 0xbe, 0xbe, 0xbe, 0xbe, 0xba, 0xd0, 0xcd, 0xd4, 0xd3, 0xd4, 0xd4, 0xd4, 0xce, 0xd4, 0xd4, 0xd4, 0xd3, 0xd4, 0xb0, 0xb5, 0xb5, 0xb7, 0xb7, 0xba, 0xbc, 0xbd, 0xbe, 0xbe, 0xbe, 0xbe, 0xbe, 0xbf, 0xc0, 0xbf, 0xbf, 0xbf, 0xc0, 0xbe, 0xbe, 0xc0, 0xbf, 0xc0, 0xbf, 0xbc, 0xbc, 0xba, 0xba, 0xba, 0xbc, 0xbc, 0xba, 0xb6, 0xb3, 0xb5, 0xb7, 0xb5, 0xb5, 0xb5, 0xb3, 0xaf, 0xaf, 0xd4, 0xd4, 0xd4, 0xac, 0xd3, 0xd4, 0xac, 0xd3, 0xd3, 0xd4, 0xd4, 0xd0, 0xb5, 0xb3, 0xb0, 0xd4, 0xd3, 0xcd, 0xd3, 0xa8, 0xa8, 0xcd, 0xd3, 0xa8, 0xa8, 0xa5, 0xa5, 0xa3, 0xa3, 0xa3, 0xa0, 0xa3, 0xa3, 0xa5, 0xa3, 0xa0, 0x9c, 0x97, 0x93, 0x93, 0x93, 0x91, 0x91, 0x91, 0x89, 0x89, 0x89, 0x90, 0x8b, 0x91, 0x90, 0x90, 0x89, 0x90, 0x8c, 0x89, 0x89, 0x7e, 0x7e, 0x83, 0x89, 0x86, 0x83, 0x89, 0x90, 0x8c, 0x89, 0x90, 0x89, 0x89, 0x89, 0x89, 0x83, 0x81, 0x83, 0x84, 0x83, 0x83, 0x89, 0x86, 0x83, 0x81, 0x7e, 0x7e, 0x81, 0x89, 0x89, 0x86, 0x7e, 0x83, 0x83, 0x84, 0x90, 0x90, 0x89, 0x7e, 0x89, 0x89, 0x83, 0x83, 0x83, 
  0xa3, 0xa0, 0xa3, 0xa3, 0xa3, 0xa3, 0xa3, 0xa3, 0xa3, 0xa5, 0xa3, 0xa3, 0xa3, 0xa3, 0xa3, 0xa3, 0xa3, 0xa3, 0xa0, 0xa0, 0xa0, 0xa0, 0xa0, 0x9c, 0xa0, 0xa3, 0xa0, 0xa3, 0xa0, 0xa0, 0xa0, 0xa3, 0xa0, 0xa0, 0xa0, 0xa0, 0xa3, 0xa0, 0xa0, 0x9c, 0xa0, 0xa0, 0xa0, 0xa0, 0x9c, 0xa0, 0xa0, 0x9c, 0x9c, 0x9c, 0x9c, 0x9c, 0xa0, 0x9c, 0x9c, 0x9c, 0x9c, 0x9c, 0x9c, 0x9c, 0x9c, 0x9c, 0x97, 0x97, 0x99, 0x99, 0x99, 0x97, 0x9c, 0x9c, 0x9c, 0x99, 0x97, 0x97, 0x93, 0x93, 0x97, 0x99, 0x99, 0x97, 0x97, 0x97, 0x97, 0x97, 0x9c, 0x9c, 0x97, 0x93, 0x97, 0x99, 0x99, 0x93, 0x97, 0x97, 0x97, 0x9c, 0x9c, 0x99, 0x99, 0x9c, 0x9c, 0xa0, 0x9c, 0x9c, 0xa0, 0xa0, 0x9c, 0x9c, 0xa0, 0xa1, 0x8f, 0x82, 0x88, 0x8d, 0x82, 0x7d, 0x78, 0x78, 0x05, 0x04, 0x73, 0x02, 0x02, 0x02, 0x6c, 0x6c, 0x6c, 0x6c, 0x6c, 0x6c, 0x6c, 0x00, 0x68, 0x00, 0x00, 0x6c, 0x00, 0x00, 0x00, 0x01, 0x6c, 0x6c, 0x6c, 0x6c, 0x6c, 0x6c, 0x02, 0x6f, 0x6c, 0x6c, 0x6c, 0x6c, 0x6c, 0x02, 0x02, 0x02, 0x74, 0x74, 0x74, 0x74, 0x05, 0x79, 0x7f, 0x0e, 0x13, 0x13, 0x13, 0x13, 0x8d, 0x18, 0x15, 0x8d, 0x8f, 0x1c, 0x1c, 0x94, 0x1c, 0x94, 0x9a, 0x22, 0x22, 0x28, 0x28, 0x2c, 0xa9, 0x3e, 0x4a, 0xc0, 0xc1, 0xc1, 0xc1, 0xc1, 0xc0, 0xbe, 0xbc, 0xbe, 0xbe, 0xbf, 0xbf, 0xbe, 0xbe, 0xbe, 0xbf, 0xbe, 0xbe, 0xbe, 0xbe, 0xbe, 0xbe, 0xbe, 0xbe, 0xbe, 0xbd, 0xba, 0xb0, 0xd4, 0xd4, 0xd4, 0xd4, 0xd3, 0xd3, 0xd4, 0xd4, 0xd4, 0xd4, 0xd0, 0xb0, 0xb5, 0xb7, 0xba, 0xba, 0xbc, 0xbc, 0xbe, 0xbe, 0xbe, 0xbf, 0xbe, 0xbe, 0xc0, 0xc1, 0xc0, 0xc0, 0xbf, 0xc0, 0xbf, 0xbf, 0xc0, 0xc0, 0xbe, 0xd4, 0xd3, 0xb7, 0xb8, 0xba, 0xb8, 0xba, 0xba, 0xb7, 0xb3, 0xb6, 0xb7, 0xd2, 0xb5, 0xb3, 0xaf, 0xaf, 0xd4, 0xaf, 0xac, 0xd4, 0xaf, 0xd3, 0xd3, 0xd4, 0xac, 0xd3, 0xa8, 0xd3, 0xac, 0xce, 0xb0, 0xb5, 0xaf, 0xaf, 0xac, 0xd3, 0xd3, 0xac, 0xa8, 0xa5, 0xd3, 0xa8, 0xcd, 0xa3, 0xa0, 0xa0, 0xa0, 0xa0, 0x9c, 0xa0, 0xa3, 0xa3, 0xa0, 0x99, 0x99, 0x97, 0x93, 0x93, 0x93, 0x93, 0x91, 0x8b, 0x86, 0x83, 0x8c, 0x89, 0x91, 0x86, 0x83, 0x90, 0x8c, 0x86, 0x89, 0x89, 0x89, 0x86, 0x89, 0x8c, 0x8c, 0x89, 0x83, 0x90, 0x91, 0x83, 0x86, 0x8c, 0x89, 0x8c, 0x89, 0x89, 0x83, 0x7e, 0x83, 0x89, 0x89, 0x89, 0x90, 0x89, 0x86, 0x83, 0x83, 0x83, 0x83, 0x83, 0x89, 0x86, 0x7e, 0x83, 0x83, 0x86, 0x90, 0x8c, 0x83, 0x7e, 0x83, 0x89, 0x83, 0x7e, 0x86, 
  0xa3, 0xa3, 0xa3, 0xa0, 0xa3, 0xa3, 0xa3, 0xa3, 0xa5, 0xa5, 0xa3, 0xa3, 0xa3, 0xa3, 0xa0, 0xa0, 0xa3, 0xa3, 0xa3, 0xa0, 0xa0, 0xa3, 0xa3, 0x9c, 0xa0, 0xa0, 0xa0, 0xa3, 0xa0, 0xa3, 0xa3, 0xa0, 0xa0, 0xa0, 0xa0, 0xa0, 0xa3, 0x9c, 0xa0, 0xa0, 0xa0, 0xa0, 0x9c, 0x9c, 0x9c, 0x9c, 0x9c, 0x9c, 0x9c, 0xa0, 0x9c, 0x9c, 0x99, 0x9c, 0xa0, 0x99, 0x99, 0x9c, 0x9c, 0x9c, 0x99, 0x99, 0x99, 0x9c, 0x99, 0x99, 0x99, 0x9c, 0x9c, 0x9c, 0x9c, 0x9c, 0x97, 0x97, 0x91, 0x93, 0x99, 0x99, 0x9c, 0x99, 0x97, 0x99, 0x99, 0x97, 0x99, 0x99, 0x99, 0x97, 0x99, 0x99, 0x99, 0x97, 0x97, 0x97, 0x93, 0x9c, 0x99, 0x9c, 0x9c, 0x9c, 0x9c, 0x9c, 0x9c, 0xa0, 0xa0, 0x9c, 0x99, 0x9c, 0xa0, 0x9d, 0x8f, 0x82, 0x88, 0x8d, 0x88, 0x80, 0x07, 0x78, 0x03, 0x05, 0x05, 0x03, 0x02, 0x6c, 0x6c, 0x01, 0x6c, 0x6c, 0x6c, 0x6c, 0x00, 0x00, 0x6c, 0x00, 0x00, 0x6c, 0x00, 0x00, 0x68, 0x6c, 0x01, 0x01, 0x00, 0x00, 0x01, 0x6c, 0x6c, 0x6c, 0x6c, 0x6c, 0x6c, 0x6c, 0x6c, 0x73, 0x73, 0x02, 0x02, 0x74, 0x74, 0x79, 0x05, 0x05, 0x7f, 0x0d, 0x13, 0x0e, 0x13, 0x13, 0x13, 0x15, 0x15, 0x8d, 0x1c, 0x1c, 0x1c, 0x1c, 0x94, 0x94, 0x22, 0x22, 0x22, 0x25, 0x28, 0x2c, 0x2f, 0x3a, 0x46, 0xbf, 0xc1, 0xc1, 0xc1, 0xc1, 0xbf, 0xc0, 0xb7, 0xb9, 0xbd, 0xc0, 0xbf, 0xbe, 0xbe, 0xbe, 0xbf, 0xbe, 0xbe, 0xbe, 0xbe, 0xbe, 0xbe, 0xbd, 0xbe, 0xbe, 0xbe, 0xbe, 0xbc, 0xb0, 0xd4, 0xd4, 0xce, 0xd3, 0xce, 0xd4, 0xb0, 0xd0, 0xb0, 0xb5, 0xb5, 0xb7, 0xba, 0xba, 0xbc, 0xbc, 0xbe, 0xbe, 0xbe, 0xc0, 0xc0, 0xc0, 0xc0, 0xbf, 0xc0, 0xbf, 0xc0, 0xbf, 0xbf, 0xbe, 0xbe, 0xbe, 0xbf, 0xbc, 0xcb, 0x87, 0xd3, 0xb7, 0xb7, 0xb8, 0xb7, 0xb5, 0xb5, 0xb5, 0xb7, 0xb5, 0xb5, 0xb3, 0xb0, 0xd4, 0xad, 0xaf, 0xd4, 0xac, 0xaf, 0xaf, 0xd3, 0xd3, 0xce, 0xac, 0xce, 0xa8, 0xa8, 0xd3, 0xd3, 0xac, 0xb5, 0xb3, 0xb0, 0xac, 0xd3, 0xa8, 0xac, 0xa8, 0xa8, 0xa8, 0xa5, 0xa3, 0xa0, 0xa0, 0xa0, 0x9c, 0x97, 0x9c, 0xa0, 0xa0, 0xa0, 0xa0, 0x9c, 0x9c, 0x97, 0x99, 0x97, 0x90, 0x93, 0x91, 0x89, 0x89, 0x83, 0x90, 0x89, 0x91, 0x89, 0x86, 0x89, 0x89, 0x86, 0x8c, 0x8c, 0x8c, 0x8c, 0x89, 0x86, 0x89, 0x89, 0x84, 0x91, 0x89, 0x81, 0x89, 0x90, 0x8c, 0x86, 0x83, 0x83, 0x86, 0x83, 0x89, 0x83, 0x86, 0x83, 0x89, 0x86, 0x83, 0x89, 0x86, 0x86, 0x83, 0x7e, 0x83, 0x86, 0x83, 0x89, 0x81, 0x84, 0x83, 0x86, 0x7e, 0x83, 0x83, 0x89, 0x89, 0x83, 0x89, 
  0xa3, 0xa3, 0xa3, 0xa3, 0xa3, 0xa3, 0xa3, 0xa3, 0xa3, 0xa5, 0xa3, 0xa3, 0xa3, 0xa3, 0xa3, 0xa3, 0xa3, 0xa3, 0xa3, 0xa0, 0xa0, 0xa3, 0xa3, 0xa0, 0xa0, 0xa3, 0xa3, 0xa3, 0xa0, 0xa0, 0xa3, 0xa0, 0xa0, 0xa0, 0xa0, 0x9c, 0x9c, 0x99, 0x9c, 0x9c, 0xa0, 0xa0, 0x9c, 0x9c, 0xa0, 0x9c, 0x9c, 0x9c, 0x9c, 0xa0, 0x9c, 0x9c, 0x97, 0x9c, 0x9c, 0x99, 0x99, 0x9c, 0x9c, 0x9c, 0x9c, 0x99, 0x99, 0x9c, 0x99, 0x99, 0x99, 0x99, 0x99, 0x9c, 0x9c, 0x99, 0x99, 0x97, 0x93, 0x97, 0x99, 0x99, 0x99, 0x99, 0x97, 0x97, 0x99, 0x99, 0x99, 0x99, 0x9c, 0x99, 0x99, 0x99, 0x93, 0x97, 0x97, 0x97, 0x97, 0x99, 0x97, 0x9c, 0x9c, 0x9c, 0x9c, 0x9c, 0x9c, 0xa0, 0x9c, 0x9c, 0x9c, 0x9c, 0xa0, 0x9b, 0x15, 0x13, 0x88, 0x8f, 0x88, 0x82, 0x09, 0x78, 0x04, 0x78, 0x07, 0x05, 0x02, 0x6c, 0x6c, 0x6c, 0x6c, 0x6c, 0x6c, 0x68, 0x00, 0x00, 0x00, 0x6c, 0x6c, 0x00, 0x00, 0x6c, 0x6c, 0x00, 0x00, 0x01, 0x00, 0x00, 0x6c, 0x6c, 0x01, 0x6e, 0x6c, 0x6c, 0x02, 0x6f, 0x02, 0x73, 0x02, 0x6e, 0x02, 0x05, 0x05, 0x05, 0x79, 0x09, 0x7f, 0x0e, 0x7f, 0x0e, 0x0e, 0x13, 0x13, 0x15, 0x18, 0x8d, 0x1c, 0x1c, 0x8f, 0x94, 0x94, 0x1e, 0x22, 0x21, 0x22, 0x25, 0x28, 0x2c, 0x2c, 0x35, 0x41, 0x4a, 0x4d, 0xc1, 0xc1, 0xc1, 0xc0, 0xbf, 0xb7, 0xb3, 0xba, 0xbe, 0xbe, 0xbe, 0xbe, 0xbe, 0xbf, 0xbf, 0xbe, 0xbe, 0xbe, 0xbe, 0xbe, 0xbe, 0xbe, 0xbe, 0xbe, 0xbe, 0xbe, 0xbc, 0xd1, 0xd4, 0xd3, 0xce, 0xd4, 0xd4, 0xaf, 0xb0, 0xb5, 0xb7, 0xb7, 0xba, 0xbc, 0xbc, 0xbc, 0xbd, 0xbe, 0xbe, 0xbe, 0xbf, 0xbf, 0xc0, 0xc0, 0xc0, 0xbf, 0xc0, 0xc0, 0xbf, 0xbe, 0xbe, 0xbe, 0xbe, 0xbe, 0xbc, 0xb0, 0xc8, 0xcb, 0xb7, 0xb7, 0xb6, 0xb8, 0xb6, 0xb0, 0xb5, 0xb5, 0xb3, 0xb0, 0xb0, 0xaf, 0xd4, 0xad, 0xac, 0xd4, 0xd4, 0xaf, 0xb0, 0xd4, 0xd3, 0xd4, 0xd4, 0xac, 0xd3, 0xd3, 0xa8, 0xa8, 0xa8, 0xb3, 0xb5, 0xb0, 0xaf, 0xa8, 0xa8, 0xa8, 0xa5, 0xa5, 0xa5, 0xa5, 0xa3, 0xa3, 0xa0, 0xa0, 0x9c, 0x97, 0x99, 0x99, 0xa0, 0xa0, 0xa0, 0x9c, 0x9c, 0x97, 0x97, 0x93, 0x89, 0x90, 0x91, 0x89, 0x8c, 0x90, 0x89, 0x81, 0x91, 0x89, 0x89, 0x90, 0x8c, 0x86, 0x89, 0x89, 0x89, 0x83, 0x7e, 0x7c, 0x89, 0x90, 0x90, 0x86, 0x89, 0x86, 0x8b, 0x89, 0x83, 0x83, 0x89, 0x8c, 0x89, 0x83, 0x86, 0x84, 0x83, 0x86, 0x8b, 0x83, 0x7e, 0x83, 0x83, 0x83, 0x83, 0x7e, 0x86, 0x8b, 0x89, 0x8c, 0x83, 0x7e, 0x7e, 0x83, 0x7e, 0x83, 0x86, 0x89, 0x90, 0x89, 0x8c, 
  0xa0, 0xa3, 0xa5, 0xa5, 0xa3, 0xa5, 0xa3, 0xa3, 0xa3, 0xa3, 0xa3, 0xa3, 0xa3, 0xa0, 0xa3, 0xa3, 0xa3, 0xa0, 0xa3, 0xa3, 0xa3, 0xa0, 0xa0, 0xa0, 0xa0, 0xa0, 0xa0, 0xa0, 0xa3, 0xa3, 0xa0, 0xa0, 0xa0, 0x9c, 0x9c, 0xa0, 0x9c, 0x9c, 0x9c, 0x9c, 0xa0, 0xa0, 0x9c, 0x9c, 0x9c, 0x9c, 0x9c, 0x9c, 0x9c, 0x9c, 0x9c, 0x9c, 0x9c, 0x9c, 0x99, 0x9c, 0x9c, 0x9c, 0x9c, 0x9c, 0x9c, 0x9c, 0x99, 0x99, 0x99, 0x99, 0x97, 0x99, 0x99, 0x99, 0x97, 0x9c, 0x9c, 0x99, 0x99, 0x9c, 0x9c, 0x9c, 0x97, 0x99, 0x99, 0x97, 0x99, 0x9c, 0x99, 0x97, 0x9c, 0x97, 0x93, 0x99, 0x93, 0x99, 0x99, 0x97, 0x99, 0x99, 0x97, 0x99, 0x9c, 0x9c, 0x99, 0x99, 0x9c, 0x9c, 0x9c, 0x9c, 0xa0, 0xa0, 0xa0, 0x95, 0x88, 0x88, 0x88, 0x8f, 0x13, 0x82, 0x09, 0x07, 0x07, 0x05, 0x07, 0x05, 0x03, 0x02, 0x6c, 0x6c, 0x6c, 0x00, 0x00, 0x01, 0x00, 0x01, 0x6c, 0x68, 0x00, 0x00, 0x68, 0x6c, 0x00, 0x00, 0x00, 0x6c, 0x00, 0x6c, 0x6c, 0x6c, 0x6c, 0x02, 0x02, 0x02, 0x02, 0x02, 0x02, 0x05, 0x02, 0x02, 0x02, 0x05, 0x05, 0x74, 0x79, 0x09, 0x0e, 0x0e, 0x7f, 0x0e, 0x13, 0x13, 0x13, 0x15, 0x8d, 0x1c, 0x1c, 0x1c, 0x94, 0x94, 0x9a, 0x9a, 0x9a, 0x22, 0x22, 0x25, 0x28, 0x2a, 0x2c, 0xa9, 0x3b, 0x48, 0x4d, 0xc1, 0xc1, 0xc1, 0xc1, 0xbf, 0xbc, 0xb7, 0xb7, 0xbc, 0xbe, 0xbe, 0xbe, 0xbe, 0xbf, 0xbe, 0xbe, 0xbe, 0xbe, 0xbe, 0xbe, 0xbe, 0xbe, 0xbe, 0xbe, 0xbe, 0xbe, 0xbf, 0xbd, 0xb7, 0xd0, 0xd4, 0xd3, 0xaf, 0xb0, 0xb6, 0xb7, 0xb7, 0xb7, 0xba, 0xbc, 0xbd, 0xbd, 0xbe, 0xbe, 0xbe, 0xbf, 0xbf, 0xbf, 0xbf, 0xc1, 0xbf, 0xc0, 0xbe, 0xbe, 0xbe, 0xbd, 0xbd, 0xbe, 0xbe, 0xbc, 0xba, 0xb7, 0xd4, 0xb0, 0xb7, 0xb7, 0xb7, 0xb5, 0xd4, 0xd4, 0xaf, 0xd4, 0xaf, 0xaf, 0xaf, 0xaf, 0xad, 0xad, 0xad, 0xd4, 0xaf, 0xaf, 0xaf, 0xd4, 0xd3, 0xd4, 0xaf, 0xd4, 0xd3, 0xd3, 0xa8, 0xa8, 0xd3, 0xd4, 0xb5, 0xb0, 0xaf, 0xa8, 0xa8, 0xa3, 0xa3, 0xa3, 0xa5, 0xa5, 0xa0, 0xa0, 0x9c, 0x9c, 0x9c, 0x99, 0x99, 0x97, 0x99, 0x97, 0x9c, 0x9c, 0x99, 0x99, 0x99, 0x93, 0x90, 0x90, 0x8c, 0x89, 0x90, 0x90, 0x83, 0x83, 0x93, 0x90, 0x8c, 0x89, 0x89, 0x83, 0x83, 0x86, 0x86, 0x83, 0x83, 0x7e, 0x83, 0x90, 0x93, 0x83, 0x84, 0x90, 0x89, 0x86, 0x86, 0x86, 0x8c, 0x90, 0x90, 0x83, 0x89, 0x86, 0x83, 0x83, 0x8c, 0x86, 0x7e, 0x7e, 0x86, 0x83, 0x7e, 0x7e, 0x83, 0x83, 0x86, 0x89, 0x89, 0x83, 0x89, 0x81, 0x7a, 0x83, 0x83, 0x86, 0x8c, 0x93, 0x93, 
  0xa0, 0xa3, 0xa3, 0xa5, 0xa3, 0xa3, 0xa3, 0xa3, 0xa3, 0xa3, 0xa3, 0xa3, 0xa0, 0xa3, 0xa3, 0xa3, 0xa3, 0xa3, 0xa3, 0xa3, 0xa3, 0xa3, 0xa3, 0xa0, 0xa0, 0xa0, 0xa3, 0xa3, 0xa3, 0xa3, 0xa0, 0xa0, 0xa3, 0xa3, 0xa0, 0xa0, 0x9c, 0x9c, 0xa0, 0xa0, 0x9c, 0x9c, 0x9c, 0x9c, 0x9c, 0x99, 0x9c, 0x9c, 0x9c, 0x9c, 0x9c, 0x9c, 0x9c, 0x9c, 0x99, 0x9c, 0xa0, 0x9c, 0x9c, 0x9c, 0x9c, 0x9c, 0x99, 0x99, 0x99, 0x99, 0x99, 0x97, 0x9c, 0x99, 0x97, 0xa0, 0x9c, 0x9c, 0x9c, 0x9c, 0x9c, 0x9c, 0x9c, 0x9c, 0x9c, 0x97, 0x97, 0x9c, 0x99, 0x93, 0x99, 0x99, 0x97, 0x99, 0x9c, 0x9c, 0x99, 0x99, 0x99, 0x99, 0x9c, 0x99, 0x99, 0x9c, 0x9c, 0x9c, 0x99, 0x9c, 0x9c, 0x9c, 0x9c, 0xa0, 0xa3, 0x9b, 0x8d, 0x88, 0x88, 0x8d, 0x8d, 0x82, 0x0d, 0x07, 0x78, 0x05, 0x07, 0x07, 0x05, 0x02, 0x6c, 0x6c, 0x6c, 0x00, 0x00, 0x6c, 0x6c, 0x00, 0x68, 0x68, 0x00, 0x6c, 0x6c, 0x6c, 0x00, 0x68, 0x68, 0x00, 0x6c, 0x6e, 0x6e, 0x6c, 0x6c, 0x02, 0x02, 0x02, 0x73, 0x05, 0x05, 0x02, 0x02, 0x02, 0x02, 0x02, 0x74, 0x05, 0x09, 0x0d, 0x7f, 0x0d, 0x0e, 0x12, 0x13, 0x13, 0x13, 0x8d, 0x8d, 0x8d, 0x8d, 0x1c, 0x94, 0x9a, 0x9a, 0x9a, 0x9a, 0x21, 0x22, 0x25, 0x25, 0x28, 0x2c, 0x2f, 0x35, 0xb8, 0x4c, 0xbf, 0x4d, 0xc1, 0x4d, 0x4d, 0xbe, 0xba, 0xb3, 0xb7, 0xbc, 0xbe, 0xbe, 0xbe, 0xbe, 0xbe, 0xbe, 0xbe, 0xbe, 0xbe, 0xbe, 0xbe, 0xbe, 0xbe, 0xbf, 0xc0, 0xc0, 0xc0, 0xc1, 0xbe, 0xbb, 0xb5, 0xb0, 0xd1, 0xb5, 0xba, 0xba, 0xba, 0xba, 0xbc, 0xbc, 0xbd, 0xbe, 0xbe, 0xbf, 0xc0, 0xbf, 0xbf, 0xc0, 0xc0, 0xc1, 0xbf, 0xbe, 0xbd, 0xbc, 0xbc, 0xbe, 0xbe, 0xbe, 0xc0, 0xbf, 0xbc, 0xba, 0xb5, 0xb6, 0xba, 0xba, 0xb0, 0xac, 0xa5, 0xa8, 0xa8, 0xd3, 0xce, 0xd4, 0xb0, 0xaf, 0xd4, 0xd4, 0xaf, 0xaf, 0xaf, 0xaf, 0xaf, 0xac, 0xd3, 0xac, 0xd4, 0xac, 0xac, 0xac, 0xac, 0xd3, 0xd3, 0xcd, 0xb3, 0xb3, 0xd4, 0xac, 0xa5, 0xa5, 0xa3, 0xa0, 0xa3, 0xa3, 0xa0, 0x9c, 0x99, 0x97, 0x9c, 0x97, 0x9c, 0x97, 0x90, 0x93, 0x99, 0x97, 0x97, 0x97, 0x97, 0x93, 0x91, 0x90, 0x89, 0x89, 0x89, 0x89, 0x89, 0x89, 0x89, 0x8c, 0x90, 0x83, 0x83, 0x86, 0x89, 0x89, 0x84, 0x89, 0x89, 0x83, 0x86, 0x84, 0x90, 0x90, 0x89, 0x8c, 0x90, 0x89, 0x89, 0x89, 0x89, 0x90, 0x89, 0x89, 0x89, 0x86, 0x84, 0x83, 0x83, 0x89, 0x81, 0x7a, 0x83, 0x81, 0x7e, 0x83, 0x83, 0x7e, 0x7e, 0x86, 0x86, 0x83, 0x86, 0x7e, 0x83, 0x89, 0x8c, 0x8c, 0x91, 0x91, 0x89, 
  0xa3, 0xa3, 0xa5, 0xa3, 0xa5, 0xa3, 0xa3, 0xa5, 0xa3, 0xa3, 0xa3, 0xa3, 0xa3, 0xa3, 0xa3, 0xa3, 0xa3, 0xa3, 0xa3, 0xa0, 0xa0, 0xa3, 0xa3, 0xa3, 0xa0, 0xa0, 0xa0, 0xa3, 0xa0, 0xa0, 0xa0, 0xa0, 0xa3, 0xa3, 0xa3, 0xa0, 0x9c, 0xa0, 0xa0, 0xa0, 0x9c, 0x9c, 0xa0, 0xa0, 0x9c, 0x9c, 0x99, 0x99, 0x99, 0x99, 0x9c, 0xa0, 0xa0, 0x9c, 0x9c, 0x9c, 0xa0, 0x9c, 0x9c, 0x9c, 0x99, 0x99, 0x9c, 0x9c, 0x9c, 0x99, 0x99, 0x97, 0x9c, 0x99, 0x99, 0xa0, 0xa0, 0xa0, 0x9c, 0x9c, 0x9c, 0x9c, 0x9c, 0x9c, 0x99, 0x97, 0x97, 0x97, 0x97, 0x93, 0x93, 0x99, 0x93, 0x99, 0x9c, 0x99, 0x97, 0x97, 0x99, 0x97, 0x99, 0x99, 0x99, 0x9c, 0x9c, 0xa0, 0x99, 0xa0, 0x9c, 0x9c, 0x9c, 0xa0, 0xa3, 0x9b, 0x8d, 0x12, 0x0e, 0x1c, 0x8d, 0x12, 0x0d, 0x09, 0x07, 0x78, 0x05, 0x09, 0x05, 0x02, 0x6c, 0x6c, 0x6c, 0x68, 0x6c, 0x6c, 0x6c, 0x00, 0x68, 0x6c, 0x00, 0x6c, 0x6c, 0x6c, 0x6f, 0x6c, 0x68, 0x00, 0x6c, 0x6c, 0x6c, 0x6c, 0x6f, 0x02, 0x02, 0x02, 0x73, 0x74, 0x02, 0x6e, 0x02, 0x02, 0x02, 0x74, 0x05, 0x05, 0x09, 0x0d, 0x7f, 0x0d, 0x13, 0x0e, 0x0e, 0x13, 0x13, 0x15, 0x15, 0x18, 0x1c, 0x1c, 0x94, 0x94, 0x1e, 0x9a, 0x9a, 0x9a, 0x22, 0x25, 0x25, 0x28, 0x28, 0x2c, 0x35, 0x43, 0x48, 0xbe, 0xbf, 0xbe, 0xbe, 0x4d, 0xbf, 0xba, 0xaf, 0xb5, 0xb6, 0xbc, 0xbe, 0xbe, 0xbe, 0xbe, 0xbe, 0xbe, 0xbe, 0xbe, 0xbe, 0xbe, 0xbe, 0xbe, 0xbf, 0xc0, 0xbf, 0xc1, 0xc1, 0xc1, 0xc0, 0xbe, 0xbc, 0xba, 0xba, 0xba, 0xbc, 0xbc, 0xbc, 0xbe, 0xbe, 0xbe, 0xbe, 0xbe, 0xbf, 0xc0, 0xbf, 0xc0, 0xc0, 0xc0, 0xbe, 0xbd, 0xbd, 0xbc, 0xbe, 0xbd, 0xbe, 0xbf, 0xc0, 0xbe, 0xbc, 0xb7, 0xb5, 0xb5, 0xb6, 0xb6, 0xaf, 0xcd, 0xa3, 0xa5, 0xa3, 0xa5, 0xa8, 0xac, 0xac, 0xac, 0xac, 0xd4, 0xd4, 0xb0, 0xb0, 0xaf, 0xaf, 0xac, 0xa8, 0xd3, 0xd3, 0xac, 0xac, 0xac, 0xd3, 0xd3, 0xac, 0xa8, 0xa8, 0xb0, 0xb3, 0xac, 0xa8, 0xa3, 0xa3, 0xa3, 0xa0, 0xa0, 0xa0, 0xa0, 0x9c, 0x97, 0x97, 0x97, 0x99, 0x9c, 0x93, 0x93, 0x93, 0x93, 0x93, 0x97, 0x93, 0x93, 0x91, 0x91, 0x91, 0x90, 0x89, 0x86, 0x83, 0x83, 0x86, 0x83, 0x83, 0x86, 0x83, 0x7e, 0x83, 0x86, 0x83, 0x86, 0x89, 0x89, 0x83, 0x7e, 0x7e, 0x83, 0x90, 0x90, 0x91, 0x89, 0x84, 0x86, 0x89, 0x86, 0x83, 0x7c, 0x81, 0x89, 0x86, 0x83, 0x86, 0x7e, 0x83, 0x83, 0x7e, 0x7e, 0x86, 0x83, 0x83, 0x83, 0x83, 0x83, 0x89, 0x7e, 0x81, 0x83, 0x7e, 0x81, 0x7e, 0x83, 0x83, 0x8b, 0x8c, 0x8c, 
  0xa3, 0xa3, 0xa5, 0xa3, 0xa5, 0xa5, 0xa5, 0xa3, 0xa5, 0xa3, 0xa3, 0xa0, 0xa3, 0xa3, 0xa5, 0xa3, 0xa3, 0xa0, 0xa3, 0xa3, 0xa0, 0xa3, 0xa0, 0xa0, 0x9c, 0x9c, 0xa0, 0xa3, 0xa3, 0xa0, 0xa0, 0xa0, 0xa0, 0xa0, 0xa0, 0xa3, 0xa0, 0xa0, 0xa0, 0x9c, 0x9c, 0xa0, 0xa0, 0x9c, 0x9c, 0x9c, 0x9c, 0x99, 0x9c, 0xa0, 0xa0, 0xa3, 0x9c, 0xa0, 0x99, 0x9c, 0x99, 0x9c, 0x9c, 0x99, 0x9c, 0x99, 0x99, 0x9c, 0x9c, 0x99, 0x99, 0x99, 0x9c, 0x9c, 0x99, 0x9c, 0xa0, 0xa0, 0x9c, 0x99, 0x9c, 0x9c, 0x9c, 0x9c, 0x9c, 0x93, 0x97, 0x97, 0x97, 0x90, 0x93, 0x97, 0x93, 0x99, 0x9c, 0x99, 0x97, 0x97, 0x99, 0x97, 0x99, 0x97, 0x99, 0x9c, 0x97, 0x9c, 0x9c, 0x9c, 0x9c, 0x9c, 0xa0, 0xa0, 0xa0, 0x95, 0x13, 0x82, 0x12, 0x8d, 0x8d, 0x13, 0x82, 0x7d, 0x08, 0x07, 0x05, 0x05, 0x07, 0x03, 0x02, 0x6c, 0x6c, 0x6c, 0x6c, 0x6c, 0x6e, 0x01, 0x6c, 0x6c, 0x6c, 0x6c, 0x6c, 0x6c, 0x6f, 0x6f, 0x6c, 0x6c, 0x6c, 0x6c, 0x00, 0x6c, 0x02, 0x6c, 0x6f, 0x02, 0x05, 0x02, 0x6c, 0x6e, 0x6e, 0x02, 0x02, 0x05, 0x05, 0x05, 0x09, 0x09, 0x0e, 0x12, 0x13, 0x0d, 0x7f, 0x0e, 0x13, 0x15, 0x8a, 0x8f, 0x94, 0x94, 0x94, 0x1e, 0x1e, 0x9a, 0x9a, 0x9a, 0x21, 0x25, 0x25, 0x28, 0x28, 0x2c, 0x35, 0x3e, 0x48, 0x4c, 0x4b, 0x4c, 0xbe, 0xbe, 0xbe, 0xbc, 0x41, 0xd0, 0xb5, 0xb7, 0xbe, 0xbe, 0xbe, 0xbe, 0xbe, 0xbe, 0xbe, 0xbe, 0xbe, 0xbe, 0xbe, 0xbe, 0xc0, 0xbf, 0xc1, 0xc1, 0xc0, 0xc0, 0xc1, 0xc1, 0xc0, 0xbf, 0xbe, 0xbc, 0xbc, 0xbd, 0xbe, 0xbe, 0xbe, 0xbf, 0xbe, 0xbe, 0xc0, 0xc0, 0xbf, 0xc0, 0xbe, 0xbc, 0xbc, 0xbb, 0xbd, 0xbe, 0xc0, 0xbe, 0xbf, 0xbe, 0xbc, 0xba, 0xb5, 0xb3, 0xb5, 0xb7, 0xb5, 0xd4, 0xa8, 0xa3, 0xa3, 0xa3, 0xa0, 0xa3, 0xa8, 0xd3, 0xd3, 0xa8, 0xac, 0xd4, 0xac, 0xaf, 0xaf, 0xaf, 0xaf, 0xaf, 0xd4, 0xac, 0xa8, 0xd3, 0xaa, 0xa8, 0xa8, 0xd3, 0xac, 0xa8, 0xd3, 0xaf, 0xb0, 0xa8, 0xa8, 0xa3, 0xa0, 0xa0, 0xa0, 0x9c, 0x9c, 0xa0, 0x9c, 0x99, 0x99, 0x97, 0x99, 0x9c, 0x91, 0x99, 0x93, 0x97, 0x97, 0x97, 0x91, 0x93, 0x97, 0x90, 0x90, 0x90, 0x8c, 0x89, 0x86, 0x83, 0x83, 0x83, 0x81, 0x81, 0x83, 0x7c, 0x7e, 0x83, 0x89, 0x83, 0x83, 0x86, 0x83, 0x81, 0x7c, 0x7e, 0x93, 0x90, 0x90, 0x83, 0x89, 0x89, 0x8c, 0x89, 0x83, 0x7e, 0x7e, 0x83, 0x89, 0x90, 0x89, 0x7e, 0x7a, 0x8c, 0x7e, 0x83, 0x86, 0x89, 0x86, 0x83, 0x83, 0x81, 0x83, 0x89, 0x83, 0x89, 0x7e, 0x7a, 0x89, 0x81, 0x7e, 0x83, 0x90, 0x90, 
  0xa3, 0xa0, 0xa3, 0xa3, 0xc9, 0xa0, 0xa3, 0xa3, 0xa3, 0xa5, 0xa3, 0xa3, 0xa3, 0xa3, 0xa5, 0xa3, 0xa3, 0xa0, 0xa3, 0xa3, 0xa3, 0xa3, 0xa3, 0xa3, 0xa0, 0xa3, 0xa0, 0xa3, 0xa0, 0xa0, 0xa0, 0xa3, 0xa0, 0xa0, 0xa3, 0xa0, 0xa0, 0xa0, 0xa3, 0xa0, 0xa0, 0xa0, 0xa0, 0x9c, 0x99, 0x9c, 0x9c, 0x9c, 0xa0, 0xa0, 0x99, 0x9c, 0xa3, 0xa0, 0xa0, 0x9c, 0xa5, 0xac, 0xa3, 0x99, 0x9c, 0x9c, 0x9c, 0xa0, 0x9c, 0x97, 0x97, 0x99, 0x9c, 0x9c, 0x9c, 0x97, 0x9c, 0xa0, 0x9c, 0x9c, 0x9c, 0x9c, 0x9c, 0x9c, 0x97, 0x97, 0x97, 0x99, 0x97, 0x93, 0x99, 0x99, 0x9c, 0x9c, 0x99, 0x97, 0x99, 0x9c, 0x99, 0x99, 0x97, 0x93, 0x99, 0x9c, 0x99, 0xa0, 0xa0, 0x97, 0x9c, 0x9c, 0xa3, 0xa0, 0xa1, 0x94, 0x80, 0x08, 0x82, 0x8d, 0x8d, 0x88, 0x0d, 0x08, 0x07, 0x08, 0x05, 0x03, 0x03, 0x05, 0x02, 0x02, 0x6f, 0x02, 0x6c, 0x02, 0x73, 0x6c, 0x6c, 0x6c, 0x6c, 0x6c, 0x6c, 0x6c, 0x6c, 0x6c, 0x6c, 0x6c, 0x6c, 0x6c, 0x6c, 0x02, 0x6c, 0x6c, 0x02, 0x05, 0x03, 0x02, 0x02, 0x02, 0x6e, 0x02, 0x02, 0x05, 0x05, 0x05, 0x09, 0x79, 0x0d, 0x13, 0x13, 0x09, 0x12, 0x0e, 0x13, 0x15, 0x8f, 0x8f, 0x8f, 0x94, 0x1e, 0x1e, 0x1e, 0x9a, 0x9a, 0x9a, 0x21, 0x22, 0x24, 0x25, 0x28, 0x2c, 0x33, 0x3b, 0xb8, 0x4a, 0x4a, 0x4b, 0x4c, 0x4c, 0x4c, 0xbe, 0xbc, 0xb5, 0xb5, 0xb6, 0xbc, 0xbe, 0xbe, 0xbe, 0xbe, 0xbe, 0xbe, 0xbe, 0xbf, 0xbf, 0xbe, 0xbf, 0xc0, 0xc1, 0xc1, 0xc0, 0xc0, 0xc1, 0xc1, 0xc1, 0xc1, 0xc1, 0xc1, 0xbf, 0xc0, 0xbf, 0xc0, 0xbe, 0xbe, 0xbe, 0xbf, 0xc0, 0xbf, 0xc1, 0xbf, 0xbc, 0xba, 0xba, 0xbc, 0xbc, 0xbe, 0xc0, 0xc0, 0xbb, 0xb7, 0xb7, 0xb5, 0xb5, 0xb5, 0xb5, 0xb6, 0xb6, 0xb0, 0xa8, 0xa5, 0xa3, 0xa5, 0xa5, 0xa3, 0xa3, 0xa5, 0xa8, 0xa8, 0xd3, 0xd4, 0xd4, 0xd4, 0xac, 0xaf, 0xd4, 0xaf, 0xb0, 0xd4, 0xac, 0xa8, 0xa8, 0xa8, 0xa8, 0xd3, 0xd3, 0xa5, 0xa5, 0xa8, 0xa8, 0xa8, 0xa8, 0xa3, 0xa3, 0xa0, 0x9c, 0x9c, 0xa0, 0x9c, 0x9c, 0x9c, 0x99, 0x99, 0x99, 0x9c, 0x9c, 0x93, 0x97, 0x97, 0x97, 0x91, 0x91, 0x90, 0x90, 0x90, 0x90, 0x89, 0x89, 0x8c, 0x8c, 0x90, 0x89, 0x89, 0x86, 0x83, 0x89, 0x83, 0x7e, 0x83, 0x89, 0x89, 0x81, 0x86, 0x89, 0x7e, 0x7e, 0x7e, 0x7a, 0x93, 0x91, 0x93, 0x89, 0x89, 0x89, 0x89, 0x86, 0x89, 0x89, 0x83, 0x8c, 0x8c, 0x90, 0x89, 0x89, 0x83, 0x91, 0x7a, 0x83, 0x89, 0x86, 0x83, 0x89, 0x8b, 0x86, 0x83, 0x89, 0x83, 0x91, 0x7e, 0x7e, 0x90, 0x7e, 0x7e, 0x89, 0x8c, 0x99, 
  0xa8, 0xa5, 0xa5, 0xa3, 0xa3, 0xa5, 0xa5, 0xa5, 0xa5, 0xa5, 0xa5, 0xa5, 0xa3, 0xa5, 0xa8, 0xa5, 0xa3, 0xa0, 0xa3, 0xa0, 0xa5, 0xa3, 0xa0, 0xa5, 0xa5, 0xa0, 0xa3, 0xa5, 0xa3, 0xa3, 0xa0, 0xa0, 0xa0, 0xa3, 0xa3, 0xa3, 0xa3, 0xa3, 0xa0, 0xa0, 0xa0, 0xa0, 0xa0, 0x9c, 0x99, 0x99, 0x99, 0x9c, 0x9c, 0x9c, 0x99, 0xa0, 0xa3, 0x9c, 0xa3, 0xa0, 0xd3, 0xb0, 0xa5, 0x9c, 0x99, 0x9c, 0xa0, 0xa0, 0xa0, 0x9c, 0x9c, 0x97, 0x9c, 0x99, 0x9c, 0x9c, 0x9c, 0x99, 0x99, 0x9c, 0x9c, 0x99, 0x97, 0x97, 0x99, 0x99, 0x9c, 0x99, 0x99, 0x9c, 0x9c, 0x99, 0xa0, 0x99, 0x93, 0x97, 0x93, 0x93, 0x93, 0x97, 0x9c, 0x9c, 0x9c, 0x9c, 0x99, 0x97, 0x9c, 0x99, 0x9c, 0x9c, 0xa0, 0xa0, 0xa1, 0x94, 0x82, 0x7d, 0x08, 0x18, 0x8d, 0x18, 0x82, 0x08, 0x07, 0x07, 0x78, 0x03, 0x05, 0x05, 0x05, 0x02, 0x6c, 0x6c, 0x6e, 0x6c, 0x6c, 0x6f, 0x6c, 0x02, 0x6c, 0x6c, 0x6c, 0x6e, 0x02, 0x02, 0x6c, 0x6c, 0x6c, 0x6c, 0x6c, 0x6c, 0x6f, 0x73, 0x05, 0x02, 0x02, 0x02, 0x02, 0x02, 0x02, 0x02, 0x05, 0x05, 0x05, 0x05, 0x79, 0x09, 0x09, 0x12, 0x09, 0x82, 0x82, 0x13, 0x13, 0x8f, 0x8f, 0x94, 0x94, 0x94, 0x94, 0x94, 0x9a, 0x9a, 0x94, 0x9a, 0x1e, 0x9a, 0x25, 0x25, 0x28, 0x2c, 0xa9, 0x3b, 0x3e, 0x46, 0x4a, 0x4a, 0x4a, 0x4b, 0x4c, 0x4c, 0xbe, 0xbb, 0xb7, 0xb8, 0xbc, 0xbd, 0xbe, 0xbe, 0xbe, 0xbe, 0xbe, 0xbe, 0xbf, 0xc0, 0xc0, 0xbf, 0xc1, 0xc0, 0xc1, 0xc1, 0xc1, 0xc1, 0xc1, 0xc1, 0xc1, 0xc1, 0xc0, 0xc1, 0xc1, 0xc1, 0xc1, 0xc1, 0xc1, 0xc1, 0xc1, 0xc0, 0xbe, 0xbc, 0xbc, 0xba, 0xba, 0xbd, 0xbe, 0xbf, 0xc0, 0xc1, 0xbe, 0xba, 0xb7, 0xb7, 0xb7, 0xb7, 0xb7, 0xb4, 0xb3, 0xb0, 0xaf, 0xa8, 0xa5, 0xa0, 0xa3, 0xa3, 0xa0, 0xa3, 0xa3, 0xa5, 0xcd, 0xa8, 0xd3, 0xaf, 0xb3, 0xaf, 0xaf, 0xaf, 0xd4, 0xaf, 0xac, 0xac, 0xac, 0xac, 0xac, 0xd3, 0xd3, 0xa8, 0xa8, 0xa8, 0xa5, 0xa5, 0xa8, 0xa5, 0xa3, 0xa0, 0xa0, 0xa0, 0xa0, 0x9c, 0x9c, 0x9c, 0x9c, 0x9c, 0x99, 0x9c, 0x97, 0x91, 0x93, 0x97, 0x93, 0x90, 0x93, 0x90, 0x90, 0x83, 0x83, 0x90, 0x89, 0x86, 0x86, 0x83, 0x86, 0x91, 0x89, 0x83, 0x89, 0x83, 0x83, 0x89, 0x89, 0x89, 0x89, 0x89, 0x84, 0x83, 0x81, 0x7e, 0x83, 0x7e, 0x7a, 0x90, 0x83, 0x8c, 0x83, 0x81, 0x89, 0x89, 0x89, 0x83, 0x89, 0x90, 0x84, 0x81, 0x7e, 0x7e, 0x89, 0x89, 0x81, 0x86, 0x89, 0x83, 0x89, 0x83, 0x89, 0x89, 0x86, 0x89, 0x89, 0x89, 0x90, 0x8c, 0x93, 0x90, 0x93, 0x97, 0x90, 0x97, 
  0xa5, 0xa5, 0xa3, 0xa3, 0xa3, 0xa3, 0xa3, 0xa3, 0xa5, 0xa3, 0xa3, 0xa5, 0xa8, 0xa5, 0xa5, 0xa3, 0xa3, 0xa3, 0xa0, 0xa0, 0xa3, 0xa3, 0xa5, 0xa3, 0xa3, 0xa0, 0xa3, 0xa0, 0xa3, 0xa3, 0xa3, 0xa0, 0xa0, 0xa3, 0xa3, 0xa0, 0xa0, 0xa0, 0xa3, 0xa0, 0x9c, 0x9c, 0x9c, 0xa0, 0x99, 0x97, 0x9c, 0x99, 0x9c, 0xa0, 0xa0, 0xa0, 0x99, 0x9c, 0xa0, 0xa0, 0xcd, 0xb5, 0xb0, 0xa3, 0x9c, 0x9c, 0x9c, 0xa0, 0x9c, 0x9c, 0x9c, 0x9c, 0xa0, 0x9c, 0xa0, 0x9c, 0xa0, 0x9c, 0x97, 0x99, 0x9c, 0x93, 0x93, 0x93, 0x93, 0x99, 0x9c, 0x9c, 0x9c, 0x9c, 0x99, 0x97, 0x96, 0x93, 0x93, 0x93, 0x93, 0x93, 0x97, 0x93, 0x99, 0x99, 0x9c, 0x97, 0x91, 0x99, 0xa0, 0x99, 0xa0, 0x9c, 0x9c, 0xa3, 0xa0, 0x8a, 0x7d, 0x7d, 0x80, 0x88, 0x1c, 0x8d, 0x13, 0x80, 0x07, 0x07, 0x78, 0x05, 0x05, 0x78, 0x05, 0x02, 0x6c, 0x6c, 0x6e, 0x68, 0x6c, 0x6c, 0x6c, 0x6c, 0x6c, 0x6c, 0x00, 0x00, 0x6c, 0x6c, 0x6c, 0x00, 0x6c, 0x6c, 0x68, 0x6e, 0x6c, 0x74, 0x02, 0x05, 0x02, 0x02, 0x02, 0x02, 0x02, 0x03, 0x05, 0x02, 0x05, 0x05, 0x05, 0x05, 0x7f, 0x09, 0x09, 0x0e, 0x0e, 0x13, 0x15, 0x8a, 0x8f, 0x94, 0x92, 0x8f, 0x8f, 0x1c, 0x94, 0x94, 0x94, 0x9a, 0x9a, 0x22, 0x25, 0x25, 0x28, 0x2c, 0xa9, 0x3a, 0x3e, 0x46, 0x4a, 0x48, 0x4a, 0x4a, 0x4a, 0x4a, 0x4c, 0x4d, 0xbe, 0xbe, 0xbc, 0xbc, 0xbe, 0xbe, 0xbe, 0xbe, 0xbf, 0xbe, 0xc0, 0xbf, 0xc0, 0xc1, 0xc1, 0xc0, 0xc1, 0xc1, 0xc1, 0xc1, 0xc1, 0xc1, 0xc1, 0xc1, 0xc1, 0xc1, 0xc0, 0xc1, 0xc1, 0xc1, 0xc1, 0xc1, 0xc0, 0xbe, 0xbd, 0xbc, 0xbc, 0xbc, 0xbc, 0xbc, 0xbe, 0xc1, 0xc0, 0xbe, 0xba, 0xb7, 0xb7, 0xb7, 0xba, 0xb7, 0xb5, 0xb0, 0xb3, 0xb0, 0xb0, 0xac, 0xa3, 0xa3, 0xa3, 0xa3, 0xa0, 0xa5, 0xa3, 0xa0, 0xa5, 0xd3, 0xac, 0xac, 0xaf, 0xac, 0xd4, 0xb0, 0xac, 0xac, 0xd4, 0xa8, 0xac, 0xac, 0xac, 0xd3, 0xd4, 0xd4, 0xcd, 0xa5, 0xa8, 0xa3, 0xa5, 0x9c, 0xa0, 0xa0, 0xa0, 0x9c, 0x9c, 0x9c, 0x99, 0x9c, 0x9c, 0xa0, 0x9c, 0x99, 0x99, 0x9c, 0x8b, 0x91, 0x93, 0x90, 0x90, 0x8c, 0x8c, 0x84, 0x86, 0x84, 0x86, 0x84, 0x83, 0x7a, 0x83, 0x90, 0x89, 0x86, 0x83, 0x83, 0x89, 0x89, 0x8c, 0x86, 0x86, 0x8c, 0x83, 0x7e, 0x89, 0x89, 0x89, 0x7c, 0x81, 0x90, 0x89, 0x90, 0x91, 0x89, 0x89, 0x86, 0x89, 0x83, 0x8c, 0x89, 0x83, 0x89, 0x86, 0x83, 0x86, 0x7e, 0x93, 0x91, 0x91, 0x8c, 0x90, 0x7e, 0x83, 0x93, 0x90, 0x8b, 0x91, 0x83, 0x8c, 0x89, 0x86, 0x93, 0x9c, 0x9c, 0x97, 0x97, 
  0xa0, 0xa3, 0xa5, 0xa0, 0xa3, 0xa3, 0xa5, 0xa3, 0xa3, 0xa3, 0xa8, 0xcd, 0xa5, 0xa3, 0xa3, 0xa3, 0xa3, 0xa3, 0xa3, 0xa3, 0xa3, 0xa3, 0xa3, 0xa3, 0xa3, 0xa3, 0xa0, 0xa3, 0xa0, 0xa0, 0xa0, 0xa0, 0xa0, 0x9c, 0xa0, 0xa0, 0xa3, 0xa0, 0x9c, 0x9c, 0x9c, 0x9c, 0x9c, 0x9c, 0xa0, 0x9c, 0xa0, 0xa0, 0xa0, 0xa0, 0xa0, 0xa0, 0xa0, 0xa3, 0xa0, 0xa0, 0xa0, 0xcd, 0xcd, 0x9c, 0x9c, 0x9c, 0x9c, 0xa0, 0x9c, 0xa0, 0xa0, 0xa3, 0xa3, 0x9c, 0x9c, 0xa0, 0x9c, 0x9c, 0x9c, 0x97, 0x97, 0x97, 0x97, 0x99, 0x97, 0x97, 0x99, 0x99, 0x9c, 0x9c, 0x9c, 0x99, 0x93, 0x97, 0x97, 0x97, 0x97, 0x97, 0x97, 0x99, 0x97, 0x93, 0x93, 0xa0, 0xa0, 0xa0, 0x9c, 0x9c, 0xa0, 0x9c, 0xa0, 0x9c, 0xa0, 0x92, 0x13, 0x82, 0x7d, 0x88, 0x8d, 0x8d, 0x88, 0x82, 0x7d, 0x05, 0x78, 0x78, 0x05, 0x05, 0x05, 0x02, 0x02, 0x6c, 0x6c, 0x6c, 0x02, 0x02, 0x6c, 0x6c, 0x68, 0x6c, 0x6c, 0x6c, 0x6f, 0x02, 0x02, 0x6f, 0x6e, 0x6e, 0x6c, 0x73, 0x03, 0x02, 0x03, 0x74, 0x02, 0x02, 0x73, 0x02, 0x02, 0x05, 0x05, 0x79, 0x09, 0x79, 0x05, 0x09, 0x09, 0x79, 0x7f, 0x0e, 0x82, 0x13, 0x15, 0x8f, 0x94, 0x94, 0x8f, 0x8f, 0x94, 0x94, 0x94, 0x94, 0x9a, 0x94, 0x9a, 0x21, 0x22, 0x25, 0x28, 0x2c, 0x2f, 0x33, 0x3b, 0x43, 0x48, 0x48, 0x48, 0x48, 0x4a, 0x4a, 0x4a, 0xbf, 0xbf, 0xc0, 0xbe, 0xbe, 0xbe, 0xbe, 0xbe, 0xbe, 0xbe, 0xbf, 0xc0, 0xc0, 0xc0, 0xc0, 0xc0, 0xbe, 0xc0, 0xc1, 0xc1, 0xc1, 0xc1, 0xc1, 0xc1, 0xc1, 0xc1, 0xc1, 0xc1, 0xc1, 0xc1, 0xc1, 0xc0, 0xbf, 0xbe, 0xbd, 0xbc, 0xbc, 0xbc, 0xbc, 0xbe, 0xbf, 0xbe, 0xbe, 0xbc, 0xbb, 0xbc, 0xbc, 0xb8, 0xb7, 0xb5, 0xb0, 0xaf, 0xb0, 0xb0, 0xaf, 0xaf, 0xac, 0xa5, 0xa3, 0xa0, 0xa0, 0xa0, 0xa3, 0xa0, 0xa0, 0xa3, 0xa5, 0xa8, 0xa8, 0xa8, 0xa8, 0xcd, 0xd3, 0xad, 0xa8, 0xa8, 0xa8, 0xa8, 0xa8, 0xa8, 0xa8, 0xac, 0xa8, 0xa3, 0x9c, 0xa3, 0xa0, 0xa5, 0x9c, 0x9c, 0xa0, 0x9c, 0x9c, 0x9c, 0x97, 0x9c, 0x9c, 0x97, 0x97, 0x9c, 0x97, 0x93, 0x99, 0x97, 0x97, 0x97, 0x97, 0x91, 0x89, 0x89, 0x8c, 0x89, 0x89, 0x89, 0x8c, 0x89, 0x7e, 0x89, 0x8c, 0x90, 0x89, 0x89, 0x83, 0x81, 0x83, 0x83, 0x83, 0x83, 0x89, 0x89, 0x81, 0x83, 0x83, 0x7e, 0x7e, 0x72, 0x83, 0x90, 0x90, 0x90, 0x89, 0x89, 0x86, 0x89, 0x89, 0x83, 0x89, 0x89, 0x83, 0x90, 0x7c, 0x83, 0x7e, 0x83, 0x89, 0x86, 0x81, 0x83, 0x89, 0x89, 0x89, 0x86, 0x89, 0x91, 0x8b, 0x9c, 0x9c, 0x97, 0x97, 0x99, 0x99, 0x97, 0x9c, 
  0xa0, 0xa0, 0xa0, 0xa0, 0xa0, 0xa3, 0xa5, 0xa3, 0xa0, 0xa3, 0xa5, 0xa0, 0xa3, 0xa3, 0xa3, 0xa3, 0xa0, 0xa3, 0xa5, 0xa3, 0xa3, 0xa5, 0xa3, 0xa3, 0xa3, 0xa3, 0xa0, 0xa0, 0xa0, 0xa3, 0xa3, 0xa0, 0xa0, 0x9c, 0xa0, 0xa3, 0xa3, 0xa0, 0xa0, 0x9c, 0x9c, 0x9c, 0xa0, 0xa0, 0xa0, 0x9c, 0xa0, 0xa0, 0x9c, 0x9c, 0x9c, 0x9c, 0x99, 0xa0, 0xa0, 0x9c, 0x9c, 0x9c, 0x9c, 0x9c, 0x9c, 0x9c, 0xa0, 0xa0, 0x9c, 0x9c, 0xa0, 0x9c, 0x9c, 0x9c, 0x9c, 0x9c, 0x97, 0x97, 0x9c, 0x99, 0x99, 0x9c, 0x99, 0x97, 0x93, 0x99, 0x99, 0x97, 0x97, 0x97, 0x97, 0x97, 0x97, 0x99, 0x99, 0x9c, 0x9c, 0x99, 0x97, 0x97, 0x99, 0x97, 0x99, 0x9c, 0x9c, 0x9c, 0x9c, 0xa0, 0xa0, 0x9c, 0x9c, 0x9c, 0x9d, 0x1c, 0x82, 0x7d, 0x80, 0x0d, 0x18, 0x8d, 0x12, 0x80, 0x7d, 0x07, 0x08, 0x05, 0x02, 0x05, 0x05, 0x73, 0x71, 0x6c, 0x6c, 0x6c, 0x6c, 0x6c, 0x6c, 0x68, 0x6c, 0x6c, 0x6c, 0x6c, 0x02, 0x02, 0x02, 0x02, 0x02, 0x02, 0x02, 0x05, 0x02, 0x07, 0x05, 0x05, 0x02, 0x02, 0x6e, 0x02, 0x74, 0x02, 0x73, 0x05, 0x05, 0x05, 0x79, 0x79, 0x05, 0x09, 0x7f, 0x7f, 0x0e, 0x15, 0x18, 0x8f, 0x8f, 0x8f, 0x8f, 0x8f, 0x8f, 0x94, 0x94, 0x9a, 0x1c, 0x94, 0x1e, 0x22, 0x22, 0x25, 0x28, 0x2c, 0x2c, 0xa9, 0x3b, 0x3e, 0x46, 0x46, 0x46, 0x48, 0x48, 0x48, 0x48, 0x4a, 0xc0, 0xbf, 0xc0, 0xbf, 0xbe, 0xbe, 0xbe, 0xbe, 0xbe, 0xbe, 0xc0, 0xc0, 0xc1, 0xc1, 0xc1, 0xc0, 0xc1, 0xc1, 0xc1, 0xc1, 0xc1, 0xc1, 0xc1, 0xc1, 0xc1, 0xc1, 0xc1, 0xc1, 0xc1, 0xc0, 0xbe, 0xbe, 0xbd, 0xbc, 0xbc, 0xbd, 0xbe, 0xbf, 0xbf, 0xbc, 0xba, 0xba, 0xba, 0xbe, 0xbc, 0xb8, 0xb6, 0xb5, 0xb0, 0xaf, 0xaf, 0xaf, 0xaf, 0xaf, 0xd4, 0xac, 0xa8, 0xa3, 0xa3, 0xa0, 0xa3, 0xa3, 0xa3, 0xa3, 0xa0, 0xa3, 0xa5, 0xa5, 0xa5, 0xcd, 0xcd, 0xcd, 0xd3, 0xa8, 0xa8, 0xd3, 0xa8, 0xa8, 0xa8, 0xa5, 0xa5, 0xa3, 0xa0, 0x9c, 0xa0, 0xa0, 0xa3, 0xa3, 0x9c, 0x9c, 0x9c, 0x99, 0x99, 0x97, 0x99, 0x9c, 0x99, 0x97, 0x97, 0x93, 0x97, 0x97, 0x99, 0x93, 0x93, 0x93, 0x90, 0x83, 0x89, 0x90, 0x89, 0x89, 0x8c, 0x86, 0x83, 0x8c, 0x91, 0x89, 0x89, 0x83, 0x86, 0x83, 0x83, 0x83, 0x83, 0x86, 0x8c, 0x90, 0x89, 0x81, 0x7e, 0x77, 0x75, 0x7a, 0x83, 0x89, 0x93, 0x89, 0x8c, 0x90, 0x90, 0x89, 0x86, 0x89, 0x89, 0x89, 0x86, 0x83, 0x89, 0x89, 0x8c, 0x81, 0x83, 0x83, 0x86, 0x83, 0x89, 0x8c, 0x8c, 0x89, 0x90, 0x89, 0x97, 0x8c, 0x8c, 0x93, 0x93, 0x99, 0x97, 0x9c, 0x99, 0x97, 
  0xa3, 0xa3, 0xa0, 0xa3, 0xa3, 0xa3, 0xa3, 0xa3, 0xa0, 0xa3, 0xa5, 0xa3, 0xa0, 0xa3, 0xa3, 0xa3, 0xa3, 0xa5, 0xa5, 0xa3, 0xa3, 0xa3, 0xa3, 0xa3, 0xa3, 0xa5, 0xa3, 0xa0, 0xa0, 0xa3, 0xa3, 0xa0, 0x9c, 0x9c, 0x9c, 0xa0, 0x9c, 0xa0, 0x9c, 0x9c, 0x9c, 0xa3, 0xa0, 0xa0, 0xa0, 0xa0, 0xa3, 0xa0, 0x99, 0x9c, 0x9c, 0x9c, 0x9c, 0x9c, 0x9c, 0x9c, 0x9c, 0x9c, 0xa0, 0xa0, 0xa0, 0x9c, 0x99, 0x9c, 0x9c, 0x9c, 0x9c, 0x99, 0x99, 0x9c, 0x9c, 0x9c, 0x99, 0x97, 0x97, 0x9c, 0x99, 0x99, 0x97, 0x93, 0x93, 0x97, 0x97, 0x93, 0x99, 0x97, 0x99, 0x99, 0x99, 0x97, 0x99, 0x99, 0x97, 0x97, 0x9c, 0x99, 0x99, 0x99, 0xa0, 0xa0, 0x9c, 0x9c, 0xa0, 0xa0, 0x9c, 0x9c, 0x99, 0x9c, 0x92, 0x13, 0x7d, 0x07, 0x09, 0x0e, 0x13, 0x8d, 0x13, 0x82, 0x09, 0x78, 0x08, 0x05, 0x03, 0x03, 0x03, 0x02, 0x02, 0x6c, 0x6c, 0x6c, 0x6c, 0x6c, 0x6c, 0x68, 0x00, 0x6c, 0x6c, 0x6f, 0x02, 0x02, 0x02, 0x73, 0x02, 0x74, 0x02, 0x02, 0x6f, 0x05, 0x05, 0x74, 0x73, 0x02, 0x02, 0x02, 0x02, 0x74, 0x79, 0x05, 0x05, 0x05, 0x09, 0x79, 0x09, 0x09, 0x0e, 0x0e, 0x0e, 0x15, 0x18, 0x8f, 0x8f, 0x8f, 0x8f, 0x8f, 0x8f, 0x8f, 0x94, 0x94, 0x1c, 0x1e, 0x9a, 0x22, 0x22, 0x25, 0x28, 0x2c, 0x2c, 0xa9, 0x35, 0x3e, 0x43, 0x43, 0x43, 0x46, 0x46, 0x46, 0x48, 0x48, 0x4a, 0xbe, 0xc0, 0xbf, 0xbe, 0xbe, 0xbe, 0xbe, 0xbf, 0xbf, 0xc0, 0xc1, 0xc1, 0xc1, 0xc1, 0xc1, 0xc1, 0xc1, 0xc1, 0xc1, 0xc1, 0xc1, 0xc1, 0xc1, 0xc1, 0xc1, 0xc1, 0xc1, 0xc0, 0xbe, 0xbc, 0xbd, 0xbd, 0xbc, 0xbe, 0xbe, 0xbf, 0xbe, 0xbc, 0xba, 0xba, 0xbb, 0xba, 0xba, 0xb7, 0xb5, 0xb3, 0xb0, 0xb0, 0xb0, 0xaf, 0xd4, 0xac, 0xd4, 0xaf, 0xac, 0xa5, 0xa5, 0xa3, 0xa3, 0xa0, 0xa3, 0xa5, 0xa3, 0xa0, 0xa3, 0xa0, 0xa0, 0xa3, 0xa3, 0xa3, 0xa3, 0xa5, 0xa5, 0xa8, 0xa5, 0xa8, 0xa5, 0xa3, 0xa3, 0xa3, 0xa0, 0xa0, 0x99, 0x9c, 0xa0, 0xa0, 0xa0, 0xa0, 0x99, 0x97, 0x9c, 0x9c, 0x99, 0x99, 0x99, 0x9c, 0x9c, 0x99, 0x97, 0x97, 0x99, 0x97, 0x97, 0x93, 0x93, 0x93, 0x89, 0x8c, 0x89, 0x8c, 0x90, 0x90, 0x8b, 0x89, 0x90, 0x89, 0x8c, 0x90, 0x89, 0x81, 0x89, 0x86, 0x86, 0x84, 0x86, 0x90, 0x90, 0x89, 0x7e, 0x81, 0x81, 0x84, 0x7e, 0x6d, 0x7a, 0x93, 0x8c, 0x83, 0x89, 0x89, 0x90, 0x93, 0x93, 0x91, 0x89, 0x83, 0x86, 0x83, 0x7e, 0x86, 0x89, 0x83, 0x83, 0x7e, 0x7e, 0x81, 0x89, 0x90, 0x91, 0x91, 0x93, 0x99, 0x97, 0x93, 0x93, 0x93, 0x99, 0x91, 0x9c, 0x9c, 0x99, 
  0xa3, 0xa3, 0xa3, 0xa3, 0xa3, 0xa3, 0xa0, 0xa3, 0xa3, 0xa3, 0xa3, 0xa5, 0xa3, 0xa3, 0xa3, 0xa3, 0xa3, 0xa3, 0xa0, 0xa0, 0xa3, 0xa0, 0xa0, 0xa0, 0xa3, 0xa5, 0xa5, 0xa3, 0xa3, 0xa0, 0xa0, 0xa0, 0xa0, 0x9c, 0x9c, 0x9c, 0x9c, 0xa0, 0xa0, 0xa0, 0xa0, 0xa3, 0xa0, 0x9c, 0x9c, 0xa3, 0xa5, 0xa3, 0x9c, 0x9c, 0x9c, 0x9c, 0x9c, 0x99, 0xa0, 0x9c, 0x9c, 0xa0, 0xa0, 0xa0, 0xa0, 0x9c, 0x93, 0x99, 0x99, 0x9c, 0x9c, 0x99, 0x97, 0x9c, 0x9c, 0x9c, 0x9c, 0x97, 0x97, 0x99, 0x97, 0x99, 0x99, 0x97, 0x99, 0x99, 0x99, 0x97, 0x99, 0x9c, 0x9c, 0x97, 0x99, 0x97, 0x99, 0x99, 0x99, 0x97, 0x9c, 0x9c, 0x99, 0x9c, 0xa0, 0x9c, 0xc9, 0xa0, 0x9c, 0x9c, 0xa0, 0xa0, 0xa0, 0x99, 0x8a, 0x82, 0x7d, 0x07, 0x07, 0x0d, 0x82, 0x13, 0x8d, 0x12, 0x0d, 0x08, 0x78, 0x03, 0x73, 0x03, 0x73, 0x02, 0x02, 0x6c, 0x02, 0x02, 0x6c, 0x6c, 0x6c, 0x6c, 0x6c, 0x6c, 0x6c, 0x02, 0x73, 0x02, 0x02, 0x73, 0x02, 0x74, 0x05, 0x02, 0x6e, 0x02, 0x05, 0x05, 0x73, 0x02, 0x02, 0x02, 0x02, 0x05, 0x79, 0x05, 0x09, 0x09, 0x05, 0x79, 0x7f, 0x7f, 0x0e, 0x0e, 0x13, 0x15, 0x15, 0x15, 0x15, 0x18, 0x8f, 0x15, 0x8f, 0x8f, 0x94, 0x94, 0x1e, 0x9a, 0x9a, 0x9a, 0x22, 0x25, 0x28, 0x2c, 0x2c, 0xa9, 0xa9, 0x3b, 0x43, 0x43, 0x43, 0x43, 0x43, 0x43, 0x46, 0x46, 0x48, 0x4a, 0xbe, 0xc0, 0xbf, 0xbe, 0xbe, 0xbe, 0xc0, 0xc0, 0xc1, 0xc1, 0xc1, 0xc1, 0xc1, 0xc1, 0xc1, 0xc1, 0xc1, 0xc1, 0xc1, 0xc1, 0xc1, 0xc1, 0xc1, 0xc1, 0xc1, 0xc0, 0xbe, 0xbd, 0xbc, 0xbc, 0xbc, 0xbc, 0xbe, 0xbe, 0xbe, 0xbd, 0xbc, 0xba, 0xbb, 0xba, 0xb7, 0xb5, 0xb5, 0xb0, 0xb0, 0xaf, 0xb0, 0xb0, 0xb0, 0xb0, 0xaf, 0xd4, 0xac, 0xac, 0xa8, 0xa5, 0xa3, 0xa0, 0xa0, 0xa3, 0xa5, 0xa3, 0xa0, 0xa3, 0xa3, 0xa0, 0xa0, 0xa3, 0xa0, 0xa0, 0xa3, 0xa3, 0xa3, 0xa3, 0xa5, 0xa3, 0xa3, 0xa0, 0xa0, 0xa0, 0xa0, 0x99, 0x99, 0x9c, 0xa0, 0xa3, 0x9c, 0x99, 0x97, 0x9c, 0x9c, 0x97, 0x93, 0x97, 0x99, 0x9c, 0x99, 0x97, 0x93, 0x97, 0x93, 0x91, 0x90, 0x90, 0x91, 0x90, 0x90, 0x90, 0x90, 0x89, 0x89, 0x90, 0x90, 0x89, 0x86, 0x8c, 0x8c, 0x8c, 0x83, 0x86, 0x84, 0x83, 0x83, 0x89, 0x90, 0x89, 0x84, 0x86, 0x89, 0x89, 0x86, 0x7e, 0x75, 0x7a, 0x90, 0x89, 0x86, 0x89, 0x86, 0x89, 0x90, 0x97, 0x9c, 0x90, 0x89, 0x91, 0x89, 0x7e, 0x8c, 0x90, 0x89, 0x83, 0x7e, 0x89, 0x83, 0x86, 0x89, 0x8b, 0x91, 0x91, 0x91, 0x91, 0x90, 0x91, 0x93, 0x97, 0x90, 0x91, 0x93, 0x9c, 
  0xa3, 0xa3, 0xa3, 0xa3, 0xa3, 0xa0, 0xa3, 0xa3, 0xa3, 0xa0, 0x9c, 0xa3, 0xa0, 0xa0, 0xa3, 0xa3, 0xa3, 0xa3, 0xa0, 0xa0, 0xa0, 0xa0, 0xa3, 0xa3, 0xa3, 0xa3, 0xa3, 0xa3, 0xa3, 0xa0, 0xa0, 0xa0, 0xa0, 0xa0, 0xa0, 0xa0, 0xa0, 0xa0, 0xa3, 0xa0, 0xa0, 0xa3, 0xa0, 0x9c, 0xa0, 0xa3, 0xa5, 0xa3, 0xa0, 0xa0, 0xa0, 0xa0, 0x9c, 0x9c, 0x9c, 0xa0, 0x9c, 0xa0, 0x9c, 0x9c, 0xa0, 0x9c, 0x9c, 0x9c, 0x9c, 0xa0, 0x9c, 0x9c, 0x9c, 0x9c, 0x9c, 0x99, 0x9c, 0x97, 0x97, 0x93, 0x97, 0x97, 0x99, 0x99, 0x99, 0x99, 0x99, 0x99, 0x97, 0x99, 0x9c, 0x90, 0x99, 0x93, 0x97, 0x99, 0x99, 0x99, 0x9c, 0x9c, 0x99, 0xa0, 0x9c, 0x99, 0x9c, 0x99, 0x99, 0x9c, 0x9c, 0xa0, 0xa0, 0x9d, 0x8a, 0x7d, 0x78, 0x78, 0x08, 0x08, 0x0c, 0x13, 0x8d, 0x13, 0x7d, 0x78, 0x78, 0x73, 0x02, 0x02, 0x02, 0x02, 0x02, 0x02, 0x02, 0x02, 0x02, 0x6f, 0x6c, 0x6f, 0x6f, 0x6c, 0x02, 0x02, 0x73, 0x73, 0x05, 0x73, 0x02, 0x74, 0x05, 0x02, 0x02, 0x74, 0x02, 0x05, 0x74, 0x02, 0x02, 0x02, 0x74, 0x05, 0x79, 0x79, 0x09, 0x05, 0x05, 0x09, 0x7f, 0x7f, 0x0e, 0x0e, 0x13, 0x13, 0x13, 0x13, 0x13, 0x13, 0x15, 0x15, 0x8f, 0x1c, 0x1c, 0x1c, 0x1e, 0x9a, 0x21, 0x21, 0x22, 0x25, 0x28, 0x2a, 0x2c, 0x2f, 0xa9, 0x3b, 0x3e, 0x43, 0x3e, 0x43, 0x43, 0x43, 0x43, 0x43, 0x46, 0x46, 0xbb, 0x4a, 0xbe, 0xbf, 0xbf, 0x4a, 0xbe, 0xbf, 0xc0, 0xc1, 0xc1, 0xc1, 0xc1, 0xc1, 0xc1, 0xc1, 0xc1, 0xc1, 0xc1, 0xc1, 0xc1, 0xc1, 0xc1, 0xc1, 0xc1, 0xbe, 0xbd, 0xbc, 0xbc, 0xbc, 0xbc, 0xbc, 0xbe, 0xbe, 0xbe, 0xbd, 0xbc, 0xb8, 0xb7, 0xb5, 0xb5, 0xb0, 0xb0, 0xb0, 0xb0, 0xaf, 0xaf, 0xaf, 0xb0, 0xb0, 0xb0, 0xaf, 0xd4, 0xac, 0xa8, 0xa5, 0xa3, 0xa0, 0xa3, 0xa3, 0xa3, 0xa3, 0xa0, 0xa3, 0xa3, 0x9c, 0xa0, 0xa0, 0xa0, 0xc9, 0xa0, 0xa0, 0xa3, 0xa3, 0xa3, 0xa3, 0xa0, 0x9c, 0x9c, 0xa0, 0xa0, 0x9c, 0x9c, 0x9c, 0xa0, 0xa3, 0xa0, 0x9c, 0x99, 0x9c, 0x9c, 0x97, 0x93, 0x97, 0x99, 0x9c, 0x99, 0x91, 0x91, 0x93, 0x91, 0x90, 0x90, 0x8c, 0x8b, 0x89, 0x89, 0x90, 0x8c, 0x89, 0x8c, 0x8c, 0x89, 0x86, 0x84, 0x83, 0x89, 0x86, 0x83, 0x89, 0x83, 0x81, 0x86, 0x89, 0x86, 0x83, 0x89, 0x89, 0x8c, 0x8c, 0x8c, 0x83, 0x6d, 0x7e, 0x8c, 0x89, 0x8c, 0x90, 0x8c, 0x89, 0x89, 0x90, 0x97, 0x97, 0x90, 0x90, 0x84, 0x81, 0x89, 0x93, 0x8c, 0x86, 0x83, 0x90, 0x8c, 0x89, 0x86, 0x86, 0x90, 0x91, 0x93, 0x93, 0x93, 0x93, 0x8c, 0x93, 0x89, 0x90, 0x97, 0x93, 
  0xa3, 0xa0, 0xa3, 0xa5, 0xa5, 0xa3, 0xa5, 0xa3, 0xa3, 0xa0, 0xa0, 0xa3, 0xa0, 0xa0, 0xa0, 0xa0, 0xa3, 0xa3, 0xa0, 0xa0, 0xa3, 0xa0, 0xa3, 0xa5, 0xa5, 0xa5, 0xa3, 0xa3, 0xa3, 0xa3, 0xa3, 0xa0, 0xa0, 0xa0, 0xa0, 0xa3, 0xa3, 0xa3, 0xa5, 0xa0, 0xa0, 0xa0, 0xa0, 0xa0, 0xa0, 0xa0, 0xa3, 0xa3, 0xa0, 0x9c, 0xa3, 0x9c, 0x9c, 0x9c, 0x9c, 0x9c, 0x9c, 0xa0, 0x9c, 0x9c, 0xa0, 0x9c, 0x9c, 0x9c, 0x99, 0x9c, 0x9c, 0x9c, 0x9c, 0x9c, 0x9c, 0x9c, 0x9c, 0x97, 0x93, 0x93, 0x99, 0x97, 0x99, 0x99, 0x99, 0x99, 0x97, 0x99, 0x97, 0x97, 0x9c, 0x97, 0x97, 0x91, 0x97, 0x99, 0x99, 0x99, 0x9c, 0x9c, 0x99, 0x99, 0x9c, 0x9c, 0x9c, 0x99, 0x9c, 0x9c, 0xa0, 0x9c, 0xa3, 0x9f, 0x15, 0x07, 0x05, 0x09, 0x07, 0x04, 0x08, 0x13, 0x8d, 0x88, 0x0d, 0x78, 0x05, 0x73, 0x02, 0x02, 0x02, 0x02, 0x02, 0x02, 0x73, 0x02, 0x02, 0x02, 0x02, 0x02, 0x02, 0x02, 0x02, 0x02, 0x02, 0x05, 0x05, 0x74, 0x02, 0x05, 0x05, 0x05, 0x05, 0x79, 0x05, 0x74, 0x74, 0x74, 0x74, 0x05, 0x74, 0x05, 0x79, 0x09, 0x09, 0x09, 0x09, 0x7f, 0x0e, 0x0e, 0x0e, 0x13, 0x13, 0x0e, 0x0e, 0x13, 0x13, 0x13, 0x18, 0x18, 0x8f, 0x1c, 0x1c, 0x94, 0x1e, 0x9a, 0x21, 0x22, 0x22, 0x25, 0x25, 0x28, 0x2c, 0x2f, 0x33, 0x3a, 0x3b, 0x3b, 0x3e, 0x3e, 0x3e, 0x3e, 0x43, 0x43, 0x43, 0x43, 0x46, 0x48, 0x4a, 0xbe, 0xc0, 0xbf, 0xbe, 0xbe, 0xbe, 0xc1, 0xc1, 0xc1, 0xc1, 0xc1, 0xbf, 0xbe, 0xc1, 0xc1, 0xc1, 0xc1, 0xc1, 0xc1, 0xc1, 0xc1, 0xbe, 0xbe, 0xbd, 0xbd, 0xbc, 0xbc, 0xbc, 0xbe, 0xbe, 0xbd, 0xbc, 0xba, 0xb7, 0xb5, 0xb5, 0xb0, 0xb0, 0xaf, 0xb0, 0xb0, 0xb0, 0xb0, 0xb0, 0xb0, 0xb0, 0xb0, 0xb0, 0xaf, 0xaf, 0xaf, 0xd3, 0xa5, 0xa3, 0xa0, 0xa3, 0xa3, 0xa0, 0xa3, 0xa3, 0xa0, 0xa0, 0x9c, 0xa0, 0xa0, 0xa0, 0x9c, 0x9c, 0xa0, 0xa0, 0xa0, 0xa0, 0xa0, 0xa0, 0x9c, 0x9c, 0x9c, 0x9c, 0x9c, 0x9c, 0x9c, 0xa0, 0xa3, 0xa0, 0x9c, 0x9c, 0x99, 0x9c, 0x99, 0x97, 0x93, 0x97, 0x99, 0x93, 0x90, 0x90, 0x93, 0x93, 0x90, 0x8c, 0x8c, 0x89, 0x8c, 0x89, 0x89, 0x89, 0x89, 0x86, 0x86, 0x89, 0x8c, 0x83, 0x81, 0x7e, 0x86, 0x89, 0x86, 0x81, 0x83, 0x86, 0x83, 0x83, 0x86, 0x89, 0x83, 0x81, 0x8c, 0x90, 0x86, 0x7e, 0x7e, 0x90, 0x90, 0x8c, 0x89, 0x90, 0x90, 0x89, 0x89, 0x8b, 0x90, 0x89, 0x86, 0x86, 0x83, 0x7e, 0x89, 0x83, 0x83, 0x8b, 0x91, 0x91, 0x91, 0x90, 0x90, 0x97, 0x90, 0x93, 0x93, 0x91, 0x91, 0x89, 0x90, 0x89, 0x93, 0x99, 0x97, 
  0xa0, 0xa0, 0xa3, 0xa5, 0xa5, 0xa5, 0xa3, 0xa3, 0xa3, 0xa3, 0xa3, 0xa0, 0xa3, 0xa3, 0xa0, 0xa0, 0xa0, 0xa0, 0xa3, 0xa3, 0xa3, 0xa3, 0xa3, 0xa5, 0xa3, 0xa5, 0xa3, 0xa3, 0xa5, 0xa5, 0xa5, 0xa3, 0xcb, 0xa3, 0xa0, 0xa3, 0xa3, 0xa5, 0xa3, 0xa0, 0x9c, 0xa0, 0xa5, 0xa5, 0xa3, 0xa0, 0x9c, 0xa0, 0x9c, 0x9c, 0xa0, 0xa0, 0x9c, 0x9c, 0x9c, 0x9c, 0x9c, 0x9c, 0x9c, 0x9c, 0xa0, 0x9c, 0x9c, 0x9c, 0x99, 0x9c, 0x9c, 0x9c, 0x9c, 0x9c, 0x9c, 0x9c, 0x99, 0x99, 0x97, 0x97, 0x99, 0x99, 0x99, 0x99, 0x97, 0x99, 0x97, 0x93, 0x93, 0x97, 0x9c, 0x9c, 0x9c, 0x93, 0x97, 0x97, 0x99, 0x99, 0x99, 0x9c, 0x99, 0x97, 0x99, 0x99, 0x99, 0x9c, 0x9c, 0x99, 0x9c, 0x9c, 0x9d, 0x95, 0x12, 0x08, 0x73, 0x78, 0x78, 0x73, 0x7d, 0x8d, 0x8d, 0x8d, 0x80, 0x05, 0x05, 0x03, 0x02, 0x6c, 0x6c, 0x6c, 0x6c, 0x6c, 0x73, 0x02, 0x6f, 0x02, 0x02, 0x02, 0x02, 0x02, 0x02, 0x73, 0x02, 0x05, 0x02, 0x05, 0x05, 0x05, 0x05, 0x05, 0x05, 0x05, 0x05, 0x74, 0x02, 0x02, 0x74, 0x05, 0x05, 0x05, 0x79, 0x09, 0x09, 0x7f, 0x7f, 0x0e, 0x0e, 0x0e, 0x0e, 0x0e, 0x0e, 0x0e, 0x0e, 0x13, 0x13, 0x13, 0x18, 0x8d, 0x8d, 0x8f, 0x1c, 0x1e, 0x1e, 0x9a, 0x22, 0x22, 0x21, 0x22, 0x24, 0x28, 0x2c, 0xa9, 0xa9, 0x35, 0x35, 0x3b, 0x3b, 0x3b, 0x3b, 0x3e, 0x3e, 0x3e, 0x43, 0x43, 0x43, 0x43, 0x46, 0x4a, 0xbe, 0xc1, 0xc0, 0xbe, 0xbf, 0xc0, 0xc0, 0xc1, 0xc1, 0xc1, 0xbf, 0xbe, 0xc1, 0xc1, 0xc1, 0xc1, 0xc1, 0xc0, 0xc0, 0xc0, 0xbe, 0xbe, 0xbe, 0xbe, 0xbc, 0xbc, 0xbc, 0xbc, 0xbc, 0xba, 0xb8, 0xb6, 0xb3, 0xb0, 0xb0, 0xb0, 0xb3, 0xaf, 0xb0, 0xb0, 0xb0, 0xb0, 0xb0, 0xb0, 0xb0, 0xb0, 0xaf, 0xaf, 0xaf, 0xb0, 0xd4, 0xd3, 0xa3, 0xa3, 0xa0, 0xa3, 0xa0, 0xa0, 0xa0, 0x9c, 0xa0, 0xa0, 0xa3, 0xa0, 0xa0, 0xa0, 0xa0, 0xa0, 0xa0, 0xa0, 0xa0, 0x9c, 0x9c, 0x9c, 0xa0, 0xa0, 0x9c, 0x9c, 0x9c, 0xa0, 0x9c, 0xa0, 0x9c, 0x99, 0x99, 0x97, 0x99, 0x9c, 0x97, 0x97, 0x97, 0x93, 0x91, 0x90, 0x89, 0x90, 0x93, 0x90, 0x89, 0x8c, 0x89, 0x89, 0x89, 0x89, 0x8c, 0x89, 0x86, 0x83, 0x8c, 0x89, 0x83, 0x89, 0x81, 0x8b, 0x89, 0x86, 0x83, 0x86, 0x83, 0x83, 0x83, 0x86, 0x89, 0x81, 0x7e, 0x89, 0x89, 0x89, 0x90, 0x89, 0x89, 0x89, 0x91, 0x89, 0x89, 0x90, 0x89, 0x89, 0x8c, 0x90, 0x8c, 0x90, 0x90, 0x89, 0x83, 0x7e, 0x8c, 0x89, 0x90, 0x8c, 0x90, 0x91, 0x90, 0x93, 0x99, 0x90, 0x93, 0x93, 0x91, 0x91, 0x90, 0x91, 0x97, 0x99, 0x9c, 0xa0, 
  0xa0, 0xa0, 0xa3, 0xa5, 0xa3, 0xa3, 0xa3, 0xa0, 0xa3, 0xa3, 0xa3, 0xa0, 0xa0, 0xa3, 0xa3, 0xa0, 0xa0, 0xa0, 0xa3, 0xa0, 0xa3, 0xa5, 0xa3, 0xa3, 0xa3, 0xa3, 0xa3, 0xa3, 0xa3, 0xa3, 0xa3, 0xa3, 0xcb, 0xa3, 0xa3, 0xa0, 0xa0, 0xa0, 0xa0, 0x9c, 0xa0, 0xa3, 0xa5, 0xa3, 0xa3, 0xa0, 0x9c, 0x9c, 0x9c, 0x9c, 0x9c, 0xa0, 0xa0, 0x99, 0x9c, 0x9c, 0x9c, 0x9c, 0x9c, 0x9c, 0x9c, 0x9c, 0xa0, 0x9c, 0x99, 0x9c, 0x9c, 0x99, 0x9c, 0x9c, 0x9c, 0x9c, 0x97, 0x99, 0x9c, 0x9c, 0x99, 0x97, 0x97, 0x99, 0x97, 0x99, 0x99, 0x97, 0x97, 0x99, 0x9c, 0x9c, 0x9c, 0x99, 0x97, 0x99, 0x99, 0x99, 0x99, 0x99, 0x97, 0x99, 0x9c, 0x99, 0x99, 0x9c, 0x9c, 0x9c, 0x99, 0xa0, 0x9d, 0x92, 0x82, 0x7d, 0x03, 0x02, 0x04, 0x7d, 0x7d, 0x12, 0x8d, 0x13, 0x0e, 0x78, 0x03, 0x73, 0x6c, 0x6c, 0x6c, 0x6c, 0x02, 0x6f, 0x6f, 0x6c, 0x02, 0x6c, 0x02, 0x02, 0x02, 0x02, 0x02, 0x05, 0x05, 0x05, 0x05, 0x02, 0x74, 0x74, 0x05, 0x79, 0x05, 0x79, 0x05, 0x74, 0x02, 0x02, 0x74, 0x05, 0x05, 0x05, 0x79, 0x79, 0x7f, 0x7f, 0x7f, 0x0e, 0x0e, 0x0e, 0x82, 0x0e, 0x0e, 0x0e, 0x12, 0x12, 0x12, 0x13, 0x18, 0x8d, 0x8d, 0x1c, 0x94, 0x9a, 0x9a, 0x21, 0x21, 0x21, 0x21, 0x22, 0x24, 0x28, 0x2c, 0x2f, 0xa9, 0x35, 0x35, 0x35, 0x3b, 0x35, 0x3b, 0x3b, 0x3e, 0x3e, 0x3e, 0x3e, 0x3e, 0x43, 0x43, 0x43, 0x48, 0x4c, 0xc1, 0xc1, 0xc1, 0xbf, 0xc0, 0xbf, 0xc0, 0xc1, 0xc1, 0xc1, 0xc1, 0xc1, 0xc1, 0xc1, 0xc1, 0xbf, 0xbf, 0xbe, 0xbe, 0xbc, 0xb8, 0xbc, 0xbd, 0xbc, 0xbc, 0xba, 0xb8, 0xb6, 0xb5, 0xb3, 0xaf, 0xb0, 0xb0, 0xb0, 0xb0, 0xb0, 0xb0, 0xb0, 0xb0, 0xb0, 0xaf, 0xb0, 0xb0, 0xb0, 0xb0, 0xb0, 0xb0, 0xb0, 0xaf, 0xa8, 0xa5, 0xa3, 0xa3, 0xa3, 0xa0, 0x9c, 0x9c, 0x9c, 0x9c, 0xcb, 0xd3, 0xa3, 0xa3, 0xa0, 0xa3, 0xa0, 0x9c, 0xa0, 0xa3, 0x9c, 0x9c, 0x9c, 0xa0, 0xa0, 0xa0, 0x99, 0x9c, 0x9c, 0x9c, 0x9c, 0x9c, 0x9c, 0x9c, 0x93, 0x93, 0x93, 0x97, 0x97, 0x93, 0x93, 0x91, 0x91, 0x90, 0x89, 0x90, 0x90, 0x90, 0x90, 0x89, 0x83, 0x86, 0x83, 0x89, 0x8c, 0x89, 0x89, 0x89, 0x83, 0x83, 0x83, 0x83, 0x91, 0x86, 0x83, 0x84, 0x90, 0x8c, 0x83, 0x8c, 0x90, 0x86, 0x83, 0x84, 0x90, 0x86, 0x90, 0x89, 0x89, 0x8c, 0x90, 0x97, 0x8b, 0x86, 0x8c, 0x8c, 0x89, 0x8b, 0x91, 0x91, 0x8b, 0x8c, 0x90, 0x81, 0x89, 0x90, 0x99, 0x97, 0x90, 0x90, 0x90, 0x90, 0x91, 0x91, 0x91, 0x90, 0x91, 0x90, 0x90, 0x93, 0x97, 0x9c, 0x99, 0xa0, 0xa3, 
  0xa0, 0xa0, 0xa3, 0xa3, 0xa3, 0xa3, 0xa3, 0xa3, 0xa0, 0xa0, 0xa0, 0xa0, 0x9c, 0xa0, 0xa0, 0xa0, 0xa0, 0x9c, 0x9c, 0xa0, 0xa0, 0xa3, 0xa5, 0xa3, 0xa0, 0xa0, 0xa3, 0xa3, 0xa3, 0xa3, 0xa3, 0xa3, 0xa3, 0xa3, 0xa0, 0xa3, 0xa0, 0xa0, 0x9c, 0xa0, 0xa3, 0xa5, 0xa5, 0xa0, 0xa0, 0xa0, 0x9c, 0x9c, 0xa0, 0x9c, 0x9c, 0xa0, 0x9c, 0x9c, 0xa0, 0x9c, 0x9c, 0x9c, 0x9c, 0x9c, 0x9c, 0x99, 0x9c, 0x9c, 0x99, 0x9c, 0x9c, 0x9c, 0x99, 0x9c, 0x9c, 0x97, 0x99, 0x9c, 0x99, 0x99, 0x99, 0x99, 0x99, 0x9c, 0x9c, 0x9c, 0x99, 0x97, 0x99, 0x9c, 0x9c, 0x99, 0x9c, 0x9c, 0x9c, 0x99, 0x97, 0x99, 0x97, 0x99, 0x99, 0x9c, 0x9c, 0x9c, 0x97, 0x9c, 0x9c, 0x9c, 0x9c, 0xa0, 0x9d, 0x92, 0x0e, 0x08, 0x78, 0x03, 0x73, 0x7d, 0x0d, 0x82, 0x88, 0x88, 0x0d, 0x78, 0x73, 0x73, 0x6c, 0x6c, 0x6c, 0x6c, 0x02, 0x02, 0x6f, 0x6f, 0x6f, 0x6c, 0x02, 0x02, 0x02, 0x02, 0x03, 0x05, 0x05, 0x05, 0x05, 0x05, 0x02, 0x02, 0x05, 0x05, 0x05, 0x05, 0x05, 0x05, 0x05, 0x05, 0x05, 0x05, 0x79, 0x79, 0x79, 0x09, 0x7f, 0x0e, 0x0e, 0x13, 0x13, 0x13, 0x0d, 0x09, 0x82, 0x12, 0x13, 0x12, 0x88, 0x88, 0x18, 0x8d, 0x8d, 0x1c, 0x94, 0x1e, 0x22, 0x9a, 0x1e, 0x21, 0x21, 0x22, 0x25, 0x28, 0x2c, 0x2c, 0xa9, 0x33, 0x35, 0x35, 0x35, 0x35, 0x3b, 0x3b, 0x3b, 0x3b, 0x3e, 0x3e, 0x3e, 0x3e, 0x3e, 0x42, 0x43, 0x46, 0x4a, 0xbf, 0xc1, 0xc1, 0xc1, 0xc0, 0xc0, 0xbf, 0xc1, 0xc1, 0xc1, 0xc1, 0xc1, 0xc1, 0xc0, 0xbf, 0xbf, 0xbd, 0x4a, 0xb6, 0x41, 0xb8, 0xbc, 0xba, 0xba, 0xb7, 0xb5, 0xb5, 0xb0, 0xb0, 0xb0, 0xb3, 0xb0, 0xaf, 0xb0, 0xd0, 0xb0, 0xaf, 0xb0, 0xb0, 0xb0, 0xb0, 0xaf, 0xd4, 0xaf, 0xb0, 0xaf, 0xb0, 0xd4, 0xd3, 0xcd, 0xa3, 0xa0, 0xa0, 0xa0, 0x9c, 0x9c, 0x9c, 0x9c, 0xcd, 0xd4, 0xcd, 0xa5, 0xa0, 0xa3, 0xa0, 0xa0, 0xa0, 0xa3, 0xa0, 0xa0, 0xa0, 0xa0, 0x9c, 0xa0, 0x9c, 0xa0, 0x9c, 0x99, 0x9c, 0xa0, 0x9c, 0x9c, 0x97, 0x93, 0x91, 0x93, 0x91, 0x93, 0x93, 0x93, 0x97, 0x93, 0x8c, 0x8c, 0x90, 0x90, 0x89, 0x83, 0x86, 0x89, 0x89, 0x89, 0x83, 0x83, 0x83, 0x86, 0x83, 0x89, 0x83, 0x7e, 0x8c, 0x83, 0x86, 0x83, 0x89, 0x89, 0x81, 0x89, 0x89, 0x83, 0x89, 0x89, 0x89, 0x84, 0x90, 0x93, 0x89, 0x8c, 0x91, 0x8b, 0x89, 0x89, 0x83, 0x89, 0x89, 0x90, 0x89, 0x8c, 0x81, 0x86, 0x90, 0x89, 0x90, 0x93, 0x97, 0x99, 0x99, 0x93, 0x97, 0x93, 0x90, 0x90, 0x93, 0x91, 0x97, 0x8b, 0x89, 0x93, 0x93, 0x9c, 0x97, 0x99, 0xa0, 
  0xa5, 0xa3, 0xa3, 0xa0, 0xa3, 0xa3, 0xa3, 0xa0, 0x9c, 0xa0, 0xa3, 0xa0, 0x9c, 0x9c, 0x9c, 0x9c, 0xa0, 0xa0, 0xa3, 0xa0, 0xa3, 0xa5, 0xa5, 0xa3, 0xa0, 0xa0, 0xa0, 0xa0, 0xa5, 0xa3, 0xa3, 0xa3, 0xa0, 0xa0, 0xa0, 0xa0, 0xa3, 0xa0, 0xa0, 0xa3, 0xa3, 0xa0, 0xa0, 0x9c, 0xa0, 0xa0, 0x9c, 0x9c, 0xa0, 0xa0, 0x9c, 0xa0, 0x9c, 0x9c, 0xa0, 0x99, 0xa0, 0xa0, 0x9c, 0x99, 0x9c, 0x9c, 0x9c, 0x9c, 0x9c, 0x99, 0x99, 0x9c, 0x9c, 0xa0, 0x9c, 0x97, 0x9c, 0x9c, 0x9c, 0x99, 0x9c, 0x9c, 0x97, 0x97, 0x99, 0x99, 0x97, 0x97, 0x99, 0x99, 0xa0, 0x9c, 0x9c, 0x99, 0x97, 0x97, 0x97, 0x97, 0x97, 0x9c, 0x9c, 0x9c, 0x97, 0x99, 0x93, 0x9c, 0x9c, 0x9c, 0xa0, 0x99, 0x92, 0x13, 0x7d, 0x04, 0x78, 0x08, 0x08, 0x78, 0x07, 0x09, 0x88, 0x88, 0x80, 0x78, 0x05, 0x73, 0x6c, 0x6c, 0x6c, 0x6c, 0x02, 0x02, 0x6c, 0x6c, 0x6f, 0x6c, 0x6c, 0x73, 0x73, 0x02, 0x02, 0x02, 0x05, 0x74, 0x02, 0x05, 0x05, 0x05, 0x05, 0x09, 0x05, 0x05, 0x09, 0x09, 0x09, 0x09, 0x79, 0x09, 0x7f, 0x09, 0x09, 0x7f, 0x7f, 0x7f, 0x0e, 0x0e, 0x0e, 0x0e, 0x0e, 0x0e, 0x13, 0x0e, 0x13, 0x13, 0x13, 0x13, 0x13, 0x8d, 0x1c, 0x1c, 0x1e, 0x94, 0x9a, 0x1e, 0x1e, 0x21, 0x9a, 0x22, 0x25, 0x28, 0x2c, 0x2c, 0x2f, 0x33, 0xa9, 0xa9, 0x33, 0x33, 0x35, 0x35, 0x3a, 0x3a, 0x3b, 0x3e, 0x3e, 0x3e, 0x3e, 0x43, 0x43, 0x42, 0x43, 0x43, 0x4a, 0x4a, 0xbf, 0xc0, 0xc1, 0xc1, 0xc1, 0xc1, 0xc1, 0xbf, 0xbf, 0xbe, 0xbe, 0x4a, 0xbc, 0xb6, 0x41, 0x3b, 0x3b, 0xb7, 0xba, 0xb7, 0xb7, 0xb5, 0xb5, 0xb0, 0xb0, 0xb0, 0xb5, 0xb0, 0xb0, 0xb3, 0xb5, 0xb0, 0xaf, 0xaf, 0xb0, 0xb0, 0xb0, 0xb0, 0xd4, 0xd4, 0xaf, 0xaf, 0xb0, 0xb0, 0xb0, 0xd3, 0xa3, 0xa3, 0xa0, 0xa0, 0xa0, 0xa0, 0xc9, 0xa0, 0xa0, 0xa5, 0xa5, 0xcd, 0xa8, 0xa5, 0xa3, 0xa3, 0x9c, 0xa0, 0xa0, 0x99, 0x9c, 0xa0, 0xa3, 0xa3, 0x9c, 0x99, 0x9c, 0x99, 0x97, 0x9c, 0xa3, 0x9c, 0x99, 0x93, 0x97, 0x97, 0x91, 0x90, 0x90, 0x90, 0x93, 0x99, 0x97, 0x97, 0x90, 0x84, 0x90, 0x89, 0x86, 0x83, 0x83, 0x86, 0x83, 0x89, 0x89, 0x89, 0x86, 0x86, 0x90, 0x8c, 0x89, 0x86, 0x90, 0x8c, 0x83, 0x89, 0x90, 0x83, 0x7e, 0x7e, 0x83, 0x83, 0x83, 0x90, 0x8c, 0x93, 0x9c, 0x90, 0x83, 0x91, 0x8c, 0x86, 0x86, 0x7e, 0x90, 0x90, 0x89, 0x84, 0x86, 0x8b, 0x8c, 0x89, 0x8c, 0x91, 0x8c, 0x89, 0x93, 0x99, 0x93, 0x93, 0x97, 0x93, 0x93, 0x97, 0x91, 0x93, 0x90, 0x93, 0x90, 0x90, 0x97, 0x97, 0x9c, 0xa3, 
  0xa3, 0xa3, 0xa3, 0xa3, 0xa3, 0xa3, 0xa0, 0xa0, 0xa0, 0xa0, 0xa3, 0xa0, 0xa3, 0xa3, 0xa3, 0x9c, 0x99, 0x9c, 0xa0, 0xa3, 0xa3, 0xa3, 0xa3, 0xa3, 0xa0, 0xa0, 0xa0, 0xa0, 0xa5, 0xa5, 0xa3, 0xa0, 0xa0, 0x9c, 0xa0, 0xa3, 0xa3, 0xa3, 0xa3, 0xa0, 0xa3, 0xa0, 0x9c, 0xa0, 0xa0, 0x9c, 0x9c, 0x99, 0x99, 0xa0, 0xa3, 0xa0, 0xa0, 0xa0, 0xa0, 0x9c, 0x9c, 0x9c, 0x99, 0x9c, 0x9c, 0x9c, 0x9c, 0xa0, 0x9c, 0x9c, 0x9c, 0x99, 0xa0, 0x9c, 0x9c, 0x99, 0x9c, 0x9c, 0x99, 0x9c, 0x9c, 0x99, 0x99, 0x97, 0x97, 0x97, 0x97, 0x97, 0x99, 0x99, 0x9c, 0xa0, 0xa0, 0x9c, 0x97, 0x93, 0x93, 0x93, 0x9c, 0x9c, 0x99, 0x9c, 0x99, 0x9c, 0x9c, 0x9c, 0xa3, 0xa0, 0xcb, 0xa1, 0x94, 0x88, 0x82, 0x07, 0x04, 0x08, 0x08, 0x08, 0x78, 0x7f, 0x88, 0x82, 0x82, 0x78, 0x73, 0x02, 0x6c, 0x68, 0x6c, 0x6c, 0x02, 0x02, 0x6f, 0x6c, 0x68, 0x6c, 0x68, 0x6c, 0x02, 0x6f, 0x02, 0x02, 0x02, 0x74, 0x03, 0x05, 0x05, 0x05, 0x74, 0x05, 0x02, 0x02, 0x05, 0x09, 0x79, 0x09, 0x05, 0x7f, 0x7f, 0x09, 0x09, 0x7f, 0x0e, 0x0e, 0x7f, 0x0e, 0x09, 0x0d, 0x0e, 0x0e, 0x0e, 0x7f, 0x0e, 0x13, 0x13, 0x0e, 0x0e, 0x88, 0x8f, 0x1c, 0x1c, 0x1c, 0x1c, 0x1e, 0x1e, 0x21, 0x21, 0x21, 0x25, 0x28, 0x2c, 0x2c, 0xa9, 0xa9, 0xa9, 0x33, 0x33, 0x33, 0xa9, 0xa9, 0x35, 0x39, 0x3a, 0x3b, 0x3e, 0x3e, 0x3e, 0x3e, 0x3e, 0x3e, 0x3b, 0x3b, 0x3e, 0x3e, 0x46, 0x4a, 0x4a, 0x4c, 0xbf, 0xc0, 0xc0, 0x4a, 0xbc, 0xbc, 0x48, 0x41, 0x41, 0x3b, 0x3a, 0x3b, 0x3b, 0xb7, 0xb7, 0xb3, 0xb3, 0xb5, 0xb5, 0xb0, 0xb3, 0xb5, 0xb0, 0xb3, 0xb0, 0xb3, 0xb0, 0xb0, 0xaf, 0xb0, 0xb3, 0xb0, 0xb0, 0xb0, 0xaf, 0xaf, 0xaf, 0xaf, 0xaf, 0xaf, 0xaf, 0xa8, 0xa5, 0xa3, 0x9c, 0x9c, 0xa0, 0xa0, 0x9c, 0xa0, 0xa0, 0xa0, 0x9c, 0xa3, 0xa8, 0xa5, 0xa0, 0xa3, 0xa3, 0xa0, 0x9c, 0x9c, 0x9c, 0x9c, 0xa0, 0xa3, 0x9c, 0x99, 0x9c, 0x9c, 0x99, 0xa0, 0xa0, 0x97, 0x99, 0x99, 0x97, 0x93, 0x93, 0x91, 0x93, 0x91, 0x93, 0x97, 0x91, 0x91, 0x90, 0x7e, 0x8c, 0x93, 0x93, 0x89, 0x83, 0x83, 0x7e, 0x81, 0x86, 0x84, 0x83, 0x83, 0x90, 0x89, 0x83, 0x83, 0x89, 0x86, 0x89, 0x8c, 0x89, 0x83, 0x7e, 0x7e, 0x83, 0x86, 0x84, 0x89, 0x91, 0x99, 0x93, 0x91, 0x8b, 0x97, 0x97, 0x91, 0x8b, 0x90, 0x91, 0x97, 0x93, 0x8c, 0x89, 0x93, 0x99, 0x97, 0x93, 0x90, 0x89, 0x93, 0x93, 0x9c, 0x99, 0x93, 0x93, 0x91, 0x93, 0x97, 0x91, 0x91, 0x91, 0x90, 0x90, 0x91, 0x93, 0x99, 0x91, 0x99, 
  0xa0, 0xa3, 0xa0, 0xa0, 0xa0, 0xa3, 0xa0, 0xa5, 0xa3, 0x9c, 0xa3, 0xa0, 0xa3, 0xa0, 0xa3, 0x9c, 0x9c, 0xa0, 0xa0, 0xa3, 0xa0, 0xa3, 0xa3, 0xa3, 0xa0, 0xa3, 0xa3, 0xa3, 0xa3, 0xa3, 0xa0, 0xa0, 0xa0, 0xa0, 0xa0, 0xa3, 0xa5, 0xa0, 0xa0, 0xa0, 0xa0, 0xa0, 0xa3, 0xa0, 0x99, 0x99, 0x9c, 0x9c, 0x9c, 0xa0, 0xa3, 0x9c, 0xa0, 0xa0, 0x9c, 0x9c, 0x9c, 0x9c, 0x9c, 0xa0, 0xa0, 0x9c, 0x9c, 0x9c, 0xa0, 0x9c, 0x99, 0x99, 0x9c, 0x93, 0x99, 0x9c, 0x99, 0x99, 0x99, 0x93, 0x97, 0x99, 0x99, 0x93, 0x93, 0x99, 0x9c, 0x97, 0x99, 0x97, 0x99, 0xa0, 0xa0, 0x9c, 0x99, 0x99, 0x97, 0x97, 0x9c, 0x9c, 0x9c, 0x9c, 0x97, 0x99, 0x99, 0x9c, 0x9c, 0xa5, 0xa5, 0xa1, 0x1c, 0x88, 0x08, 0x07, 0x03, 0x04, 0x78, 0x82, 0x7d, 0x7d, 0x88, 0x12, 0x7d, 0x73, 0x6f, 0x68, 0x68, 0x6c, 0x6c, 0x68, 0x6c, 0x6f, 0x6c, 0x6c, 0x68, 0x68, 0x01, 0x6c, 0x6f, 0x6c, 0x6f, 0x02, 0x05, 0x02, 0x02, 0x02, 0x74, 0x05, 0x05, 0x05, 0x05, 0x05, 0x07, 0x7f, 0x7f, 0x09, 0x79, 0x09, 0x09, 0x79, 0x09, 0x09, 0x0d, 0x09, 0x09, 0x79, 0x09, 0x80, 0x0d, 0x09, 0x09, 0x7f, 0x0e, 0x7f, 0x09, 0x7f, 0x13, 0x88, 0x8d, 0x1c, 0x1c, 0x8f, 0x1c, 0x94, 0x1e, 0x9a, 0x21, 0x22, 0x25, 0x28, 0x2c, 0x2c, 0x2f, 0xa9, 0x2f, 0xa9, 0x2f, 0x2c, 0x2c, 0xa9, 0x33, 0x33, 0x35, 0x3a, 0x3b, 0x3b, 0x3b, 0x3e, 0x3e, 0x3b, 0x3a, 0x35, 0x39, 0x33, 0x35, 0x3b, 0x3b, 0x3b, 0x43, 0x46, 0x46, 0x43, 0x3b, 0x3a, 0x39, 0x35, 0x35, 0x35, 0x35, 0xae, 0xae, 0xb6, 0xb5, 0xb3, 0xb0, 0xb0, 0xb0, 0xb3, 0xb3, 0xb3, 0xb0, 0xb0, 0xb0, 0xaf, 0xb0, 0xb3, 0xaf, 0xb3, 0xaf, 0xb0, 0xb0, 0xb0, 0xaf, 0xd4, 0xd4, 0xaf, 0xaf, 0xaf, 0xaf, 0xa8, 0xa8, 0xa3, 0xa0, 0x9c, 0xa0, 0xa0, 0x9c, 0x9c, 0xa0, 0x9c, 0xa0, 0xa3, 0xa3, 0xa3, 0xa0, 0xa0, 0xa0, 0xa0, 0xa0, 0xa0, 0x9c, 0x9c, 0xa0, 0x9c, 0xa0, 0xa0, 0x9c, 0x99, 0x93, 0x9c, 0xa0, 0x93, 0x93, 0x99, 0x97, 0x93, 0x91, 0x91, 0x90, 0x8b, 0x91, 0x93, 0x89, 0x90, 0x93, 0x86, 0x8c, 0x93, 0x99, 0x90, 0x86, 0x83, 0x81, 0x83, 0x83, 0x89, 0x89, 0x83, 0x89, 0x8c, 0x83, 0x89, 0x89, 0x83, 0x83, 0x8c, 0x89, 0x89, 0x89, 0x83, 0x83, 0x89, 0x89, 0x83, 0x91, 0x91, 0x89, 0x91, 0x90, 0x8c, 0x90, 0x91, 0x89, 0x89, 0x91, 0x93, 0x93, 0x91, 0x91, 0x93, 0x93, 0x99, 0x93, 0x8c, 0x83, 0x99, 0x97, 0x99, 0x9c, 0x99, 0x97, 0x90, 0x97, 0x93, 0x89, 0x90, 0x91, 0x91, 0x90, 0x9c, 0x93, 0x9c, 0x8b, 0x91, 
};

const lv_img_dsc_t goof = {
  .header.cf = LV_IMG_CF_INDEXED_8BIT,
  .header.always_zero = 0,
  .header.reserved = 0,
  .header.w = 370,
  .header.h = 231,
  .data_size = 86494,
  .data = goof_map,
};
